id,jurisdiction,label,slot,verdict,basis,has_span,has_cite
0164bb37c17a9d085894,OMN,C4,addressee,covered,direct_textual,0,1
0164bb37c17a9d085894,OMN,C4,modality,covered,direct_textual,0,1
0164bb37c17a9d085894,OMN,C4,action,covered,direct_textual,0,1
0164bb37c17a9d085894,OMN,C4,scope,broader,direct_textual,0,1
0164bb37c17a9d085894,OMN,C4,condition,covered,absent,0,0
0164bb37c17a9d085894,OMN,C4,exception,uncovered,absent,0,0
0164bb37c17a9d085894,OMN,C4,temporal,covered,absent,0,0
0164bb37c17a9d085894,OMN,C4,consequence,covered,absent,0,0
b8882ada569e7edf1561,KSA,C3,addressee,broader,direct_textual,0,1
b8882ada569e7edf1561,KSA,C3,modality,weaker_modality,distributed,0,1
b8882ada569e7edf1561,KSA,C3,action,covered,direct_textual,0,1
b8882ada569e7edf1561,KSA,C3,scope,covered,direct_textual,0,1
b8882ada569e7edf1561,KSA,C3,condition,uncovered,absent,0,0
b8882ada569e7edf1561,KSA,C3,exception,covered,absent,0,0
b8882ada569e7edf1561,KSA,C3,temporal,covered,absent,0,0
b8882ada569e7edf1561,KSA,C3,consequence,covered,absent,0,0
f40836788d78d53535cf,BHR,C1,addressee,covered,direct_textual,1,1
f40836788d78d53535cf,BHR,C1,modality,covered,direct_textual,1,1
f40836788d78d53535cf,BHR,C1,action,covered,distributed,1,1
f40836788d78d53535cf,BHR,C1,scope,covered,conceptual,1,1
f40836788d78d53535cf,BHR,C1,condition,broader,distributed,0,1
f40836788d78d53535cf,BHR,C1,exception,covered,absent,0,0
f40836788d78d53535cf,BHR,C1,temporal,covered,absent,0,0
f40836788d78d53535cf,BHR,C1,consequence,covered,absent,0,0
dd5b36eca20502691102,KSA,C1,addressee,covered,direct_textual,0,1
dd5b36eca20502691102,KSA,C1,modality,covered,direct_textual,0,1
dd5b36eca20502691102,KSA,C1,action,covered,direct_textual,0,1
dd5b36eca20502691102,KSA,C1,scope,covered,conceptual,0,1
dd5b36eca20502691102,KSA,C1,condition,broader,conceptual,0,1
dd5b36eca20502691102,KSA,C1,exception,narrower,direct_textual,0,1
dd5b36eca20502691102,KSA,C1,temporal,covered,absent,0,0
dd5b36eca20502691102,KSA,C1,consequence,covered,absent,0,0
4cd74bd62a9a0561087f,UAE,C2,addressee,covered,direct_textual,0,1
4cd74bd62a9a0561087f,UAE,C2,modality,partial,direct_textual,0,1
4cd74bd62a9a0561087f,UAE,C2,action,partial,conceptual,0,1
4cd74bd62a9a0561087f,UAE,C2,scope,uncovered,absent,0,0
4cd74bd62a9a0561087f,UAE,C2,condition,uncovered,absent,0,0
4cd74bd62a9a0561087f,UAE,C2,exception,uncovered,absent,0,0
4cd74bd62a9a0561087f,UAE,C2,temporal,uncovered,absent,0,0
4cd74bd62a9a0561087f,UAE,C2,consequence,uncovered,absent,0,0
ec22633f3353815ee766,OMN,C2,addressee,covered,direct_textual,0,1
ec22633f3353815ee766,OMN,C2,modality,uncovered,absent,0,1
ec22633f3353815ee766,OMN,C2,action,uncovered,conceptual,0,1
ec22633f3353815ee766,OMN,C2,scope,uncovered,absent,0,1
ec22633f3353815ee766,OMN,C2,condition,covered,absent,0,0
ec22633f3353815ee766,OMN,C2,exception,covered,absent,0,0
ec22633f3353815ee766,OMN,C2,temporal,covered,absent,0,0
ec22633f3353815ee766,OMN,C2,consequence,covered,absent,0,0
5e7e89c6332bfced8bb1,OMN,C1,addressee,covered,direct_textual,0,1
5e7e89c6332bfced8bb1,OMN,C1,modality,covered,direct_textual,0,1
5e7e89c6332bfced8bb1,OMN,C1,action,covered,direct_textual,0,1
5e7e89c6332bfced8bb1,OMN,C1,scope,covered,direct_textual,0,1
5e7e89c6332bfced8bb1,OMN,C1,condition,broader,direct_textual,0,1
5e7e89c6332bfced8bb1,OMN,C1,exception,covered,absent,0,0
5e7e89c6332bfced8bb1,OMN,C1,temporal,covered,absent,0,0
5e7e89c6332bfced8bb1,OMN,C1,consequence,covered,absent,0,0
bab8d4d81f960934d218,UAE,C1,addressee,covered,direct_textual,1,1
bab8d4d81f960934d218,UAE,C1,modality,covered,direct_textual,1,1
bab8d4d81f960934d218,UAE,C1,action,covered,direct_textual,1,1
bab8d4d81f960934d218,UAE,C1,scope,covered,direct_textual,1,1
bab8d4d81f960934d218,UAE,C1,condition,covered,direct_textual,1,1
bab8d4d81f960934d218,UAE,C1,exception,covered,absent,0,0
bab8d4d81f960934d218,UAE,C1,temporal,covered,absent,0,0
bab8d4d81f960934d218,UAE,C1,consequence,covered,absent,0,0
2af1e2159e186df02a99,KSA,C2,addressee,covered,direct_textual,0,1
2af1e2159e186df02a99,KSA,C2,modality,covered,direct_textual,0,1
2af1e2159e186df02a99,KSA,C2,action,partial,distributed,0,1
2af1e2159e186df02a99,KSA,C2,scope,partial,conceptual,0,1
2af1e2159e186df02a99,KSA,C2,condition,partial,conceptual,0,1
2af1e2159e186df02a99,KSA,C2,exception,covered,absent,0,0
2af1e2159e186df02a99,KSA,C2,temporal,covered,absent,0,0
2af1e2159e186df02a99,KSA,C2,consequence,covered,absent,0,0
71ed8962f9f5633295d4,KWT,C2,addressee,covered,conceptual,0,1
71ed8962f9f5633295d4,KWT,C2,modality,covered,direct_textual,0,1
71ed8962f9f5633295d4,KWT,C2,action,partial,distributed,0,1
71ed8962f9f5633295d4,KWT,C2,scope,uncovered,absent,0,0
71ed8962f9f5633295d4,KWT,C2,condition,uncovered,absent,0,0
71ed8962f9f5633295d4,KWT,C2,exception,covered,absent,0,0
71ed8962f9f5633295d4,KWT,C2,temporal,narrower,direct_textual,0,1
71ed8962f9f5633295d4,KWT,C2,consequence,covered,absent,0,0
f58455685866afb3a4ce,BHR,C2,addressee,covered,direct_textual,0,1
f58455685866afb3a4ce,BHR,C2,modality,covered,direct_textual,0,1
f58455685866afb3a4ce,BHR,C2,action,partial,direct_textual,0,1
f58455685866afb3a4ce,BHR,C2,scope,partial,direct_textual,0,1
f58455685866afb3a4ce,BHR,C2,condition,partial,distributed,0,1
f58455685866afb3a4ce,BHR,C2,exception,uncovered,absent,0,1
f58455685866afb3a4ce,BHR,C2,temporal,broader,direct_textual,0,1
f58455685866afb3a4ce,BHR,C2,consequence,covered,absent,0,1
7358621cf3c78309b723,KSA,C2,addressee,covered,direct_textual,1,1
7358621cf3c78309b723,KSA,C2,modality,partial,conceptual,1,1
7358621cf3c78309b723,KSA,C2,action,partial,distributed,1,1
7358621cf3c78309b723,KSA,C2,scope,covered,absent,0,0
7358621cf3c78309b723,KSA,C2,condition,narrower,direct_textual,1,1
7358621cf3c78309b723,KSA,C2,exception,covered,absent,0,0
7358621cf3c78309b723,KSA,C2,temporal,covered,absent,0,0
7358621cf3c78309b723,KSA,C2,consequence,covered,absent,0,0
1832d1ba1bc25345006c,QAT,C4,addressee,uncovered,absent,0,0
1832d1ba1bc25345006c,QAT,C4,modality,covered,direct_textual,0,1
1832d1ba1bc25345006c,QAT,C4,action,partial,distributed,0,1
1832d1ba1bc25345006c,QAT,C4,scope,broader,direct_textual,0,1
1832d1ba1bc25345006c,QAT,C4,condition,partial,direct_textual,0,1
1832d1ba1bc25345006c,QAT,C4,exception,covered,absent,0,0
1832d1ba1bc25345006c,QAT,C4,temporal,covered,absent,0,0
1832d1ba1bc25345006c,QAT,C4,consequence,covered,absent,0,0
c5347556240bfaa8c678,BHR,C5,addressee,uncovered,absent,0,0
c5347556240bfaa8c678,BHR,C5,modality,uncovered,absent,0,0
c5347556240bfaa8c678,BHR,C5,action,uncovered,absent,0,0
c5347556240bfaa8c678,BHR,C5,scope,uncovered,absent,0,0
c5347556240bfaa8c678,BHR,C5,condition,uncovered,absent,0,0
c5347556240bfaa8c678,BHR,C5,exception,uncovered,absent,0,0
c5347556240bfaa8c678,BHR,C5,temporal,uncovered,absent,0,0
c5347556240bfaa8c678,BHR,C5,consequence,uncovered,absent,0,0
b9174359b22d64b8ae3e,UAE,C2,addressee,covered,direct_textual,0,1
b9174359b22d64b8ae3e,UAE,C2,modality,uncovered,absent,0,0
b9174359b22d64b8ae3e,UAE,C2,action,uncovered,absent,0,0
b9174359b22d64b8ae3e,UAE,C2,scope,uncovered,absent,0,0
b9174359b22d64b8ae3e,UAE,C2,condition,covered,absent,0,0
b9174359b22d64b8ae3e,UAE,C2,exception,partial,conceptual,0,1
b9174359b22d64b8ae3e,UAE,C2,temporal,covered,absent,0,0
b9174359b22d64b8ae3e,UAE,C2,consequence,covered,absent,0,0
f62a9a6046310d718053,UAE,C2,addressee,covered,direct_textual,1,1
f62a9a6046310d718053,UAE,C2,modality,uncovered,absent,0,0
f62a9a6046310d718053,UAE,C2,action,uncovered,absent,0,0
f62a9a6046310d718053,UAE,C2,scope,covered,direct_textual,1,1
f62a9a6046310d718053,UAE,C2,condition,uncovered,absent,0,0
f62a9a6046310d718053,UAE,C2,exception,covered,absent,0,0
f62a9a6046310d718053,UAE,C2,temporal,uncovered,direct_textual,1,1
f62a9a6046310d718053,UAE,C2,consequence,covered,absent,0,0
e8248200742063a6df00,KWT,C4,addressee,narrower,direct_textual,0,1
e8248200742063a6df00,KWT,C4,modality,covered,direct_textual,0,1
e8248200742063a6df00,KWT,C4,action,covered,distributed,0,1
e8248200742063a6df00,KWT,C4,scope,partial,distributed,0,1
e8248200742063a6df00,KWT,C4,condition,covered,absent,0,0
e8248200742063a6df00,KWT,C4,exception,narrower,direct_textual,0,1
e8248200742063a6df00,KWT,C4,temporal,broader,direct_textual,0,1
e8248200742063a6df00,KWT,C4,consequence,covered,absent,0,0
d8dba619806d432615f8,KWT,C4,addressee,covered,conceptual,0,1
d8dba619806d432615f8,KWT,C4,modality,covered,direct_textual,0,1
d8dba619806d432615f8,KWT,C4,action,partial,distributed,0,1
d8dba619806d432615f8,KWT,C4,scope,narrower,distributed,0,1
d8dba619806d432615f8,KWT,C4,condition,covered,absent,0,0
d8dba619806d432615f8,KWT,C4,exception,covered,absent,0,0
d8dba619806d432615f8,KWT,C4,temporal,narrower,direct_textual,0,1
d8dba619806d432615f8,KWT,C4,consequence,covered,absent,0,0
3d09fa140687123c79d6,OMN,C2,addressee,covered,direct_textual,0,1
3d09fa140687123c79d6,OMN,C2,modality,covered,direct_textual,0,1
3d09fa140687123c79d6,OMN,C2,action,covered,distributed,0,1
3d09fa140687123c79d6,OMN,C2,scope,covered,absent,0,0
3d09fa140687123c79d6,OMN,C2,condition,broader,direct_textual,0,1
3d09fa140687123c79d6,OMN,C2,exception,uncovered,absent,0,0
3d09fa140687123c79d6,OMN,C2,temporal,covered,direct_textual,0,1
3d09fa140687123c79d6,OMN,C2,consequence,covered,absent,0,0
ffcf721047741fa9d838,BHR,C2,addressee,covered,direct_textual,1,1
ffcf721047741fa9d838,BHR,C2,modality,covered,direct_textual,1,1
ffcf721047741fa9d838,BHR,C2,action,covered,distributed,1,1
ffcf721047741fa9d838,BHR,C2,scope,covered,direct_textual,1,1
ffcf721047741fa9d838,BHR,C2,condition,covered,direct_textual,1,1
ffcf721047741fa9d838,BHR,C2,exception,partial,direct_textual,1,1
ffcf721047741fa9d838,BHR,C2,temporal,broader,direct_textual,1,1
ffcf721047741fa9d838,BHR,C2,consequence,covered,absent,1,0
7fcba829a92b2ae5621e,OMN,C4,addressee,covered,direct_textual,1,1
7fcba829a92b2ae5621e,OMN,C4,modality,covered,direct_textual,1,1
7fcba829a92b2ae5621e,OMN,C4,action,covered,direct_textual,1,1
7fcba829a92b2ae5621e,OMN,C4,scope,broader,direct_textual,1,1
7fcba829a92b2ae5621e,OMN,C4,condition,broader,absent,0,0
7fcba829a92b2ae5621e,OMN,C4,exception,broader,absent,0,0
7fcba829a92b2ae5621e,OMN,C4,temporal,broader,direct_textual,1,1
7fcba829a92b2ae5621e,OMN,C4,consequence,covered,absent,0,0
ffedfa8f9833ea22d588,UAE,C4,addressee,covered,direct_textual,0,1
ffedfa8f9833ea22d588,UAE,C4,modality,covered,direct_textual,0,1
ffedfa8f9833ea22d588,UAE,C4,action,uncovered,absent,0,1
ffedfa8f9833ea22d588,UAE,C4,scope,broader,direct_textual,0,1
ffedfa8f9833ea22d588,UAE,C4,condition,broader,direct_textual,0,1
ffedfa8f9833ea22d588,UAE,C4,exception,partial,direct_textual,0,1
ffedfa8f9833ea22d588,UAE,C4,temporal,broader,direct_textual,0,1
ffedfa8f9833ea22d588,UAE,C4,consequence,covered,absent,0,0
9e106678371af78ed327,KWT,C2,addressee,covered,direct_textual,0,1
9e106678371af78ed327,KWT,C2,modality,covered,direct_textual,0,1
9e106678371af78ed327,KWT,C2,action,covered,direct_textual,0,1
9e106678371af78ed327,KWT,C2,scope,covered,distributed,0,1
9e106678371af78ed327,KWT,C2,condition,partial,conceptual,0,1
9e106678371af78ed327,KWT,C2,exception,covered,absent,0,1
9e106678371af78ed327,KWT,C2,temporal,covered,direct_textual,0,1
9e106678371af78ed327,KWT,C2,consequence,covered,absent,0,1
ad0502771aa42af4182f,OMN,C1,proposition,covered,direct_textual,1,1
ad0502771aa42af4182f,OMN,C1,addressee,covered,direct_textual,1,1
ad0502771aa42af4182f,OMN,C1,modality,covered,direct_textual,1,1
ad0502771aa42af4182f,OMN,C1,action,covered,direct_textual,1,1
ad0502771aa42af4182f,OMN,C1,scope,covered,direct_textual,1,1
ad0502771aa42af4182f,OMN,C1,condition,covered,direct_textual,1,1
ad0502771aa42af4182f,OMN,C1,exception,narrower,direct_textual,1,1
ad0502771aa42af4182f,OMN,C1,temporal,covered,absent,0,0
ad0502771aa42af4182f,OMN,C1,consequence,covered,absent,0,0
83886bed7439e2d5dc61,QAT,C4,addressee,covered,direct_textual,0,1
83886bed7439e2d5dc61,QAT,C4,modality,covered,distributed,0,1
83886bed7439e2d5dc61,QAT,C4,action,partial,distributed,0,1
83886bed7439e2d5dc61,QAT,C4,scope,broader,distributed,0,1
83886bed7439e2d5dc61,QAT,C4,condition,narrower,direct_textual,0,1
83886bed7439e2d5dc61,QAT,C4,exception,covered,absent,0,0
83886bed7439e2d5dc61,QAT,C4,temporal,uncovered,absent,0,0
83886bed7439e2d5dc61,QAT,C4,consequence,covered,absent,0,0
c8eb6f28eb062828ff5f,UAE,C1,addressee,covered,direct_textual,1,1
c8eb6f28eb062828ff5f,UAE,C1,modality,covered,direct_textual,1,1
c8eb6f28eb062828ff5f,UAE,C1,action,narrower,direct_textual,1,1
c8eb6f28eb062828ff5f,UAE,C1,scope,covered,direct_textual,1,1
c8eb6f28eb062828ff5f,UAE,C1,condition,covered,absent,0,0
c8eb6f28eb062828ff5f,UAE,C1,exception,covered,absent,0,0
c8eb6f28eb062828ff5f,UAE,C1,temporal,covered,direct_textual,1,1
c8eb6f28eb062828ff5f,UAE,C1,consequence,covered,absent,0,0
dc28c1b9186d139ac691,UAE,C1,addressee,covered,direct_textual,1,1
dc28c1b9186d139ac691,UAE,C1,modality,covered,direct_textual,1,1
dc28c1b9186d139ac691,UAE,C1,action,narrower,direct_textual,1,1
dc28c1b9186d139ac691,UAE,C1,scope,covered,direct_textual,1,1
dc28c1b9186d139ac691,UAE,C1,condition,broader,absent,0,0
dc28c1b9186d139ac691,UAE,C1,exception,covered,direct_textual,1,1
dc28c1b9186d139ac691,UAE,C1,temporal,broader,direct_textual,1,1
dc28c1b9186d139ac691,UAE,C1,consequence,covered,absent,0,0
6ae9f761e719f2865fc7,BHR,C5,addressee,uncovered,absent,0,0
6ae9f761e719f2865fc7,BHR,C5,modality,uncovered,absent,0,0
6ae9f761e719f2865fc7,BHR,C5,action,uncovered,absent,0,0
6ae9f761e719f2865fc7,BHR,C5,scope,uncovered,absent,0,0
6ae9f761e719f2865fc7,BHR,C5,condition,uncovered,absent,0,0
6ae9f761e719f2865fc7,BHR,C5,exception,uncovered,absent,0,0
6ae9f761e719f2865fc7,BHR,C5,temporal,uncovered,absent,0,0
6ae9f761e719f2865fc7,BHR,C5,consequence,uncovered,absent,0,0
53e735a3521035ba2375,KSA,C2,addressee,covered,direct_textual,0,1
53e735a3521035ba2375,KSA,C2,modality,covered,direct_textual,0,1
53e735a3521035ba2375,KSA,C2,action,uncovered,absent,0,0
53e735a3521035ba2375,KSA,C2,scope,partial,direct_textual,0,1
53e735a3521035ba2375,KSA,C2,condition,uncovered,absent,0,0
53e735a3521035ba2375,KSA,C2,exception,covered,absent,0,0
53e735a3521035ba2375,KSA,C2,temporal,covered,absent,0,0
53e735a3521035ba2375,KSA,C2,consequence,covered,absent,0,0
73686e2a98f46f56ff84,KWT,C5,addressee,uncovered,absent,0,0
73686e2a98f46f56ff84,KWT,C5,modality,uncovered,absent,0,0
73686e2a98f46f56ff84,KWT,C5,action,uncovered,absent,0,0
73686e2a98f46f56ff84,KWT,C5,scope,uncovered,absent,0,0
73686e2a98f46f56ff84,KWT,C5,condition,uncovered,absent,0,0
73686e2a98f46f56ff84,KWT,C5,exception,uncovered,absent,0,0
73686e2a98f46f56ff84,KWT,C5,temporal,uncovered,absent,0,0
73686e2a98f46f56ff84,KWT,C5,consequence,uncovered,absent,0,0
aef679d71ef5d90d0b5e,QAT,C2,addressee,covered,direct_textual,0,1
aef679d71ef5d90d0b5e,QAT,C2,modality,covered,direct_textual,0,1
aef679d71ef5d90d0b5e,QAT,C2,action,uncovered,distributed,0,1
aef679d71ef5d90d0b5e,QAT,C2,scope,uncovered,absent,0,0
aef679d71ef5d90d0b5e,QAT,C2,condition,uncovered,absent,0,0
aef679d71ef5d90d0b5e,QAT,C2,exception,covered,absent,0,0
aef679d71ef5d90d0b5e,QAT,C2,temporal,covered,absent,0,0
aef679d71ef5d90d0b5e,QAT,C2,consequence,covered,absent,0,0
ff77af38b58a4a7716e9,UAE,C1,addressee,covered,direct_textual,0,1
ff77af38b58a4a7716e9,UAE,C1,modality,covered,direct_textual,0,1
ff77af38b58a4a7716e9,UAE,C1,action,broader,direct_textual,0,1
ff77af38b58a4a7716e9,UAE,C1,scope,covered,direct_textual,0,1
ff77af38b58a4a7716e9,UAE,C1,condition,covered,direct_textual,0,1
ff77af38b58a4a7716e9,UAE,C1,exception,narrower,direct_textual,0,1
ff77af38b58a4a7716e9,UAE,C1,temporal,covered,direct_textual,0,1
ff77af38b58a4a7716e9,UAE,C1,consequence,covered,absent,0,0
9a27240a9382c88a87c5,KSA,C2,addressee,covered,direct_textual,1,1
9a27240a9382c88a87c5,KSA,C2,modality,covered,direct_textual,1,1
9a27240a9382c88a87c5,KSA,C2,action,uncovered,absent,1,1
9a27240a9382c88a87c5,KSA,C2,scope,covered,direct_textual,1,1
9a27240a9382c88a87c5,KSA,C2,condition,uncovered,absent,1,1
9a27240a9382c88a87c5,KSA,C2,exception,uncovered,absent,1,1
9a27240a9382c88a87c5,KSA,C2,temporal,uncovered,absent,1,1
9a27240a9382c88a87c5,KSA,C2,consequence,uncovered,absent,1,1
92efb845ccb99e8753b5,KWT,C1,addressee,covered,direct_textual,0,1
92efb845ccb99e8753b5,KWT,C1,modality,covered,distributed,0,1
92efb845ccb99e8753b5,KWT,C1,action,covered,direct_textual,0,1
92efb845ccb99e8753b5,KWT,C1,scope,covered,direct_textual,0,1
92efb845ccb99e8753b5,KWT,C1,condition,broader,absent,0,1
92efb845ccb99e8753b5,KWT,C1,exception,covered,absent,0,0
92efb845ccb99e8753b5,KWT,C1,temporal,covered,absent,0,0
92efb845ccb99e8753b5,KWT,C1,consequence,covered,absent,0,0
71f663099373349d800b,BHR,C3,addressee,covered,direct_textual,0,1
71f663099373349d800b,BHR,C3,modality,weaker_modality,direct_textual,0,1
71f663099373349d800b,BHR,C3,action,covered,distributed,0,1
71f663099373349d800b,BHR,C3,scope,covered,direct_textual,0,1
71f663099373349d800b,BHR,C3,condition,narrower,distributed,0,1
71f663099373349d800b,BHR,C3,exception,narrower,distributed,0,1
71f663099373349d800b,BHR,C3,temporal,uncovered,absent,0,0
71f663099373349d800b,BHR,C3,consequence,broader,direct_textual,0,1
7344b9d17c6e2ab1a22a,UAE,C2,addressee,covered,direct_textual,0,1
7344b9d17c6e2ab1a22a,UAE,C2,modality,covered,direct_textual,0,1
7344b9d17c6e2ab1a22a,UAE,C2,action,covered,direct_textual,0,1
7344b9d17c6e2ab1a22a,UAE,C2,scope,covered,direct_textual,0,1
7344b9d17c6e2ab1a22a,UAE,C2,condition,narrower,direct_textual,0,1
7344b9d17c6e2ab1a22a,UAE,C2,exception,narrower,direct_textual,0,1
7344b9d17c6e2ab1a22a,UAE,C2,temporal,uncovered,absent,0,0
7344b9d17c6e2ab1a22a,UAE,C2,consequence,covered,absent,0,0
27007d2641d3200710c8,QAT,C2,addressee,covered,direct_textual,0,1
27007d2641d3200710c8,QAT,C2,modality,covered,direct_textual,0,1
27007d2641d3200710c8,QAT,C2,action,partial,direct_textual,0,1
27007d2641d3200710c8,QAT,C2,scope,partial,direct_textual,0,1
27007d2641d3200710c8,QAT,C2,condition,broader,direct_textual,0,1
27007d2641d3200710c8,QAT,C2,exception,uncovered,absent,0,0
27007d2641d3200710c8,QAT,C2,temporal,covered,direct_textual,0,1
27007d2641d3200710c8,QAT,C2,consequence,covered,absent,0,0
b9a947df9153bceba660,KSA,C2,addressee,covered,direct_textual,1,1
b9a947df9153bceba660,KSA,C2,modality,covered,direct_textual,1,1
b9a947df9153bceba660,KSA,C2,action,partial,conceptual,1,1
b9a947df9153bceba660,KSA,C2,scope,uncovered,absent,0,0
b9a947df9153bceba660,KSA,C2,condition,uncovered,absent,0,0
b9a947df9153bceba660,KSA,C2,exception,partial,direct_textual,1,1
b9a947df9153bceba660,KSA,C2,temporal,broader,direct_textual,1,1
b9a947df9153bceba660,KSA,C2,consequence,covered,absent,0,0
1191e2aa1011b61c9c75,QAT,C2,addressee,covered,direct_textual,0,1
1191e2aa1011b61c9c75,QAT,C2,modality,covered,direct_textual,0,1
1191e2aa1011b61c9c75,QAT,C2,action,uncovered,absent,0,1
1191e2aa1011b61c9c75,QAT,C2,scope,uncovered,absent,0,1
1191e2aa1011b61c9c75,QAT,C2,condition,uncovered,absent,0,1
1191e2aa1011b61c9c75,QAT,C2,exception,partial,distributed,0,1
1191e2aa1011b61c9c75,QAT,C2,temporal,covered,absent,0,1
1191e2aa1011b61c9c75,QAT,C2,consequence,covered,absent,0,1
a30e6f210019c70ac23d,BHR,C4,addressee,covered,direct_textual,0,1
a30e6f210019c70ac23d,BHR,C4,modality,covered,direct_textual,0,1
a30e6f210019c70ac23d,BHR,C4,action,covered,direct_textual,0,1
a30e6f210019c70ac23d,BHR,C4,scope,narrower,distributed,0,1
a30e6f210019c70ac23d,BHR,C4,condition,broader,direct_textual,0,1
a30e6f210019c70ac23d,BHR,C4,exception,covered,absent,0,1
a30e6f210019c70ac23d,BHR,C4,temporal,uncovered,absent,0,1
a30e6f210019c70ac23d,BHR,C4,consequence,covered,absent,0,1
f99d1d893d8aee86cd3f,QAT,C2,addressee,uncovered,distributed,0,1
f99d1d893d8aee86cd3f,QAT,C2,modality,covered,direct_textual,0,1
f99d1d893d8aee86cd3f,QAT,C2,action,covered,distributed,0,1
f99d1d893d8aee86cd3f,QAT,C2,scope,covered,direct_textual,0,1
f99d1d893d8aee86cd3f,QAT,C2,condition,partial,distributed,0,1
f99d1d893d8aee86cd3f,QAT,C2,exception,covered,absent,0,0
f99d1d893d8aee86cd3f,QAT,C2,temporal,covered,absent,0,0
f99d1d893d8aee86cd3f,QAT,C2,consequence,covered,absent,0,0
078fc76bfa3d03bf8caa,QAT,C1,addressee,covered,direct_textual,0,1
078fc76bfa3d03bf8caa,QAT,C1,modality,covered,direct_textual,0,1
078fc76bfa3d03bf8caa,QAT,C1,action,covered,direct_textual,0,1
078fc76bfa3d03bf8caa,QAT,C1,scope,covered,distributed,0,1
078fc76bfa3d03bf8caa,QAT,C1,condition,broader,distributed,0,1
078fc76bfa3d03bf8caa,QAT,C1,exception,covered,absent,0,0
078fc76bfa3d03bf8caa,QAT,C1,temporal,covered,absent,0,0
078fc76bfa3d03bf8caa,QAT,C1,consequence,covered,absent,0,0
fc7737e3be00b70eb881,KWT,C1,addressee,covered,conceptual,1,1
fc7737e3be00b70eb881,KWT,C1,modality,covered,direct_textual,1,1
fc7737e3be00b70eb881,KWT,C1,action,covered,direct_textual,1,1
fc7737e3be00b70eb881,KWT,C1,scope,covered,distributed,1,1
fc7737e3be00b70eb881,KWT,C1,condition,broader,absent,1,1
fc7737e3be00b70eb881,KWT,C1,exception,covered,absent,0,0
fc7737e3be00b70eb881,KWT,C1,temporal,covered,absent,0,0
fc7737e3be00b70eb881,KWT,C1,consequence,covered,absent,1,0
498bdefe2c6f491e41e2,OMN,C1,addressee,covered,direct_textual,1,1
498bdefe2c6f491e41e2,OMN,C1,modality,covered,direct_textual,1,1
498bdefe2c6f491e41e2,OMN,C1,action,covered,distributed,1,1
498bdefe2c6f491e41e2,OMN,C1,scope,covered,conceptual,1,1
498bdefe2c6f491e41e2,OMN,C1,condition,broader,absent,0,0
498bdefe2c6f491e41e2,OMN,C1,exception,covered,absent,0,0
498bdefe2c6f491e41e2,OMN,C1,temporal,broader,direct_textual,1,1
498bdefe2c6f491e41e2,OMN,C1,consequence,covered,absent,0,0
6a7b9ba99dd154ef3e01,UAE,C2,addressee,covered,direct_textual,1,1
6a7b9ba99dd154ef3e01,UAE,C2,modality,covered,direct_textual,1,1
6a7b9ba99dd154ef3e01,UAE,C2,action,partial,conceptual,1,1
6a7b9ba99dd154ef3e01,UAE,C2,scope,covered,direct_textual,1,1
6a7b9ba99dd154ef3e01,UAE,C2,condition,covered,distributed,1,1
6a7b9ba99dd154ef3e01,UAE,C2,exception,covered,absent,0,0
6a7b9ba99dd154ef3e01,UAE,C2,temporal,covered,absent,0,0
6a7b9ba99dd154ef3e01,UAE,C2,consequence,covered,absent,0,0
85b6e6596f63ea5ae9d0,QAT,C1,addressee,covered,direct_textual,0,1
85b6e6596f63ea5ae9d0,QAT,C1,modality,covered,direct_textual,0,1
85b6e6596f63ea5ae9d0,QAT,C1,action,covered,distributed,0,1
85b6e6596f63ea5ae9d0,QAT,C1,scope,covered,distributed,0,1
85b6e6596f63ea5ae9d0,QAT,C1,condition,covered,distributed,0,1
85b6e6596f63ea5ae9d0,QAT,C1,exception,covered,absent,0,0
85b6e6596f63ea5ae9d0,QAT,C1,temporal,covered,direct_textual,0,1
85b6e6596f63ea5ae9d0,QAT,C1,consequence,covered,absent,0,0
5894bff56ccbb0643588,KSA,C5,addressee,uncovered,absent,0,0
5894bff56ccbb0643588,KSA,C5,modality,uncovered,absent,0,0
5894bff56ccbb0643588,KSA,C5,action,uncovered,absent,0,0
5894bff56ccbb0643588,KSA,C5,scope,uncovered,absent,0,0
5894bff56ccbb0643588,KSA,C5,condition,uncovered,absent,0,0
5894bff56ccbb0643588,KSA,C5,exception,uncovered,absent,0,0
5894bff56ccbb0643588,KSA,C5,temporal,uncovered,absent,0,0
5894bff56ccbb0643588,KSA,C5,consequence,uncovered,absent,0,0
7171b05c4a6337fc55de,KWT,C5,addressee,uncovered,direct_textual,0,1
7171b05c4a6337fc55de,KWT,C5,modality,uncovered,absent,0,0
7171b05c4a6337fc55de,KWT,C5,action,uncovered,absent,0,0
7171b05c4a6337fc55de,KWT,C5,scope,uncovered,absent,0,0
7171b05c4a6337fc55de,KWT,C5,condition,uncovered,absent,0,0
7171b05c4a6337fc55de,KWT,C5,exception,uncovered,absent,0,0
7171b05c4a6337fc55de,KWT,C5,temporal,uncovered,absent,0,0
7171b05c4a6337fc55de,KWT,C5,consequence,uncovered,absent,0,0
2f3b3fd2fee14fdd34f3,KSA,C4,addressee,narrower,direct_textual,0,1
2f3b3fd2fee14fdd34f3,KSA,C4,modality,covered,distributed,0,1
2f3b3fd2fee14fdd34f3,KSA,C4,action,partial,distributed,0,1
2f3b3fd2fee14fdd34f3,KSA,C4,scope,narrower,direct_textual,0,1
2f3b3fd2fee14fdd34f3,KSA,C4,condition,partial,direct_textual,0,1
2f3b3fd2fee14fdd34f3,KSA,C4,exception,covered,absent,0,0
2f3b3fd2fee14fdd34f3,KSA,C4,temporal,covered,absent,0,0
2f3b3fd2fee14fdd34f3,KSA,C4,consequence,covered,absent,0,0
6c4a1dac3bb439ba73e3,KWT,C4,addressee,broader,direct_textual,0,1
6c4a1dac3bb439ba73e3,KWT,C4,modality,covered,direct_textual,0,1
6c4a1dac3bb439ba73e3,KWT,C4,action,uncovered,direct_textual,0,1
6c4a1dac3bb439ba73e3,KWT,C4,scope,narrower,direct_textual,0,1
6c4a1dac3bb439ba73e3,KWT,C4,condition,uncovered,absent,0,0
6c4a1dac3bb439ba73e3,KWT,C4,exception,covered,absent,0,0
6c4a1dac3bb439ba73e3,KWT,C4,temporal,narrower,direct_textual,0,1
6c4a1dac3bb439ba73e3,KWT,C4,consequence,covered,absent,0,0
c0bf2392b5a4bb0f36d6,UAE,C2,addressee,covered,direct_textual,0,1
c0bf2392b5a4bb0f36d6,UAE,C2,modality,covered,direct_textual,0,1
c0bf2392b5a4bb0f36d6,UAE,C2,action,partial,direct_textual,0,1
c0bf2392b5a4bb0f36d6,UAE,C2,scope,covered,direct_textual,0,1
c0bf2392b5a4bb0f36d6,UAE,C2,condition,covered,conceptual,0,1
c0bf2392b5a4bb0f36d6,UAE,C2,exception,covered,absent,0,0
c0bf2392b5a4bb0f36d6,UAE,C2,temporal,covered,absent,0,0
c0bf2392b5a4bb0f36d6,UAE,C2,consequence,covered,absent,0,0
da8bff6d3cd32d74e529,OMN,C1,addressee,covered,direct_textual,0,1
da8bff6d3cd32d74e529,OMN,C1,modality,covered,direct_textual,0,1
da8bff6d3cd32d74e529,OMN,C1,action,covered,distributed,0,1
da8bff6d3cd32d74e529,OMN,C1,scope,covered,conceptual,0,1
da8bff6d3cd32d74e529,OMN,C1,condition,covered,absent,0,0
da8bff6d3cd32d74e529,OMN,C1,exception,broader,absent,0,1
da8bff6d3cd32d74e529,OMN,C1,temporal,broader,direct_textual,0,1
da8bff6d3cd32d74e529,OMN,C1,consequence,covered,absent,0,0
c00cb77fa922acb343fe,BHR,C2,addressee,uncovered,absent,0,0
c00cb77fa922acb343fe,BHR,C2,modality,uncovered,absent,0,0
c00cb77fa922acb343fe,BHR,C2,action,uncovered,absent,0,0
c00cb77fa922acb343fe,BHR,C2,scope,uncovered,absent,0,0
c00cb77fa922acb343fe,BHR,C2,condition,covered,direct_textual,1,1
c00cb77fa922acb343fe,BHR,C2,exception,covered,absent,0,0
c00cb77fa922acb343fe,BHR,C2,temporal,covered,absent,0,0
c00cb77fa922acb343fe,BHR,C2,consequence,covered,absent,0,0
aabaefc1300fca8221ca,KSA,C2,addressee,covered,direct_textual,1,1
aabaefc1300fca8221ca,KSA,C2,modality,covered,direct_textual,1,1
aabaefc1300fca8221ca,KSA,C2,action,uncovered,absent,1,1
aabaefc1300fca8221ca,KSA,C2,scope,covered,direct_textual,1,1
aabaefc1300fca8221ca,KSA,C2,condition,uncovered,absent,1,0
aabaefc1300fca8221ca,KSA,C2,exception,covered,absent,1,0
aabaefc1300fca8221ca,KSA,C2,temporal,covered,direct_textual,1,1
aabaefc1300fca8221ca,KSA,C2,consequence,covered,absent,1,0
f03ce2dffc03683e82cc,QAT,C2,addressee,covered,direct_textual,1,1
f03ce2dffc03683e82cc,QAT,C2,modality,uncovered,absent,0,0
f03ce2dffc03683e82cc,QAT,C2,action,uncovered,absent,0,0
f03ce2dffc03683e82cc,QAT,C2,scope,uncovered,absent,0,0
f03ce2dffc03683e82cc,QAT,C2,condition,covered,direct_textual,1,1
f03ce2dffc03683e82cc,QAT,C2,exception,covered,absent,0,0
f03ce2dffc03683e82cc,QAT,C2,temporal,covered,absent,0,0
f03ce2dffc03683e82cc,QAT,C2,consequence,covered,absent,0,0
dfa105d6c4baa578e0d0,KSA,C4,addressee,covered,direct_textual,1,1
dfa105d6c4baa578e0d0,KSA,C4,modality,covered,direct_textual,1,1
dfa105d6c4baa578e0d0,KSA,C4,action,partial,distributed,1,1
dfa105d6c4baa578e0d0,KSA,C4,scope,narrower,direct_textual,1,1
dfa105d6c4baa578e0d0,KSA,C4,condition,uncovered,absent,1,1
dfa105d6c4baa578e0d0,KSA,C4,exception,covered,absent,0,0
dfa105d6c4baa578e0d0,KSA,C4,temporal,covered,conceptual,1,1
dfa105d6c4baa578e0d0,KSA,C4,consequence,covered,absent,0,0
c43dcdce27eb4f9ac783,KWT,C2,addressee,covered,conceptual,0,1
c43dcdce27eb4f9ac783,KWT,C2,modality,covered,direct_textual,0,1
c43dcdce27eb4f9ac783,KWT,C2,action,uncovered,absent,0,1
c43dcdce27eb4f9ac783,KWT,C2,scope,covered,direct_textual,0,1
c43dcdce27eb4f9ac783,KWT,C2,condition,partial,conceptual,0,1
c43dcdce27eb4f9ac783,KWT,C2,exception,covered,absent,0,0
c43dcdce27eb4f9ac783,KWT,C2,temporal,covered,absent,0,0
c43dcdce27eb4f9ac783,KWT,C2,consequence,covered,absent,0,0
1ea291fb67e4cecab1f3,QAT,C2,addressee,covered,direct_textual,0,1
1ea291fb67e4cecab1f3,QAT,C2,modality,covered,direct_textual,0,1
1ea291fb67e4cecab1f3,QAT,C2,action,covered,direct_textual,0,1
1ea291fb67e4cecab1f3,QAT,C2,scope,covered,conceptual,0,1
1ea291fb67e4cecab1f3,QAT,C2,condition,narrower,direct_textual,0,1
1ea291fb67e4cecab1f3,QAT,C2,exception,narrower,direct_textual,0,1
1ea291fb67e4cecab1f3,QAT,C2,temporal,uncovered,absent,0,1
1ea291fb67e4cecab1f3,QAT,C2,consequence,covered,absent,0,1
91b91d53c6b1e4347543,BHR,C1,addressee,covered,direct_textual,0,1
91b91d53c6b1e4347543,BHR,C1,modality,covered,direct_textual,0,1
91b91d53c6b1e4347543,BHR,C1,action,covered,direct_textual,0,1
91b91d53c6b1e4347543,BHR,C1,scope,covered,direct_textual,0,1
91b91d53c6b1e4347543,BHR,C1,condition,broader,direct_textual,0,1
91b91d53c6b1e4347543,BHR,C1,exception,covered,direct_textual,0,1
91b91d53c6b1e4347543,BHR,C1,temporal,covered,direct_textual,0,1
91b91d53c6b1e4347543,BHR,C1,consequence,covered,absent,0,0
44ddcd220cdf82b79895,KWT,C2,addressee,covered,conceptual,1,1
44ddcd220cdf82b79895,KWT,C2,modality,covered,direct_textual,1,1
44ddcd220cdf82b79895,KWT,C2,action,uncovered,absent,1,0
44ddcd220cdf82b79895,KWT,C2,scope,covered,direct_textual,1,1
44ddcd220cdf82b79895,KWT,C2,condition,uncovered,absent,1,0
44ddcd220cdf82b79895,KWT,C2,exception,covered,absent,1,0
44ddcd220cdf82b79895,KWT,C2,temporal,uncovered,absent,1,0
44ddcd220cdf82b79895,KWT,C2,consequence,covered,absent,1,0
003d051444ccbf160185,OMN,C2,addressee,covered,direct_textual,1,1
003d051444ccbf160185,OMN,C2,modality,covered,direct_textual,1,1
003d051444ccbf160185,OMN,C2,action,covered,direct_textual,1,1
003d051444ccbf160185,OMN,C2,scope,covered,distributed,1,1
003d051444ccbf160185,OMN,C2,condition,broader,distributed,1,1
003d051444ccbf160185,OMN,C2,exception,uncovered,absent,1,0
003d051444ccbf160185,OMN,C2,temporal,uncovered,absent,1,0
003d051444ccbf160185,OMN,C2,consequence,covered,absent,1,0
2455a25f58bc31dbae6f,KSA,C2,addressee,covered,direct_textual,0,1
2455a25f58bc31dbae6f,KSA,C2,modality,covered,direct_textual,0,1
2455a25f58bc31dbae6f,KSA,C2,action,uncovered,absent,0,1
2455a25f58bc31dbae6f,KSA,C2,scope,uncovered,absent,0,1
2455a25f58bc31dbae6f,KSA,C2,condition,covered,direct_textual,0,1
2455a25f58bc31dbae6f,KSA,C2,exception,covered,absent,0,0
2455a25f58bc31dbae6f,KSA,C2,temporal,covered,absent,0,0
2455a25f58bc31dbae6f,KSA,C2,consequence,covered,absent,0,0
24bbf45e5c4f19d9e694,KSA,C3,addressee,covered,direct_textual,1,1
24bbf45e5c4f19d9e694,KSA,C3,modality,weaker_modality,direct_textual,1,1
24bbf45e5c4f19d9e694,KSA,C3,action,broader,conceptual,1,1
24bbf45e5c4f19d9e694,KSA,C3,scope,uncovered,absent,0,0
24bbf45e5c4f19d9e694,KSA,C3,condition,narrower,direct_textual,1,1
24bbf45e5c4f19d9e694,KSA,C3,exception,covered,absent,0,0
24bbf45e5c4f19d9e694,KSA,C3,temporal,covered,absent,0,0
24bbf45e5c4f19d9e694,KSA,C3,consequence,covered,absent,0,0
a0c811d2fbc947e3b732,BHR,C3,addressee,covered,direct_textual,0,1
a0c811d2fbc947e3b732,BHR,C3,modality,weaker_modality,direct_textual,0,1
a0c811d2fbc947e3b732,BHR,C3,action,partial,direct_textual,0,1
a0c811d2fbc947e3b732,BHR,C3,scope,uncovered,absent,0,0
a0c811d2fbc947e3b732,BHR,C3,condition,covered,absent,0,0
a0c811d2fbc947e3b732,BHR,C3,exception,covered,absent,0,0
a0c811d2fbc947e3b732,BHR,C3,temporal,covered,absent,0,0
a0c811d2fbc947e3b732,BHR,C3,consequence,covered,absent,0,0
6599058ac8134caf4d32,QAT,C3,addressee,covered,conceptual,0,1
6599058ac8134caf4d32,QAT,C3,modality,weaker_modality,direct_textual,0,1
6599058ac8134caf4d32,QAT,C3,action,uncovered,direct_textual,0,1
6599058ac8134caf4d32,QAT,C3,scope,uncovered,absent,0,0
6599058ac8134caf4d32,QAT,C3,condition,uncovered,absent,0,0
6599058ac8134caf4d32,QAT,C3,exception,covered,absent,0,0
6599058ac8134caf4d32,QAT,C3,temporal,covered,absent,0,0
6599058ac8134caf4d32,QAT,C3,consequence,covered,absent,0,0
c858044e005632f9e09a,UAE,C2,addressee,covered,direct_textual,1,1
c858044e005632f9e09a,UAE,C2,modality,covered,direct_textual,1,1
c858044e005632f9e09a,UAE,C2,action,covered,direct_textual,1,1
c858044e005632f9e09a,UAE,C2,scope,covered,absent,1,0
c858044e005632f9e09a,UAE,C2,condition,partial,direct_textual,1,1
c858044e005632f9e09a,UAE,C2,exception,broader,distributed,1,1
c858044e005632f9e09a,UAE,C2,temporal,covered,absent,1,0
c858044e005632f9e09a,UAE,C2,consequence,covered,absent,1,0
b38d3ccbaf59ec8779b1,KSA,C2,addressee,uncovered,direct_textual,0,1
b38d3ccbaf59ec8779b1,KSA,C2,modality,uncovered,direct_textual,0,1
b38d3ccbaf59ec8779b1,KSA,C2,action,narrower,direct_textual,0,1
b38d3ccbaf59ec8779b1,KSA,C2,scope,covered,absent,0,0
b38d3ccbaf59ec8779b1,KSA,C2,condition,uncovered,direct_textual,0,1
b38d3ccbaf59ec8779b1,KSA,C2,exception,covered,absent,0,0
b38d3ccbaf59ec8779b1,KSA,C2,temporal,covered,absent,0,0
b38d3ccbaf59ec8779b1,KSA,C2,consequence,covered,absent,0,0
0d795a7e224c033e1f7d,KSA,C4,addressee,covered,direct_textual,0,1
0d795a7e224c033e1f7d,KSA,C4,modality,uncovered,absent,0,0
0d795a7e224c033e1f7d,KSA,C4,action,uncovered,absent,0,0
0d795a7e224c033e1f7d,KSA,C4,scope,narrower,distributed,0,1
0d795a7e224c033e1f7d,KSA,C4,condition,covered,absent,0,0
0d795a7e224c033e1f7d,KSA,C4,exception,covered,absent,0,0
0d795a7e224c033e1f7d,KSA,C4,temporal,uncovered,absent,0,0
0d795a7e224c033e1f7d,KSA,C4,consequence,covered,absent,0,0
5e0b30ada4fbc2ca23e0,OMN,C2,addressee,covered,direct_textual,0,1
5e0b30ada4fbc2ca23e0,OMN,C2,modality,covered,direct_textual,0,1
5e0b30ada4fbc2ca23e0,OMN,C2,action,partial,distributed,0,1
5e0b30ada4fbc2ca23e0,OMN,C2,scope,covered,direct_textual,0,1
5e0b30ada4fbc2ca23e0,OMN,C2,condition,covered,absent,0,0
5e0b30ada4fbc2ca23e0,OMN,C2,exception,covered,absent,0,0
5e0b30ada4fbc2ca23e0,OMN,C2,temporal,uncovered,conceptual,0,1
5e0b30ada4fbc2ca23e0,OMN,C2,consequence,covered,absent,0,0
bba0b840d3edaeeb018a,UAE,C4,addressee,broader,direct_textual,1,1
bba0b840d3edaeeb018a,UAE,C4,modality,covered,direct_textual,1,1
bba0b840d3edaeeb018a,UAE,C4,action,covered,direct_textual,1,1
bba0b840d3edaeeb018a,UAE,C4,scope,covered,distributed,1,1
bba0b840d3edaeeb018a,UAE,C4,condition,covered,absent,1,1
bba0b840d3edaeeb018a,UAE,C4,exception,covered,absent,1,1
bba0b840d3edaeeb018a,UAE,C4,temporal,covered,absent,1,1
bba0b840d3edaeeb018a,UAE,C4,consequence,covered,absent,1,1
952e90a454e44e21eb89,KWT,C2,addressee,uncovered,direct_textual,0,1
952e90a454e44e21eb89,KWT,C2,modality,covered,direct_textual,0,1
952e90a454e44e21eb89,KWT,C2,action,partial,direct_textual,0,1
952e90a454e44e21eb89,KWT,C2,scope,partial,distributed,0,1
952e90a454e44e21eb89,KWT,C2,condition,covered,absent,0,0
952e90a454e44e21eb89,KWT,C2,exception,covered,absent,0,0
952e90a454e44e21eb89,KWT,C2,temporal,covered,absent,0,0
952e90a454e44e21eb89,KWT,C2,consequence,covered,absent,0,0
d198ede23da72ffa5e53,QAT,C4,addressee,uncovered,direct_textual,0,1
d198ede23da72ffa5e53,QAT,C4,modality,covered,direct_textual,0,1
d198ede23da72ffa5e53,QAT,C4,action,partial,conceptual,0,1
d198ede23da72ffa5e53,QAT,C4,scope,narrower,direct_textual,0,1
d198ede23da72ffa5e53,QAT,C4,condition,covered,absent,0,0
d198ede23da72ffa5e53,QAT,C4,exception,covered,absent,0,0
d198ede23da72ffa5e53,QAT,C4,temporal,covered,absent,0,0
d198ede23da72ffa5e53,QAT,C4,consequence,covered,absent,0,0
1a351fb77eb0ce485158,KWT,C4,addressee,uncovered,distributed,0,1
1a351fb77eb0ce485158,KWT,C4,modality,covered,direct_textual,0,1
1a351fb77eb0ce485158,KWT,C4,action,covered,distributed,0,1
1a351fb77eb0ce485158,KWT,C4,scope,narrower,distributed,0,1
1a351fb77eb0ce485158,KWT,C4,condition,covered,absent,0,0
1a351fb77eb0ce485158,KWT,C4,exception,covered,absent,0,0
1a351fb77eb0ce485158,KWT,C4,temporal,covered,absent,0,0
1a351fb77eb0ce485158,KWT,C4,consequence,broader,direct_textual,0,1
4eb5dc588a5f0d85f9a1,UAE,C4,addressee,covered,direct_textual,0,1
4eb5dc588a5f0d85f9a1,UAE,C4,modality,covered,direct_textual,0,1
4eb5dc588a5f0d85f9a1,UAE,C4,action,covered,direct_textual,0,1
4eb5dc588a5f0d85f9a1,UAE,C4,scope,narrower,direct_textual,0,1
4eb5dc588a5f0d85f9a1,UAE,C4,condition,covered,absent,0,0
4eb5dc588a5f0d85f9a1,UAE,C4,exception,covered,absent,0,0
4eb5dc588a5f0d85f9a1,UAE,C4,temporal,covered,absent,0,0
4eb5dc588a5f0d85f9a1,UAE,C4,consequence,covered,absent,0,0
9109e68327d475353f21,KWT,C2,addressee,covered,direct_textual,0,1
9109e68327d475353f21,KWT,C2,modality,uncovered,absent,0,1
9109e68327d475353f21,KWT,C2,action,uncovered,absent,0,1
9109e68327d475353f21,KWT,C2,scope,uncovered,absent,0,1
9109e68327d475353f21,KWT,C2,condition,uncovered,absent,0,1
9109e68327d475353f21,KWT,C2,exception,covered,absent,0,1
9109e68327d475353f21,KWT,C2,temporal,covered,absent,0,1
9109e68327d475353f21,KWT,C2,consequence,covered,absent,0,1
e961968aa9ec744f2c58,UAE,C2,addressee,covered,direct_textual,0,1
e961968aa9ec744f2c58,UAE,C2,modality,covered,direct_textual,0,1
e961968aa9ec744f2c58,UAE,C2,action,partial,distributed,0,1
e961968aa9ec744f2c58,UAE,C2,scope,covered,direct_textual,0,1
e961968aa9ec744f2c58,UAE,C2,condition,partial,conceptual,0,1
e961968aa9ec744f2c58,UAE,C2,exception,covered,absent,0,0
e961968aa9ec744f2c58,UAE,C2,temporal,covered,absent,0,0
e961968aa9ec744f2c58,UAE,C2,consequence,covered,absent,0,0
d403bee1f3ad7aef7940,BHR,C2,addressee,covered,direct_textual,0,1
d403bee1f3ad7aef7940,BHR,C2,modality,covered,direct_textual,0,1
d403bee1f3ad7aef7940,BHR,C2,action,uncovered,direct_textual,0,1
d403bee1f3ad7aef7940,BHR,C2,scope,uncovered,direct_textual,0,1
d403bee1f3ad7aef7940,BHR,C2,condition,uncovered,absent,0,0
d403bee1f3ad7aef7940,BHR,C2,exception,uncovered,absent,0,0
d403bee1f3ad7aef7940,BHR,C2,temporal,uncovered,absent,0,0
d403bee1f3ad7aef7940,BHR,C2,consequence,uncovered,absent,0,0
112897588ece705c3a37,QAT,C2,addressee,covered,conceptual,1,1
112897588ece705c3a37,QAT,C2,modality,covered,direct_textual,1,1
112897588ece705c3a37,QAT,C2,action,uncovered,absent,0,0
112897588ece705c3a37,QAT,C2,scope,uncovered,absent,0,0
112897588ece705c3a37,QAT,C2,condition,uncovered,absent,0,0
112897588ece705c3a37,QAT,C2,exception,covered,absent,0,0
112897588ece705c3a37,QAT,C2,temporal,covered,absent,0,0
112897588ece705c3a37,QAT,C2,consequence,covered,absent,0,0
c548861ef5e49692214f,BHR,C2,addressee,covered,direct_textual,0,1
c548861ef5e49692214f,BHR,C2,modality,covered,direct_textual,0,1
c548861ef5e49692214f,BHR,C2,action,uncovered,absent,0,1
c548861ef5e49692214f,BHR,C2,scope,covered,direct_textual,0,1
c548861ef5e49692214f,BHR,C2,condition,uncovered,absent,0,1
c548861ef5e49692214f,BHR,C2,exception,covered,absent,0,0
c548861ef5e49692214f,BHR,C2,temporal,covered,absent,0,0
c548861ef5e49692214f,BHR,C2,consequence,covered,absent,0,0
ad0d2e5007c38c613d75,OMN,C2,addressee,covered,direct_textual,0,1
ad0d2e5007c38c613d75,OMN,C2,modality,uncovered,direct_textual,0,1
ad0d2e5007c38c613d75,OMN,C2,action,uncovered,absent,0,1
ad0d2e5007c38c613d75,OMN,C2,scope,covered,direct_textual,0,1
ad0d2e5007c38c613d75,OMN,C2,condition,uncovered,absent,0,1
ad0d2e5007c38c613d75,OMN,C2,exception,covered,absent,0,0
ad0d2e5007c38c613d75,OMN,C2,temporal,covered,absent,0,0
ad0d2e5007c38c613d75,OMN,C2,consequence,covered,absent,0,0
ebfd61ff928ca02b5f69,QAT,C2,addressee,covered,direct_textual,1,1
ebfd61ff928ca02b5f69,QAT,C2,modality,uncovered,direct_textual,1,1
ebfd61ff928ca02b5f69,QAT,C2,action,uncovered,absent,1,1
ebfd61ff928ca02b5f69,QAT,C2,scope,uncovered,direct_textual,1,1
ebfd61ff928ca02b5f69,QAT,C2,condition,covered,absent,0,0
ebfd61ff928ca02b5f69,QAT,C2,exception,uncovered,direct_textual,1,1
ebfd61ff928ca02b5f69,QAT,C2,temporal,covered,absent,0,0
ebfd61ff928ca02b5f69,QAT,C2,consequence,covered,absent,1,0
34ec92d87f4098bf09dd,KWT,C4,addressee,narrower,direct_textual,1,1
34ec92d87f4098bf09dd,KWT,C4,modality,uncovered,direct_textual,1,1
34ec92d87f4098bf09dd,KWT,C4,action,covered,direct_textual,1,1
34ec92d87f4098bf09dd,KWT,C4,scope,narrower,direct_textual,1,1
34ec92d87f4098bf09dd,KWT,C4,condition,partial,distributed,1,1
34ec92d87f4098bf09dd,KWT,C4,exception,uncovered,absent,1,0
34ec92d87f4098bf09dd,KWT,C4,temporal,covered,absent,1,0
34ec92d87f4098bf09dd,KWT,C4,consequence,covered,absent,1,0
b5860662327130e78c6c,BHR,C4,addressee,narrower,direct_textual,1,1
b5860662327130e78c6c,BHR,C4,modality,covered,direct_textual,1,1
b5860662327130e78c6c,BHR,C4,action,covered,direct_textual,1,1
b5860662327130e78c6c,BHR,C4,scope,narrower,direct_textual,1,1
b5860662327130e78c6c,BHR,C4,condition,covered,direct_textual,1,1
b5860662327130e78c6c,BHR,C4,exception,covered,absent,1,0
b5860662327130e78c6c,BHR,C4,temporal,covered,absent,1,0
b5860662327130e78c6c,BHR,C4,consequence,covered,absent,1,0
aae8f6b62a5df708a6e1,BHR,C5,addressee,uncovered,absent,0,0
aae8f6b62a5df708a6e1,BHR,C5,modality,uncovered,absent,0,0
aae8f6b62a5df708a6e1,BHR,C5,action,uncovered,absent,0,0
aae8f6b62a5df708a6e1,BHR,C5,scope,uncovered,absent,0,0
aae8f6b62a5df708a6e1,BHR,C5,condition,uncovered,absent,0,0
aae8f6b62a5df708a6e1,BHR,C5,exception,uncovered,absent,0,0
aae8f6b62a5df708a6e1,BHR,C5,temporal,uncovered,absent,0,0
aae8f6b62a5df708a6e1,BHR,C5,consequence,uncovered,absent,0,0
54c22779335fc417c63d,OMN,C2,addressee,uncovered,absent,0,0
54c22779335fc417c63d,OMN,C2,modality,uncovered,absent,0,0
54c22779335fc417c63d,OMN,C2,action,uncovered,absent,0,0
54c22779335fc417c63d,OMN,C2,scope,uncovered,absent,0,0
54c22779335fc417c63d,OMN,C2,condition,partial,conceptual,0,1
54c22779335fc417c63d,OMN,C2,exception,uncovered,absent,0,0
54c22779335fc417c63d,OMN,C2,temporal,uncovered,absent,0,0
54c22779335fc417c63d,OMN,C2,consequence,uncovered,absent,0,0
e2027d2ac02d71276d6e,QAT,C5,addressee,covered,conceptual,0,0
e2027d2ac02d71276d6e,QAT,C5,modality,uncovered,absent,0,0
e2027d2ac02d71276d6e,QAT,C5,action,uncovered,absent,0,0
e2027d2ac02d71276d6e,QAT,C5,scope,uncovered,absent,0,0
e2027d2ac02d71276d6e,QAT,C5,condition,uncovered,absent,0,0
e2027d2ac02d71276d6e,QAT,C5,exception,uncovered,absent,0,0
e2027d2ac02d71276d6e,QAT,C5,temporal,covered,conceptual,0,0
e2027d2ac02d71276d6e,QAT,C5,consequence,covered,conceptual,0,0
442ead97ed4264921391,KSA,C4,addressee,covered,direct_textual,1,1
442ead97ed4264921391,KSA,C4,modality,covered,direct_textual,1,1
442ead97ed4264921391,KSA,C4,action,covered,direct_textual,1,1
442ead97ed4264921391,KSA,C4,scope,broader,direct_textual,1,1
442ead97ed4264921391,KSA,C4,condition,covered,direct_textual,1,1
442ead97ed4264921391,KSA,C4,exception,narrower,direct_textual,1,1
442ead97ed4264921391,KSA,C4,temporal,covered,absent,1,0
442ead97ed4264921391,KSA,C4,consequence,covered,absent,1,0
7641d3b909ced47cabff,OMN,C1,addressee,covered,direct_textual,0,1
7641d3b909ced47cabff,OMN,C1,modality,covered,direct_textual,0,1
7641d3b909ced47cabff,OMN,C1,action,covered,direct_textual,0,1
7641d3b909ced47cabff,OMN,C1,scope,covered,conceptual,0,1
7641d3b909ced47cabff,OMN,C1,condition,covered,direct_textual,0,1
7641d3b909ced47cabff,OMN,C1,exception,narrower,direct_textual,0,1
7641d3b909ced47cabff,OMN,C1,temporal,covered,absent,0,0
7641d3b909ced47cabff,OMN,C1,consequence,covered,absent,0,0
d468b0784e6d3a0d381b,QAT,C2,addressee,covered,direct_textual,0,1
d468b0784e6d3a0d381b,QAT,C2,modality,covered,direct_textual,0,1
d468b0784e6d3a0d381b,QAT,C2,action,covered,direct_textual,0,1
d468b0784e6d3a0d381b,QAT,C2,scope,uncovered,absent,0,1
d468b0784e6d3a0d381b,QAT,C2,condition,covered,direct_textual,0,1
d468b0784e6d3a0d381b,QAT,C2,exception,covered,absent,0,1
d468b0784e6d3a0d381b,QAT,C2,temporal,covered,absent,0,1
d468b0784e6d3a0d381b,QAT,C2,consequence,covered,absent,0,1
2e025a12bd57d1fcc3f3,UAE,C2,addressee,covered,direct_textual,0,1
2e025a12bd57d1fcc3f3,UAE,C2,modality,covered,direct_textual,0,1
2e025a12bd57d1fcc3f3,UAE,C2,action,covered,direct_textual,0,1
2e025a12bd57d1fcc3f3,UAE,C2,scope,covered,direct_textual,0,1
2e025a12bd57d1fcc3f3,UAE,C2,condition,uncovered,absent,0,1
2e025a12bd57d1fcc3f3,UAE,C2,exception,uncovered,absent,0,0
2e025a12bd57d1fcc3f3,UAE,C2,temporal,covered,absent,0,0
2e025a12bd57d1fcc3f3,UAE,C2,consequence,covered,absent,0,0
9f96d4b2dbb50512f6e3,BHR,C1,addressee,covered,direct_textual,0,1
9f96d4b2dbb50512f6e3,BHR,C1,modality,covered,direct_textual,0,1
9f96d4b2dbb50512f6e3,BHR,C1,action,covered,direct_textual,0,1
9f96d4b2dbb50512f6e3,BHR,C1,scope,covered,distributed,0,1
9f96d4b2dbb50512f6e3,BHR,C1,condition,covered,distributed,0,1
9f96d4b2dbb50512f6e3,BHR,C1,exception,covered,absent,0,0
9f96d4b2dbb50512f6e3,BHR,C1,temporal,covered,absent,0,0
9f96d4b2dbb50512f6e3,BHR,C1,consequence,covered,absent,0,0
ec94b8451eb3e843c1f7,QAT,C2,addressee,covered,conceptual,1,1
ec94b8451eb3e843c1f7,QAT,C2,modality,covered,direct_textual,1,1
ec94b8451eb3e843c1f7,QAT,C2,action,partial,distributed,1,1
ec94b8451eb3e843c1f7,QAT,C2,scope,uncovered,absent,1,0
ec94b8451eb3e843c1f7,QAT,C2,condition,partial,conceptual,1,1
ec94b8451eb3e843c1f7,QAT,C2,exception,covered,absent,1,0
ec94b8451eb3e843c1f7,QAT,C2,temporal,covered,absent,1,0
ec94b8451eb3e843c1f7,QAT,C2,consequence,covered,absent,1,0
5a10fd4a29e91101b6dc,QAT,C3,addressee,covered,direct_textual,1,1
5a10fd4a29e91101b6dc,QAT,C3,modality,weaker_modality,direct_textual,1,1
5a10fd4a29e91101b6dc,QAT,C3,action,partial,distributed,1,1
5a10fd4a29e91101b6dc,QAT,C3,scope,covered,conceptual,1,1
5a10fd4a29e91101b6dc,QAT,C3,condition,uncovered,absent,0,0
5a10fd4a29e91101b6dc,QAT,C3,exception,covered,absent,0,0
5a10fd4a29e91101b6dc,QAT,C3,temporal,covered,absent,0,0
5a10fd4a29e91101b6dc,QAT,C3,consequence,covered,absent,0,0
8cdb6e649abbb2617c8c,BHR,C2,addressee,partial,conceptual,0,1
8cdb6e649abbb2617c8c,BHR,C2,modality,covered,direct_textual,0,1
8cdb6e649abbb2617c8c,BHR,C2,action,narrower,direct_textual,0,1
8cdb6e649abbb2617c8c,BHR,C2,scope,covered,direct_textual,0,1
8cdb6e649abbb2617c8c,BHR,C2,condition,narrower,direct_textual,0,1
8cdb6e649abbb2617c8c,BHR,C2,exception,narrower,direct_textual,0,1
8cdb6e649abbb2617c8c,BHR,C2,temporal,covered,direct_textual,0,1
8cdb6e649abbb2617c8c,BHR,C2,consequence,covered,direct_textual,0,1
04c1d89297c003915ad5,KSA,C2,addressee,covered,direct_textual,1,1
04c1d89297c003915ad5,KSA,C2,modality,covered,direct_textual,1,1
04c1d89297c003915ad5,KSA,C2,action,partial,distributed,1,1
04c1d89297c003915ad5,KSA,C2,scope,covered,direct_textual,1,1
04c1d89297c003915ad5,KSA,C2,condition,narrower,direct_textual,1,1
04c1d89297c003915ad5,KSA,C2,exception,covered,absent,0,0
04c1d89297c003915ad5,KSA,C2,temporal,covered,absent,0,0
04c1d89297c003915ad5,KSA,C2,consequence,covered,absent,0,0
ddb15ad70a03b2f8a248,OMN,C3,addressee,covered,conceptual,0,1
ddb15ad70a03b2f8a248,OMN,C3,modality,weaker_modality,direct_textual,0,1
ddb15ad70a03b2f8a248,OMN,C3,action,narrower,distributed,0,1
ddb15ad70a03b2f8a248,OMN,C3,scope,covered,direct_textual,0,1
ddb15ad70a03b2f8a248,OMN,C3,condition,narrower,distributed,0,1
ddb15ad70a03b2f8a248,OMN,C3,exception,covered,absent,0,0
ddb15ad70a03b2f8a248,OMN,C3,temporal,narrower,direct_textual,0,1
ddb15ad70a03b2f8a248,OMN,C3,consequence,covered,absent,0,0
2be4559421270a2c8222,BHR,C1,addressee,covered,direct_textual,0,1
2be4559421270a2c8222,BHR,C1,modality,covered,direct_textual,0,1
2be4559421270a2c8222,BHR,C1,action,covered,distributed,0,1
2be4559421270a2c8222,BHR,C1,scope,covered,distributed,0,1
2be4559421270a2c8222,BHR,C1,condition,covered,absent,0,0
2be4559421270a2c8222,BHR,C1,exception,covered,absent,0,0
2be4559421270a2c8222,BHR,C1,temporal,covered,absent,0,0
2be4559421270a2c8222,BHR,C1,consequence,covered,absent,0,0
02bcc9d114e8c8a04e5f,KSA,C2,addressee,covered,direct_textual,0,1
02bcc9d114e8c8a04e5f,KSA,C2,modality,covered,direct_textual,0,1
02bcc9d114e8c8a04e5f,KSA,C2,action,partial,distributed,0,1
02bcc9d114e8c8a04e5f,KSA,C2,scope,covered,distributed,0,1
02bcc9d114e8c8a04e5f,KSA,C2,condition,covered,absent,0,1
02bcc9d114e8c8a04e5f,KSA,C2,exception,covered,absent,0,1
02bcc9d114e8c8a04e5f,KSA,C2,temporal,covered,absent,0,1
02bcc9d114e8c8a04e5f,KSA,C2,consequence,covered,absent,0,1
e989f083ae400872c3fe,UAE,C4,addressee,covered,direct_textual,0,1
e989f083ae400872c3fe,UAE,C4,modality,covered,direct_textual,0,1
e989f083ae400872c3fe,UAE,C4,action,narrower,distributed,0,1
e989f083ae400872c3fe,UAE,C4,scope,narrower,distributed,0,1
e989f083ae400872c3fe,UAE,C4,condition,narrower,distributed,0,1
e989f083ae400872c3fe,UAE,C4,exception,covered,absent,0,0
e989f083ae400872c3fe,UAE,C4,temporal,covered,absent,0,0
e989f083ae400872c3fe,UAE,C4,consequence,broader,direct_textual,0,1
1e17bd364ece92ceb899,OMN,C4,addressee,covered,conceptual,0,1
1e17bd364ece92ceb899,OMN,C4,modality,covered,direct_textual,0,1
1e17bd364ece92ceb899,OMN,C4,action,narrower,direct_textual,0,1
1e17bd364ece92ceb899,OMN,C4,scope,broader,direct_textual,0,1
1e17bd364ece92ceb899,OMN,C4,condition,narrower,direct_textual,0,1
1e17bd364ece92ceb899,OMN,C4,exception,covered,absent,0,0
1e17bd364ece92ceb899,OMN,C4,temporal,covered,absent,0,0
1e17bd364ece92ceb899,OMN,C4,consequence,covered,absent,0,0
92ca5ae7cd986cdc081e,QAT,C3,addressee,covered,distributed,1,1
92ca5ae7cd986cdc081e,QAT,C3,modality,weaker_modality,direct_textual,1,1
92ca5ae7cd986cdc081e,QAT,C3,action,uncovered,direct_textual,1,1
92ca5ae7cd986cdc081e,QAT,C3,scope,uncovered,absent,0,0
92ca5ae7cd986cdc081e,QAT,C3,condition,covered,absent,0,0
92ca5ae7cd986cdc081e,QAT,C3,exception,covered,absent,0,0
92ca5ae7cd986cdc081e,QAT,C3,temporal,covered,absent,0,0
92ca5ae7cd986cdc081e,QAT,C3,consequence,covered,absent,0,0
3504c514360b2811c799,BHR,C4,addressee,narrower,direct_textual,0,1
3504c514360b2811c799,BHR,C4,modality,covered,direct_textual,0,1
3504c514360b2811c799,BHR,C4,action,uncovered,direct_textual,0,1
3504c514360b2811c799,BHR,C4,scope,narrower,direct_textual,0,1
3504c514360b2811c799,BHR,C4,condition,narrower,direct_textual,0,1
3504c514360b2811c799,BHR,C4,exception,uncovered,absent,0,0
3504c514360b2811c799,BHR,C4,temporal,narrower,direct_textual,0,1
3504c514360b2811c799,BHR,C4,consequence,covered,absent,0,0
f3f48eb41730ab53a9d3,OMN,C2,addressee,covered,direct_textual,1,1
f3f48eb41730ab53a9d3,OMN,C2,modality,uncovered,absent,0,0
f3f48eb41730ab53a9d3,OMN,C2,action,uncovered,absent,0,0
f3f48eb41730ab53a9d3,OMN,C2,scope,partial,direct_textual,1,1
f3f48eb41730ab53a9d3,OMN,C2,condition,partial,direct_textual,1,1
f3f48eb41730ab53a9d3,OMN,C2,exception,covered,absent,0,0
f3f48eb41730ab53a9d3,OMN,C2,temporal,covered,absent,0,0
f3f48eb41730ab53a9d3,OMN,C2,consequence,covered,absent,0,0
74a3e13b29231b918c5e,UAE,C2,addressee,uncovered,absent,0,0
74a3e13b29231b918c5e,UAE,C2,modality,uncovered,absent,0,0
74a3e13b29231b918c5e,UAE,C2,action,uncovered,absent,0,0
74a3e13b29231b918c5e,UAE,C2,scope,uncovered,absent,0,0
74a3e13b29231b918c5e,UAE,C2,condition,uncovered,absent,0,0
74a3e13b29231b918c5e,UAE,C2,exception,broader,conceptual,1,1
74a3e13b29231b918c5e,UAE,C2,temporal,uncovered,absent,0,0
74a3e13b29231b918c5e,UAE,C2,consequence,uncovered,absent,0,0
31dc4e41a951d1ea3cce,UAE,C2,addressee,covered,direct_textual,1,1
31dc4e41a951d1ea3cce,UAE,C2,modality,covered,direct_textual,1,1
31dc4e41a951d1ea3cce,UAE,C2,action,uncovered,absent,1,1
31dc4e41a951d1ea3cce,UAE,C2,scope,uncovered,absent,0,0
31dc4e41a951d1ea3cce,UAE,C2,condition,narrower,direct_textual,1,1
31dc4e41a951d1ea3cce,UAE,C2,exception,covered,absent,0,0
31dc4e41a951d1ea3cce,UAE,C2,temporal,covered,absent,0,0
31dc4e41a951d1ea3cce,UAE,C2,consequence,broader,direct_textual,1,1
2e2f291e186e6f6c2a22,OMN,C5,addressee,uncovered,absent,0,0
2e2f291e186e6f6c2a22,OMN,C5,modality,uncovered,absent,0,0
2e2f291e186e6f6c2a22,OMN,C5,action,uncovered,absent,0,0
2e2f291e186e6f6c2a22,OMN,C5,scope,uncovered,absent,0,0
2e2f291e186e6f6c2a22,OMN,C5,condition,uncovered,absent,0,0
2e2f291e186e6f6c2a22,OMN,C5,exception,uncovered,absent,0,0
2e2f291e186e6f6c2a22,OMN,C5,temporal,uncovered,absent,0,0
2e2f291e186e6f6c2a22,OMN,C5,consequence,uncovered,absent,0,0
6bb5c34e9925fc185beb,KSA,C5,addressee,uncovered,absent,0,0
6bb5c34e9925fc185beb,KSA,C5,modality,uncovered,absent,0,0
6bb5c34e9925fc185beb,KSA,C5,action,uncovered,absent,0,0
6bb5c34e9925fc185beb,KSA,C5,scope,uncovered,absent,0,0
6bb5c34e9925fc185beb,KSA,C5,condition,uncovered,absent,0,0
6bb5c34e9925fc185beb,KSA,C5,exception,uncovered,absent,0,0
6bb5c34e9925fc185beb,KSA,C5,temporal,uncovered,absent,0,0
6bb5c34e9925fc185beb,KSA,C5,consequence,uncovered,absent,0,0
9a3ff315235c814744f1,KWT,C5,addressee,uncovered,absent,0,0
9a3ff315235c814744f1,KWT,C5,modality,uncovered,absent,0,0
9a3ff315235c814744f1,KWT,C5,action,uncovered,absent,0,0
9a3ff315235c814744f1,KWT,C5,scope,uncovered,absent,0,0
9a3ff315235c814744f1,KWT,C5,condition,uncovered,absent,0,0
9a3ff315235c814744f1,KWT,C5,exception,uncovered,absent,0,0
9a3ff315235c814744f1,KWT,C5,temporal,uncovered,absent,0,0
9a3ff315235c814744f1,KWT,C5,consequence,uncovered,absent,0,0
aec4ffa48d63fac4ee07,QAT,C5,addressee,uncovered,absent,0,0
aec4ffa48d63fac4ee07,QAT,C5,modality,uncovered,absent,0,0
aec4ffa48d63fac4ee07,QAT,C5,action,uncovered,absent,0,0
aec4ffa48d63fac4ee07,QAT,C5,scope,uncovered,absent,0,0
aec4ffa48d63fac4ee07,QAT,C5,condition,uncovered,absent,0,0
aec4ffa48d63fac4ee07,QAT,C5,exception,uncovered,absent,0,0
aec4ffa48d63fac4ee07,QAT,C5,temporal,uncovered,absent,0,0
aec4ffa48d63fac4ee07,QAT,C5,consequence,uncovered,absent,0,0
cab5c90fd488d4ad70ef,OMN,C5,addressee,uncovered,absent,0,0
cab5c90fd488d4ad70ef,OMN,C5,modality,uncovered,absent,0,0
cab5c90fd488d4ad70ef,OMN,C5,action,uncovered,absent,0,0
cab5c90fd488d4ad70ef,OMN,C5,scope,uncovered,absent,0,0
cab5c90fd488d4ad70ef,OMN,C5,condition,uncovered,absent,0,0
cab5c90fd488d4ad70ef,OMN,C5,exception,covered,absent,0,0
cab5c90fd488d4ad70ef,OMN,C5,temporal,covered,absent,0,0
cab5c90fd488d4ad70ef,OMN,C5,consequence,covered,absent,0,0
f124ecb82be085440c06,UAE,C2,addressee,uncovered,absent,0,1
f124ecb82be085440c06,UAE,C2,modality,uncovered,absent,0,1
f124ecb82be085440c06,UAE,C2,action,uncovered,absent,0,1
f124ecb82be085440c06,UAE,C2,scope,uncovered,absent,0,1
f124ecb82be085440c06,UAE,C2,condition,uncovered,absent,0,1
f124ecb82be085440c06,UAE,C2,exception,covered,absent,0,1
f124ecb82be085440c06,UAE,C2,temporal,covered,absent,0,1
f124ecb82be085440c06,UAE,C2,consequence,covered,absent,0,1
7736279b3e1a0ae2d7cc,KWT,C5,addressee,uncovered,absent,0,0
7736279b3e1a0ae2d7cc,KWT,C5,modality,uncovered,absent,0,0
7736279b3e1a0ae2d7cc,KWT,C5,action,uncovered,absent,0,0
7736279b3e1a0ae2d7cc,KWT,C5,scope,uncovered,absent,0,0
7736279b3e1a0ae2d7cc,KWT,C5,condition,uncovered,absent,0,0
7736279b3e1a0ae2d7cc,KWT,C5,exception,uncovered,absent,0,0
7736279b3e1a0ae2d7cc,KWT,C5,temporal,uncovered,absent,0,0
7736279b3e1a0ae2d7cc,KWT,C5,consequence,uncovered,absent,0,0
bb6e498e7c08b4dc7a4b,KWT,C5,addressee,uncovered,absent,0,0
bb6e498e7c08b4dc7a4b,KWT,C5,modality,uncovered,absent,0,0
bb6e498e7c08b4dc7a4b,KWT,C5,action,uncovered,absent,0,0
bb6e498e7c08b4dc7a4b,KWT,C5,scope,uncovered,absent,0,0
bb6e498e7c08b4dc7a4b,KWT,C5,condition,uncovered,absent,0,0
bb6e498e7c08b4dc7a4b,KWT,C5,exception,uncovered,absent,0,0
bb6e498e7c08b4dc7a4b,KWT,C5,temporal,uncovered,absent,0,0
bb6e498e7c08b4dc7a4b,KWT,C5,consequence,uncovered,absent,0,0
06b04b5095b6e017aa45,BHR,C4,addressee,covered,direct_textual,0,1
06b04b5095b6e017aa45,BHR,C4,modality,covered,direct_textual,0,1
06b04b5095b6e017aa45,BHR,C4,action,partial,direct_textual,0,1
06b04b5095b6e017aa45,BHR,C4,scope,narrower,distributed,0,1
06b04b5095b6e017aa45,BHR,C4,condition,covered,direct_textual,0,1
06b04b5095b6e017aa45,BHR,C4,exception,covered,absent,0,0
06b04b5095b6e017aa45,BHR,C4,temporal,covered,absent,0,0
06b04b5095b6e017aa45,BHR,C4,consequence,covered,absent,0,0
c1f1e0f3a95b6436dda7,KSA,C2,addressee,covered,distributed,1,1
c1f1e0f3a95b6436dda7,KSA,C2,modality,covered,direct_textual,1,1
c1f1e0f3a95b6436dda7,KSA,C2,action,partial,direct_textual,1,1
c1f1e0f3a95b6436dda7,KSA,C2,scope,uncovered,absent,1,0
c1f1e0f3a95b6436dda7,KSA,C2,condition,covered,direct_textual,1,1
c1f1e0f3a95b6436dda7,KSA,C2,exception,narrower,direct_textual,1,1
c1f1e0f3a95b6436dda7,KSA,C2,temporal,covered,absent,0,0
c1f1e0f3a95b6436dda7,KSA,C2,consequence,covered,absent,0,0
e57334e84e680079e417,QAT,C2,addressee,covered,conceptual,1,1
e57334e84e680079e417,QAT,C2,modality,covered,direct_textual,1,1
e57334e84e680079e417,QAT,C2,action,uncovered,absent,1,1
e57334e84e680079e417,QAT,C2,scope,partial,direct_textual,1,1
e57334e84e680079e417,QAT,C2,condition,partial,direct_textual,1,1
e57334e84e680079e417,QAT,C2,exception,covered,absent,0,0
e57334e84e680079e417,QAT,C2,temporal,covered,absent,0,0
e57334e84e680079e417,QAT,C2,consequence,covered,absent,0,0
5b060b06cea901a06524,OMN,C2,addressee,covered,conceptual,1,1
5b060b06cea901a06524,OMN,C2,modality,uncovered,absent,0,1
5b060b06cea901a06524,OMN,C2,action,uncovered,absent,0,1
5b060b06cea901a06524,OMN,C2,scope,uncovered,absent,0,1
5b060b06cea901a06524,OMN,C2,condition,covered,absent,0,0
5b060b06cea901a06524,OMN,C2,exception,covered,absent,0,0
5b060b06cea901a06524,OMN,C2,temporal,uncovered,absent,0,1
5b060b06cea901a06524,OMN,C2,consequence,covered,absent,0,0
f47548b4e7a399027cb8,KSA,C4,addressee,uncovered,absent,0,0
f47548b4e7a399027cb8,KSA,C4,modality,uncovered,absent,0,0
f47548b4e7a399027cb8,KSA,C4,action,covered,distributed,0,1
f47548b4e7a399027cb8,KSA,C4,scope,broader,direct_textual,0,1
f47548b4e7a399027cb8,KSA,C4,condition,covered,absent,0,0
f47548b4e7a399027cb8,KSA,C4,exception,covered,absent,0,0
f47548b4e7a399027cb8,KSA,C4,temporal,covered,absent,0,0
f47548b4e7a399027cb8,KSA,C4,consequence,covered,absent,0,0
aae062a91567657fe39d,KWT,C3,addressee,narrower,direct_textual,1,1
aae062a91567657fe39d,KWT,C3,modality,weaker_modality,direct_textual,1,1
aae062a91567657fe39d,KWT,C3,action,uncovered,direct_textual,1,1
aae062a91567657fe39d,KWT,C3,scope,covered,absent,0,0
aae062a91567657fe39d,KWT,C3,condition,narrower,direct_textual,1,1
aae062a91567657fe39d,KWT,C3,exception,covered,absent,0,0
aae062a91567657fe39d,KWT,C3,temporal,covered,absent,0,0
aae062a91567657fe39d,KWT,C3,consequence,covered,absent,0,0
0495dbe5e8a6168b019b,UAE,C2,addressee,covered,conceptual,0,1
0495dbe5e8a6168b019b,UAE,C2,modality,covered,direct_textual,0,1
0495dbe5e8a6168b019b,UAE,C2,action,uncovered,direct_textual,0,1
0495dbe5e8a6168b019b,UAE,C2,scope,covered,direct_textual,0,1
0495dbe5e8a6168b019b,UAE,C2,condition,narrower,direct_textual,0,1
0495dbe5e8a6168b019b,UAE,C2,exception,covered,absent,0,0
0495dbe5e8a6168b019b,UAE,C2,temporal,covered,absent,0,0
0495dbe5e8a6168b019b,UAE,C2,consequence,broader,direct_textual,0,1
18aa079e41499e32dd69,KWT,C5,addressee,uncovered,absent,0,0
18aa079e41499e32dd69,KWT,C5,modality,uncovered,absent,0,0
18aa079e41499e32dd69,KWT,C5,action,uncovered,absent,0,0
18aa079e41499e32dd69,KWT,C5,scope,uncovered,absent,0,0
18aa079e41499e32dd69,KWT,C5,condition,uncovered,absent,0,0
18aa079e41499e32dd69,KWT,C5,exception,uncovered,absent,0,0
18aa079e41499e32dd69,KWT,C5,temporal,uncovered,absent,0,0
18aa079e41499e32dd69,KWT,C5,consequence,uncovered,absent,0,0
6b19f682df2c6971d088,KSA,C4,addressee,broader,distributed,1,1
6b19f682df2c6971d088,KSA,C4,modality,covered,direct_textual,1,1
6b19f682df2c6971d088,KSA,C4,action,covered,direct_textual,1,1
6b19f682df2c6971d088,KSA,C4,scope,uncovered,absent,1,0
6b19f682df2c6971d088,KSA,C4,condition,uncovered,absent,1,0
6b19f682df2c6971d088,KSA,C4,exception,covered,absent,0,0
6b19f682df2c6971d088,KSA,C4,temporal,covered,absent,0,0
6b19f682df2c6971d088,KSA,C4,consequence,covered,absent,0,0
4a58b99216a023f6e8a1,BHR,C4,addressee,narrower,direct_textual,1,1
4a58b99216a023f6e8a1,BHR,C4,modality,covered,direct_textual,1,1
4a58b99216a023f6e8a1,BHR,C4,action,partial,direct_textual,1,1
4a58b99216a023f6e8a1,BHR,C4,scope,broader,direct_textual,1,1
4a58b99216a023f6e8a1,BHR,C4,condition,covered,absent,0,0
4a58b99216a023f6e8a1,BHR,C4,exception,covered,absent,0,0
4a58b99216a023f6e8a1,BHR,C4,temporal,covered,absent,0,0
4a58b99216a023f6e8a1,BHR,C4,consequence,covered,absent,0,0
66aad7fe809f36482c9f,KWT,C2,addressee,covered,conceptual,1,1
66aad7fe809f36482c9f,KWT,C2,modality,covered,direct_textual,1,1
66aad7fe809f36482c9f,KWT,C2,action,partial,conceptual,1,1
66aad7fe809f36482c9f,KWT,C2,scope,partial,distributed,1,1
66aad7fe809f36482c9f,KWT,C2,condition,narrower,direct_textual,1,1
66aad7fe809f36482c9f,KWT,C2,exception,covered,absent,0,0
66aad7fe809f36482c9f,KWT,C2,temporal,covered,absent,0,0
66aad7fe809f36482c9f,KWT,C2,consequence,covered,absent,0,0
4c9aaa15231538482b26,OMN,C4,addressee,covered,direct_textual,0,1
4c9aaa15231538482b26,OMN,C4,modality,covered,direct_textual,0,1
4c9aaa15231538482b26,OMN,C4,action,partial,distributed,0,1
4c9aaa15231538482b26,OMN,C4,scope,broader,direct_textual,0,1
4c9aaa15231538482b26,OMN,C4,condition,uncovered,absent,0,0
4c9aaa15231538482b26,OMN,C4,exception,covered,absent,0,0
4c9aaa15231538482b26,OMN,C4,temporal,covered,absent,0,0
4c9aaa15231538482b26,OMN,C4,consequence,covered,absent,0,0
2f22b1e3aad23bc2512c,UAE,C2,addressee,uncovered,direct_textual,1,1
2f22b1e3aad23bc2512c,UAE,C2,modality,covered,direct_textual,1,1
2f22b1e3aad23bc2512c,UAE,C2,action,partial,distributed,1,1
2f22b1e3aad23bc2512c,UAE,C2,scope,partial,distributed,1,1
2f22b1e3aad23bc2512c,UAE,C2,condition,uncovered,absent,1,0
2f22b1e3aad23bc2512c,UAE,C2,exception,covered,absent,1,0
2f22b1e3aad23bc2512c,UAE,C2,temporal,covered,absent,1,0
2f22b1e3aad23bc2512c,UAE,C2,consequence,covered,absent,1,0
eac010ac2917ecd9d73b,OMN,C4,addressee,covered,direct_textual,0,1
eac010ac2917ecd9d73b,OMN,C4,modality,covered,direct_textual,0,1
eac010ac2917ecd9d73b,OMN,C4,action,partial,distributed,0,1
eac010ac2917ecd9d73b,OMN,C4,scope,narrower,direct_textual,0,1
eac010ac2917ecd9d73b,OMN,C4,condition,partial,conceptual,0,1
eac010ac2917ecd9d73b,OMN,C4,exception,covered,absent,0,0
eac010ac2917ecd9d73b,OMN,C4,temporal,covered,absent,0,0
eac010ac2917ecd9d73b,OMN,C4,consequence,covered,absent,0,0
1b8cb3b4545260f94014,QAT,C2,addressee,covered,direct_textual,0,1
1b8cb3b4545260f94014,QAT,C2,modality,covered,direct_textual,0,1
1b8cb3b4545260f94014,QAT,C2,action,partial,distributed,0,1
1b8cb3b4545260f94014,QAT,C2,scope,uncovered,absent,0,0
1b8cb3b4545260f94014,QAT,C2,condition,uncovered,absent,0,1
1b8cb3b4545260f94014,QAT,C2,exception,covered,absent,0,0
1b8cb3b4545260f94014,QAT,C2,temporal,covered,absent,0,0
1b8cb3b4545260f94014,QAT,C2,consequence,covered,absent,0,0
c0c044401f5b6f2f4d7b,OMN,C2,addressee,covered,direct_textual,0,1
c0c044401f5b6f2f4d7b,OMN,C2,modality,uncovered,direct_textual,0,1
c0c044401f5b6f2f4d7b,OMN,C2,action,partial,conceptual,0,1
c0c044401f5b6f2f4d7b,OMN,C2,scope,partial,distributed,0,1
c0c044401f5b6f2f4d7b,OMN,C2,condition,uncovered,direct_textual,0,1
c0c044401f5b6f2f4d7b,OMN,C2,exception,covered,absent,0,0
c0c044401f5b6f2f4d7b,OMN,C2,temporal,covered,absent,0,0
c0c044401f5b6f2f4d7b,OMN,C2,consequence,covered,absent,0,0
1f914bc2a09fb8e599f6,BHR,C2,addressee,covered,conceptual,0,1
1f914bc2a09fb8e599f6,BHR,C2,modality,covered,direct_textual,0,1
1f914bc2a09fb8e599f6,BHR,C2,action,partial,distributed,0,1
1f914bc2a09fb8e599f6,BHR,C2,scope,uncovered,absent,0,0
1f914bc2a09fb8e599f6,BHR,C2,condition,uncovered,absent,0,0
1f914bc2a09fb8e599f6,BHR,C2,exception,covered,absent,0,0
1f914bc2a09fb8e599f6,BHR,C2,temporal,covered,absent,0,0
1f914bc2a09fb8e599f6,BHR,C2,consequence,covered,absent,0,0
089b3bd564dcc0641f90,KWT,C5,addressee,uncovered,absent,0,0
089b3bd564dcc0641f90,KWT,C5,modality,uncovered,absent,0,0
089b3bd564dcc0641f90,KWT,C5,action,uncovered,absent,0,0
089b3bd564dcc0641f90,KWT,C5,scope,uncovered,absent,0,0
089b3bd564dcc0641f90,KWT,C5,condition,uncovered,absent,0,0
089b3bd564dcc0641f90,KWT,C5,exception,uncovered,absent,0,0
089b3bd564dcc0641f90,KWT,C5,temporal,uncovered,absent,0,0
089b3bd564dcc0641f90,KWT,C5,consequence,uncovered,absent,0,0
6bbcfe01f91e631c6ecd,BHR,C4,addressee,broader,direct_textual,0,1
6bbcfe01f91e631c6ecd,BHR,C4,modality,covered,direct_textual,0,1
6bbcfe01f91e631c6ecd,BHR,C4,action,covered,distributed,0,1
6bbcfe01f91e631c6ecd,BHR,C4,scope,covered,direct_textual,0,1
6bbcfe01f91e631c6ecd,BHR,C4,condition,broader,absent,0,0
6bbcfe01f91e631c6ecd,BHR,C4,exception,covered,absent,0,0
6bbcfe01f91e631c6ecd,BHR,C4,temporal,covered,absent,0,0
6bbcfe01f91e631c6ecd,BHR,C4,consequence,covered,absent,0,0
37658586651b540c728a,KWT,C2,addressee,uncovered,absent,0,1
37658586651b540c728a,KWT,C2,modality,uncovered,absent,0,1
37658586651b540c728a,KWT,C2,action,uncovered,absent,0,1
37658586651b540c728a,KWT,C2,scope,covered,direct_textual,0,1
37658586651b540c728a,KWT,C2,condition,uncovered,absent,0,0
37658586651b540c728a,KWT,C2,exception,covered,absent,0,0
37658586651b540c728a,KWT,C2,temporal,covered,absent,0,0
37658586651b540c728a,KWT,C2,consequence,covered,direct_textual,0,1
664b3013d12ecacd4299,BHR,C2,addressee,covered,conceptual,0,1
664b3013d12ecacd4299,BHR,C2,modality,uncovered,absent,0,0
664b3013d12ecacd4299,BHR,C2,action,uncovered,absent,0,0
664b3013d12ecacd4299,BHR,C2,scope,covered,direct_textual,0,1
664b3013d12ecacd4299,BHR,C2,condition,uncovered,absent,0,0
664b3013d12ecacd4299,BHR,C2,exception,covered,absent,0,0
664b3013d12ecacd4299,BHR,C2,temporal,covered,absent,0,0
664b3013d12ecacd4299,BHR,C2,consequence,covered,absent,0,0
9d200123f6fb049a4c40,KSA,C2,addressee,partial,direct_textual,1,1
9d200123f6fb049a4c40,KSA,C2,modality,uncovered,absent,1,0
9d200123f6fb049a4c40,KSA,C2,action,uncovered,absent,1,0
9d200123f6fb049a4c40,KSA,C2,scope,partial,conceptual,1,1
9d200123f6fb049a4c40,KSA,C2,condition,uncovered,absent,1,0
9d200123f6fb049a4c40,KSA,C2,exception,covered,absent,1,0
9d200123f6fb049a4c40,KSA,C2,temporal,covered,absent,1,0
9d200123f6fb049a4c40,KSA,C2,consequence,covered,absent,1,0
4e91794ac261a2e9356c,OMN,C5,addressee,uncovered,absent,0,0
4e91794ac261a2e9356c,OMN,C5,modality,uncovered,absent,0,0
4e91794ac261a2e9356c,OMN,C5,action,uncovered,absent,0,0
4e91794ac261a2e9356c,OMN,C5,scope,uncovered,absent,0,0
4e91794ac261a2e9356c,OMN,C5,condition,uncovered,absent,0,0
4e91794ac261a2e9356c,OMN,C5,exception,covered,absent,0,0
4e91794ac261a2e9356c,OMN,C5,temporal,covered,absent,0,0
4e91794ac261a2e9356c,OMN,C5,consequence,covered,absent,0,0
5dd22c67c507de60f1d7,BHR,C5,addressee,uncovered,absent,0,0
5dd22c67c507de60f1d7,BHR,C5,modality,uncovered,absent,0,0
5dd22c67c507de60f1d7,BHR,C5,action,uncovered,absent,0,0
5dd22c67c507de60f1d7,BHR,C5,scope,covered,absent,0,0
5dd22c67c507de60f1d7,BHR,C5,condition,uncovered,absent,0,0
5dd22c67c507de60f1d7,BHR,C5,exception,covered,absent,0,0
5dd22c67c507de60f1d7,BHR,C5,temporal,covered,absent,0,0
5dd22c67c507de60f1d7,BHR,C5,consequence,covered,absent,0,0
f6ddde991756f4ac8f6a,KSA,C5,addressee,uncovered,absent,0,0
f6ddde991756f4ac8f6a,KSA,C5,modality,uncovered,absent,0,0
f6ddde991756f4ac8f6a,KSA,C5,action,uncovered,absent,0,0
f6ddde991756f4ac8f6a,KSA,C5,condition,uncovered,absent,0,0
f6ddde991756f4ac8f6a,KSA,C5,scope,covered,absent,0,0
f6ddde991756f4ac8f6a,KSA,C5,exception,covered,absent,0,0
f6ddde991756f4ac8f6a,KSA,C5,temporal,covered,absent,0,0
f6ddde991756f4ac8f6a,KSA,C5,consequence,covered,absent,0,0
bb689e41976add5fa5dd,QAT,C5,addressee,uncovered,absent,0,0
bb689e41976add5fa5dd,QAT,C5,modality,uncovered,absent,0,0
bb689e41976add5fa5dd,QAT,C5,action,uncovered,absent,0,0
bb689e41976add5fa5dd,QAT,C5,scope,covered,absent,0,0
bb689e41976add5fa5dd,QAT,C5,condition,uncovered,absent,0,0
bb689e41976add5fa5dd,QAT,C5,exception,covered,absent,0,0
bb689e41976add5fa5dd,QAT,C5,temporal,covered,absent,0,0
bb689e41976add5fa5dd,QAT,C5,consequence,covered,absent,0,0
00971bf2ca1558436bde,BHR,C5,addressee,uncovered,absent,0,0
00971bf2ca1558436bde,BHR,C5,modality,uncovered,absent,0,0
00971bf2ca1558436bde,BHR,C5,action,uncovered,absent,0,0
00971bf2ca1558436bde,BHR,C5,scope,uncovered,absent,0,0
00971bf2ca1558436bde,BHR,C5,condition,uncovered,absent,0,0
00971bf2ca1558436bde,BHR,C5,exception,uncovered,absent,0,0
00971bf2ca1558436bde,BHR,C5,temporal,uncovered,absent,0,0
00971bf2ca1558436bde,BHR,C5,consequence,uncovered,absent,0,0
00dbbd2213b4e32d25ac,UAE,C2,addressee,covered,direct_textual,1,1
00dbbd2213b4e32d25ac,UAE,C2,modality,covered,direct_textual,1,1
00dbbd2213b4e32d25ac,UAE,C2,action,uncovered,direct_textual,1,1
00dbbd2213b4e32d25ac,UAE,C2,scope,covered,direct_textual,1,1
00dbbd2213b4e32d25ac,UAE,C2,condition,uncovered,absent,1,0
00dbbd2213b4e32d25ac,UAE,C2,exception,covered,absent,1,0
00dbbd2213b4e32d25ac,UAE,C2,temporal,covered,absent,1,0
00dbbd2213b4e32d25ac,UAE,C2,consequence,broader,direct_textual,1,1
00f706c48fd81de9c289,BHR,C5,addressee,uncovered,absent,0,0
00f706c48fd81de9c289,BHR,C5,modality,uncovered,absent,0,0
00f706c48fd81de9c289,BHR,C5,action,uncovered,absent,0,0
00f706c48fd81de9c289,BHR,C5,scope,uncovered,absent,0,0
00f706c48fd81de9c289,BHR,C5,condition,uncovered,absent,0,0
00f706c48fd81de9c289,BHR,C5,exception,uncovered,absent,0,0
00f706c48fd81de9c289,BHR,C5,temporal,uncovered,absent,0,0
00f706c48fd81de9c289,BHR,C5,consequence,uncovered,absent,0,0
010fbb1139bf7c44b032,OMN,C2,addressee,covered,direct_textual,0,1
010fbb1139bf7c44b032,OMN,C2,modality,covered,direct_textual,0,1
010fbb1139bf7c44b032,OMN,C2,action,partial,direct_textual,0,1
010fbb1139bf7c44b032,OMN,C2,scope,uncovered,absent,0,0
010fbb1139bf7c44b032,OMN,C2,condition,covered,absent,0,0
010fbb1139bf7c44b032,OMN,C2,exception,covered,absent,0,0
010fbb1139bf7c44b032,OMN,C2,temporal,covered,absent,0,0
010fbb1139bf7c44b032,OMN,C2,consequence,covered,absent,0,0
01426255ee31ab749a5a,BHR,C5,addressee,uncovered,absent,0,0
01426255ee31ab749a5a,BHR,C5,modality,uncovered,absent,0,0
01426255ee31ab749a5a,BHR,C5,action,uncovered,absent,0,0
01426255ee31ab749a5a,BHR,C5,scope,uncovered,absent,0,0
01426255ee31ab749a5a,BHR,C5,condition,uncovered,absent,0,0
01426255ee31ab749a5a,BHR,C5,exception,uncovered,absent,0,0
01426255ee31ab749a5a,BHR,C5,temporal,covered,absent,0,0
01426255ee31ab749a5a,BHR,C5,consequence,covered,absent,0,0
0158c8c607104a55d55a,KSA,C2,addressee,uncovered,absent,1,0
0158c8c607104a55d55a,KSA,C2,modality,uncovered,direct_textual,1,1
0158c8c607104a55d55a,KSA,C2,action,uncovered,direct_textual,1,1
0158c8c607104a55d55a,KSA,C2,scope,covered,absent,0,0
0158c8c607104a55d55a,KSA,C2,condition,uncovered,absent,1,0
0158c8c607104a55d55a,KSA,C2,exception,covered,absent,0,0
0158c8c607104a55d55a,KSA,C2,temporal,covered,absent,0,0
0158c8c607104a55d55a,KSA,C2,consequence,covered,absent,0,0
01bb8ba75b5bbe3c352a,KSA,C2,addressee,covered,direct_textual,0,1
01bb8ba75b5bbe3c352a,KSA,C2,modality,covered,direct_textual,0,1
01bb8ba75b5bbe3c352a,KSA,C2,action,narrower,direct_textual,0,1
01bb8ba75b5bbe3c352a,KSA,C2,scope,uncovered,direct_textual,0,1
01bb8ba75b5bbe3c352a,KSA,C2,condition,uncovered,direct_textual,0,1
01bb8ba75b5bbe3c352a,KSA,C2,exception,covered,absent,0,0
01bb8ba75b5bbe3c352a,KSA,C2,temporal,covered,direct_textual,0,1
01bb8ba75b5bbe3c352a,KSA,C2,consequence,covered,absent,0,0
01c26cfbe4ae6b98b210,KWT,C2,addressee,covered,conceptual,0,1
01c26cfbe4ae6b98b210,KWT,C2,modality,covered,direct_textual,0,1
01c26cfbe4ae6b98b210,KWT,C2,action,covered,distributed,0,1
01c26cfbe4ae6b98b210,KWT,C2,scope,partial,distributed,0,1
01c26cfbe4ae6b98b210,KWT,C2,condition,partial,distributed,0,1
01c26cfbe4ae6b98b210,KWT,C2,exception,covered,absent,0,0
01c26cfbe4ae6b98b210,KWT,C2,temporal,covered,distributed,0,1
01c26cfbe4ae6b98b210,KWT,C2,consequence,covered,absent,0,0
01ee940813c57d79661d,KSA,C4,addressee,narrower,direct_textual,0,1
01ee940813c57d79661d,KSA,C4,modality,covered,direct_textual,0,1
01ee940813c57d79661d,KSA,C4,action,covered,direct_textual,0,1
01ee940813c57d79661d,KSA,C4,scope,covered,direct_textual,0,1
01ee940813c57d79661d,KSA,C4,condition,uncovered,absent,0,1
01ee940813c57d79661d,KSA,C4,exception,covered,absent,0,0
01ee940813c57d79661d,KSA,C4,temporal,covered,absent,0,0
01ee940813c57d79661d,KSA,C4,consequence,covered,absent,0,0
01ffea5c6099093212da,OMN,C3,addressee,covered,direct_textual,1,1
01ffea5c6099093212da,OMN,C3,modality,weaker_modality,direct_textual,1,1
01ffea5c6099093212da,OMN,C3,action,partial,distributed,1,1
01ffea5c6099093212da,OMN,C3,scope,partial,direct_textual,1,1
01ffea5c6099093212da,OMN,C3,condition,covered,absent,0,0
01ffea5c6099093212da,OMN,C3,exception,covered,absent,0,0
01ffea5c6099093212da,OMN,C3,temporal,covered,absent,0,0
01ffea5c6099093212da,OMN,C3,consequence,covered,absent,0,0
02b5ceff15b7b5259c0c,OMN,C2,addressee,covered,direct_textual,0,1
02b5ceff15b7b5259c0c,OMN,C2,modality,covered,direct_textual,0,1
02b5ceff15b7b5259c0c,OMN,C2,action,covered,direct_textual,0,1
02b5ceff15b7b5259c0c,OMN,C2,scope,covered,conceptual,0,1
02b5ceff15b7b5259c0c,OMN,C2,condition,partial,direct_textual,0,1
02b5ceff15b7b5259c0c,OMN,C2,exception,covered,conceptual,0,1
02b5ceff15b7b5259c0c,OMN,C2,temporal,covered,direct_textual,0,1
02b5ceff15b7b5259c0c,OMN,C2,consequence,covered,absent,0,0
0330b86bc6b5694de80e,UAE,C2,addressee,covered,direct_textual,1,1
0330b86bc6b5694de80e,UAE,C2,modality,covered,direct_textual,1,1
0330b86bc6b5694de80e,UAE,C2,action,covered,direct_textual,1,1
0330b86bc6b5694de80e,UAE,C2,scope,covered,direct_textual,1,1
0330b86bc6b5694de80e,UAE,C2,condition,uncovered,absent,0,0
0330b86bc6b5694de80e,UAE,C2,exception,narrower,direct_textual,1,1
0330b86bc6b5694de80e,UAE,C2,temporal,covered,absent,0,0
0330b86bc6b5694de80e,UAE,C2,consequence,covered,absent,0,0
03a43c24b6702ad17905,BHR,C5,addressee,uncovered,absent,0,0
03a43c24b6702ad17905,BHR,C5,modality,uncovered,absent,0,0
03a43c24b6702ad17905,BHR,C5,action,uncovered,absent,0,0
03a43c24b6702ad17905,BHR,C5,scope,uncovered,absent,0,0
03a43c24b6702ad17905,BHR,C5,condition,covered,absent,0,0
03a43c24b6702ad17905,BHR,C5,exception,uncovered,absent,0,0
03a43c24b6702ad17905,BHR,C5,temporal,covered,absent,0,0
03a43c24b6702ad17905,BHR,C5,consequence,covered,absent,0,0
03fb69c62d254806e243,UAE,C3,addressee,covered,direct_textual,0,1
03fb69c62d254806e243,UAE,C3,modality,weaker_modality,distributed,0,1
03fb69c62d254806e243,UAE,C3,action,partial,distributed,0,1
03fb69c62d254806e243,UAE,C3,scope,covered,direct_textual,0,1
03fb69c62d254806e243,UAE,C3,condition,covered,direct_textual,0,1
03fb69c62d254806e243,UAE,C3,exception,partial,distributed,0,1
03fb69c62d254806e243,UAE,C3,temporal,covered,absent,0,0
03fb69c62d254806e243,UAE,C3,consequence,covered,absent,0,0
041886f53f00855e7915,KSA,C2,addressee,uncovered,direct_textual,0,1
041886f53f00855e7915,KSA,C2,modality,uncovered,direct_textual,0,1
041886f53f00855e7915,KSA,C2,action,uncovered,direct_textual,0,1
041886f53f00855e7915,KSA,C2,scope,uncovered,direct_textual,0,1
041886f53f00855e7915,KSA,C2,condition,uncovered,direct_textual,0,1
041886f53f00855e7915,KSA,C2,exception,covered,absent,0,0
041886f53f00855e7915,KSA,C2,temporal,covered,absent,0,0
041886f53f00855e7915,KSA,C2,consequence,covered,absent,0,0
04af728eed463ff9f69c,UAE,C4,addressee,covered,direct_textual,0,1
04af728eed463ff9f69c,UAE,C4,modality,covered,direct_textual,0,1
04af728eed463ff9f69c,UAE,C4,action,narrower,distributed,0,1
04af728eed463ff9f69c,UAE,C4,scope,narrower,distributed,0,1
04af728eed463ff9f69c,UAE,C4,condition,covered,direct_textual,0,1
04af728eed463ff9f69c,UAE,C4,exception,covered,absent,0,0
04af728eed463ff9f69c,UAE,C4,temporal,covered,absent,0,0
04af728eed463ff9f69c,UAE,C4,consequence,covered,absent,0,0
04f26d13c7ce0e444f20,QAT,C5,addressee,uncovered,absent,1,0
04f26d13c7ce0e444f20,QAT,C5,modality,uncovered,absent,1,0
04f26d13c7ce0e444f20,QAT,C5,action,uncovered,absent,1,0
04f26d13c7ce0e444f20,QAT,C5,scope,uncovered,absent,1,0
04f26d13c7ce0e444f20,QAT,C5,condition,uncovered,absent,1,0
04f26d13c7ce0e444f20,QAT,C5,exception,uncovered,absent,1,0
04f26d13c7ce0e444f20,QAT,C5,temporal,uncovered,absent,1,0
04f26d13c7ce0e444f20,QAT,C5,consequence,uncovered,absent,1,0
058bee0d6e2012b3aa8e,BHR,C4,addressee,covered,direct_textual,0,1
058bee0d6e2012b3aa8e,BHR,C4,modality,covered,direct_textual,0,1
058bee0d6e2012b3aa8e,BHR,C4,action,uncovered,absent,0,1
058bee0d6e2012b3aa8e,BHR,C4,scope,narrower,direct_textual,0,1
058bee0d6e2012b3aa8e,BHR,C4,condition,covered,absent,0,0
058bee0d6e2012b3aa8e,BHR,C4,exception,covered,absent,0,0
058bee0d6e2012b3aa8e,BHR,C4,temporal,covered,absent,0,0
058bee0d6e2012b3aa8e,BHR,C4,consequence,covered,absent,0,0
05bc8f3ba1016361fe34,BHR,C2,addressee,covered,direct_textual,0,1
05bc8f3ba1016361fe34,BHR,C2,modality,covered,direct_textual,0,1
05bc8f3ba1016361fe34,BHR,C2,action,uncovered,direct_textual,0,1
05bc8f3ba1016361fe34,BHR,C2,scope,covered,direct_textual,0,1
05bc8f3ba1016361fe34,BHR,C2,condition,partial,direct_textual,0,1
05bc8f3ba1016361fe34,BHR,C2,exception,partial,direct_textual,0,1
05bc8f3ba1016361fe34,BHR,C2,temporal,broader,direct_textual,0,1
05bc8f3ba1016361fe34,BHR,C2,consequence,covered,absent,0,0
064b2a2a1b2957ded456,UAE,C5,addressee,uncovered,absent,0,0
064b2a2a1b2957ded456,UAE,C5,modality,uncovered,absent,0,0
064b2a2a1b2957ded456,UAE,C5,action,uncovered,absent,0,0
064b2a2a1b2957ded456,UAE,C5,scope,uncovered,absent,0,0
064b2a2a1b2957ded456,UAE,C5,condition,uncovered,absent,0,0
064b2a2a1b2957ded456,UAE,C5,exception,uncovered,absent,0,0
064b2a2a1b2957ded456,UAE,C5,temporal,uncovered,absent,0,0
064b2a2a1b2957ded456,UAE,C5,consequence,uncovered,absent,0,0
073fca5d1a44b4e3168e,QAT,C4,addressee,covered,direct_textual,0,1
073fca5d1a44b4e3168e,QAT,C4,modality,covered,direct_textual,0,1
073fca5d1a44b4e3168e,QAT,C4,action,narrower,direct_textual,0,1
073fca5d1a44b4e3168e,QAT,C4,scope,broader,direct_textual,0,1
073fca5d1a44b4e3168e,QAT,C4,condition,covered,distributed,0,1
073fca5d1a44b4e3168e,QAT,C4,exception,covered,absent,0,0
073fca5d1a44b4e3168e,QAT,C4,temporal,covered,direct_textual,0,1
073fca5d1a44b4e3168e,QAT,C4,consequence,covered,absent,0,0
07b2e09f0787d52746f5,OMN,C2,addressee,uncovered,direct_textual,1,1
07b2e09f0787d52746f5,OMN,C2,modality,covered,direct_textual,1,1
07b2e09f0787d52746f5,OMN,C2,action,partial,conceptual,1,1
07b2e09f0787d52746f5,OMN,C2,scope,uncovered,absent,0,1
07b2e09f0787d52746f5,OMN,C2,condition,uncovered,absent,0,0
07b2e09f0787d52746f5,OMN,C2,exception,covered,absent,0,0
07b2e09f0787d52746f5,OMN,C2,temporal,covered,absent,0,0
07b2e09f0787d52746f5,OMN,C2,consequence,covered,absent,0,0
07c9d7f5609eda26d33a,BHR,C3,addressee,covered,direct_textual,0,1
07c9d7f5609eda26d33a,BHR,C3,modality,weaker_modality,direct_textual,0,1
07c9d7f5609eda26d33a,BHR,C3,action,covered,direct_textual,0,1
07c9d7f5609eda26d33a,BHR,C3,scope,covered,absent,0,0
07c9d7f5609eda26d33a,BHR,C3,condition,narrower,direct_textual,0,1
07c9d7f5609eda26d33a,BHR,C3,exception,uncovered,absent,0,0
07c9d7f5609eda26d33a,BHR,C3,temporal,broader,direct_textual,0,1
07c9d7f5609eda26d33a,BHR,C3,consequence,covered,absent,0,0
07d2b604a058eb4c43b5,BHR,C4,addressee,covered,direct_textual,0,1
07d2b604a058eb4c43b5,BHR,C4,modality,uncovered,absent,0,0
07d2b604a058eb4c43b5,BHR,C4,action,broader,direct_textual,0,1
07d2b604a058eb4c43b5,BHR,C4,scope,broader,direct_textual,0,1
07d2b604a058eb4c43b5,BHR,C4,condition,covered,conceptual,0,1
07d2b604a058eb4c43b5,BHR,C4,exception,uncovered,absent,0,0
07d2b604a058eb4c43b5,BHR,C4,temporal,covered,absent,0,0
07d2b604a058eb4c43b5,BHR,C4,consequence,covered,absent,0,0
07f406d590190eb365ac,KWT,C5,addressee,uncovered,absent,0,0
07f406d590190eb365ac,KWT,C5,modality,uncovered,absent,0,0
07f406d590190eb365ac,KWT,C5,action,uncovered,absent,0,0
07f406d590190eb365ac,KWT,C5,scope,uncovered,absent,0,0
07f406d590190eb365ac,KWT,C5,condition,uncovered,absent,0,0
07f406d590190eb365ac,KWT,C5,exception,uncovered,absent,0,0
07f406d590190eb365ac,KWT,C5,temporal,uncovered,absent,0,0
07f406d590190eb365ac,KWT,C5,consequence,uncovered,absent,0,0
08803c4c3dabce30c9d2,KSA,C2,addressee,covered,direct_textual,0,1
08803c4c3dabce30c9d2,KSA,C2,modality,covered,direct_textual,0,1
08803c4c3dabce30c9d2,KSA,C2,action,uncovered,absent,0,0
08803c4c3dabce30c9d2,KSA,C2,scope,uncovered,absent,0,0
08803c4c3dabce30c9d2,KSA,C2,condition,uncovered,absent,0,0
08803c4c3dabce30c9d2,KSA,C2,exception,uncovered,absent,0,0
08803c4c3dabce30c9d2,KSA,C2,temporal,uncovered,absent,0,0
08803c4c3dabce30c9d2,KSA,C2,consequence,uncovered,absent,0,0
08973b3b80d8542c2b50,UAE,C3,addressee,covered,direct_textual,0,1
08973b3b80d8542c2b50,UAE,C3,modality,weaker_modality,direct_textual,0,1
08973b3b80d8542c2b50,UAE,C3,action,partial,direct_textual,0,1
08973b3b80d8542c2b50,UAE,C3,scope,partial,direct_textual,0,1
08973b3b80d8542c2b50,UAE,C3,condition,broader,direct_textual,0,1
08973b3b80d8542c2b50,UAE,C3,exception,covered,absent,0,0
08973b3b80d8542c2b50,UAE,C3,temporal,covered,absent,0,0
08973b3b80d8542c2b50,UAE,C3,consequence,covered,absent,0,0
089b23e75b6624542ffa,OMN,C2,addressee,covered,direct_textual,0,1
089b23e75b6624542ffa,OMN,C2,modality,covered,distributed,0,1
089b23e75b6624542ffa,OMN,C2,action,partial,distributed,0,1
089b23e75b6624542ffa,OMN,C2,scope,covered,distributed,0,1
089b23e75b6624542ffa,OMN,C2,condition,covered,direct_textual,0,1
089b23e75b6624542ffa,OMN,C2,exception,covered,absent,0,0
089b23e75b6624542ffa,OMN,C2,temporal,covered,absent,0,0
089b23e75b6624542ffa,OMN,C2,consequence,covered,absent,0,0
08e218aad754b9455378,KWT,C2,addressee,uncovered,direct_textual,0,1
08e218aad754b9455378,KWT,C2,modality,covered,direct_textual,0,1
08e218aad754b9455378,KWT,C2,action,uncovered,direct_textual,0,1
08e218aad754b9455378,KWT,C2,scope,uncovered,direct_textual,0,1
08e218aad754b9455378,KWT,C2,condition,uncovered,absent,0,1
08e218aad754b9455378,KWT,C2,exception,covered,absent,0,0
08e218aad754b9455378,KWT,C2,temporal,uncovered,absent,0,0
08e218aad754b9455378,KWT,C2,consequence,covered,absent,0,0
0927a1bdee191e124441,KWT,C5,addressee,uncovered,absent,0,0
0927a1bdee191e124441,KWT,C5,modality,uncovered,absent,0,0
0927a1bdee191e124441,KWT,C5,action,uncovered,absent,0,0
0927a1bdee191e124441,KWT,C5,scope,uncovered,absent,0,0
0927a1bdee191e124441,KWT,C5,condition,covered,absent,0,0
0927a1bdee191e124441,KWT,C5,exception,covered,absent,0,0
0927a1bdee191e124441,KWT,C5,temporal,covered,absent,0,0
0927a1bdee191e124441,KWT,C5,consequence,covered,absent,0,0
096c7c923fb1d0e713f1,BHR,C2,addressee,covered,direct_textual,0,1
096c7c923fb1d0e713f1,BHR,C2,modality,broader,direct_textual,0,1
096c7c923fb1d0e713f1,BHR,C2,action,partial,distributed,0,1
096c7c923fb1d0e713f1,BHR,C2,scope,covered,direct_textual,0,1
096c7c923fb1d0e713f1,BHR,C2,condition,uncovered,absent,0,0
096c7c923fb1d0e713f1,BHR,C2,exception,covered,absent,0,0
096c7c923fb1d0e713f1,BHR,C2,temporal,covered,absent,0,0
096c7c923fb1d0e713f1,BHR,C2,consequence,covered,absent,0,0
09c6335f5f5340f628d5,OMN,C5,addressee,uncovered,absent,0,0
09c6335f5f5340f628d5,OMN,C5,modality,uncovered,absent,0,0
09c6335f5f5340f628d5,OMN,C5,action,uncovered,absent,0,0
09c6335f5f5340f628d5,OMN,C5,scope,uncovered,absent,0,0
09c6335f5f5340f628d5,OMN,C5,condition,covered,absent,0,0
09c6335f5f5340f628d5,OMN,C5,exception,uncovered,absent,0,0
09c6335f5f5340f628d5,OMN,C5,temporal,covered,absent,0,0
09c6335f5f5340f628d5,OMN,C5,consequence,covered,absent,0,0
09d1028be2e7f10a946f,BHR,C4,proposition,partial,distributed,0,1
09d1028be2e7f10a946f,BHR,C4,addressee,covered,direct_textual,0,1
09d1028be2e7f10a946f,BHR,C4,modality,covered,direct_textual,0,1
09d1028be2e7f10a946f,BHR,C4,action,narrower,distributed,0,1
09d1028be2e7f10a946f,BHR,C4,scope,narrower,distributed,0,1
09d1028be2e7f10a946f,BHR,C4,condition,narrower,distributed,0,1
09d1028be2e7f10a946f,BHR,C4,exception,narrower,distributed,0,1
09d1028be2e7f10a946f,BHR,C4,temporal,broader,direct_textual,0,1
09d1028be2e7f10a946f,BHR,C4,consequence,broader,direct_textual,0,1
09f0b1ebe47ca36b5131,BHR,C4,proposition,narrower,direct_textual,0,1
09f0b1ebe47ca36b5131,BHR,C4,addressee,narrower,direct_textual,0,1
09f0b1ebe47ca36b5131,BHR,C4,modality,covered,direct_textual,0,1
09f0b1ebe47ca36b5131,BHR,C4,action,covered,direct_textual,0,1
09f0b1ebe47ca36b5131,BHR,C4,scope,narrower,direct_textual,0,1
09f0b1ebe47ca36b5131,BHR,C4,condition,narrower,direct_textual,0,1
09f0b1ebe47ca36b5131,BHR,C4,exception,uncovered,absent,0,0
09f0b1ebe47ca36b5131,BHR,C4,temporal,broader,direct_textual,0,1
09f0b1ebe47ca36b5131,BHR,C4,consequence,covered,absent,0,0
0a1aa4464547ef5889ca,BHR,C5,addressee,uncovered,absent,0,0
0a1aa4464547ef5889ca,BHR,C5,modality,uncovered,absent,0,0
0a1aa4464547ef5889ca,BHR,C5,action,uncovered,absent,0,0
0a1aa4464547ef5889ca,BHR,C5,scope,uncovered,absent,0,0
0a1aa4464547ef5889ca,BHR,C5,condition,uncovered,absent,0,0
0a1aa4464547ef5889ca,BHR,C5,exception,uncovered,absent,0,0
0a1aa4464547ef5889ca,BHR,C5,temporal,uncovered,absent,0,0
0a1aa4464547ef5889ca,BHR,C5,consequence,uncovered,absent,0,0
0a25559225b4858704c3,KSA,C2,addressee,covered,direct_textual,0,1
0a25559225b4858704c3,KSA,C2,modality,uncovered,absent,0,0
0a25559225b4858704c3,KSA,C2,action,uncovered,absent,0,0
0a25559225b4858704c3,KSA,C2,scope,partial,distributed,0,1
0a25559225b4858704c3,KSA,C2,condition,covered,absent,0,0
0a25559225b4858704c3,KSA,C2,exception,covered,absent,0,0
0a25559225b4858704c3,KSA,C2,temporal,covered,absent,0,0
0a25559225b4858704c3,KSA,C2,consequence,covered,absent,0,0
0ac90fe6eb6a81b97e86,UAE,C5,addressee,uncovered,absent,0,0
0ac90fe6eb6a81b97e86,UAE,C5,modality,uncovered,absent,0,0
0ac90fe6eb6a81b97e86,UAE,C5,action,uncovered,absent,0,0
0ac90fe6eb6a81b97e86,UAE,C5,scope,uncovered,absent,0,0
0ac90fe6eb6a81b97e86,UAE,C5,condition,uncovered,absent,0,0
0ac90fe6eb6a81b97e86,UAE,C5,exception,uncovered,absent,0,0
0ac90fe6eb6a81b97e86,UAE,C5,temporal,uncovered,absent,0,0
0ac90fe6eb6a81b97e86,UAE,C5,consequence,uncovered,absent,0,0
0ad86f8d80253484fde9,QAT,C2,addressee,covered,conceptual,0,1
0ad86f8d80253484fde9,QAT,C2,modality,covered,direct_textual,0,1
0ad86f8d80253484fde9,QAT,C2,action,uncovered,absent,0,0
0ad86f8d80253484fde9,QAT,C2,scope,uncovered,absent,0,0
0ad86f8d80253484fde9,QAT,C2,condition,covered,absent,0,0
0ad86f8d80253484fde9,QAT,C2,exception,covered,absent,0,0
0ad86f8d80253484fde9,QAT,C2,temporal,covered,absent,0,0
0ad86f8d80253484fde9,QAT,C2,consequence,covered,absent,0,0
0b02494f0dc5d8bdf9e3,KWT,C5,addressee,uncovered,absent,0,0
0b02494f0dc5d8bdf9e3,KWT,C5,modality,uncovered,absent,0,0
0b02494f0dc5d8bdf9e3,KWT,C5,action,uncovered,absent,0,0
0b02494f0dc5d8bdf9e3,KWT,C5,scope,uncovered,absent,0,0
0b02494f0dc5d8bdf9e3,KWT,C5,condition,uncovered,absent,0,0
0b02494f0dc5d8bdf9e3,KWT,C5,exception,covered,absent,0,0
0b02494f0dc5d8bdf9e3,KWT,C5,temporal,covered,absent,0,0
0b02494f0dc5d8bdf9e3,KWT,C5,consequence,covered,absent,0,0
0b086f948698bcbc9139,KSA,C5,addressee,uncovered,absent,0,0
0b086f948698bcbc9139,KSA,C5,modality,uncovered,absent,0,0
0b086f948698bcbc9139,KSA,C5,action,uncovered,absent,0,0
0b086f948698bcbc9139,KSA,C5,scope,uncovered,absent,0,0
0b086f948698bcbc9139,KSA,C5,condition,uncovered,absent,0,0
0b086f948698bcbc9139,KSA,C5,exception,uncovered,absent,0,0
0b086f948698bcbc9139,KSA,C5,temporal,uncovered,absent,0,0
0b086f948698bcbc9139,KSA,C5,consequence,uncovered,absent,0,0
0b343955ad39ec1bb809,KWT,C5,addressee,uncovered,absent,0,0
0b343955ad39ec1bb809,KWT,C5,modality,uncovered,absent,0,0
0b343955ad39ec1bb809,KWT,C5,action,uncovered,absent,0,0
0b343955ad39ec1bb809,KWT,C5,scope,uncovered,absent,0,0
0b343955ad39ec1bb809,KWT,C5,condition,uncovered,absent,0,0
0b343955ad39ec1bb809,KWT,C5,exception,uncovered,absent,0,0
0b343955ad39ec1bb809,KWT,C5,temporal,uncovered,absent,0,0
0b343955ad39ec1bb809,KWT,C5,consequence,uncovered,absent,0,0
0ba0ca0789f0560c69ff,BHR,C4,addressee,covered,direct_textual,0,1
0ba0ca0789f0560c69ff,BHR,C4,modality,covered,direct_textual,0,1
0ba0ca0789f0560c69ff,BHR,C4,action,covered,conceptual,0,1
0ba0ca0789f0560c69ff,BHR,C4,scope,narrower,direct_textual,0,1
0ba0ca0789f0560c69ff,BHR,C4,condition,covered,absent,0,0
0ba0ca0789f0560c69ff,BHR,C4,exception,narrower,direct_textual,0,1
0ba0ca0789f0560c69ff,BHR,C4,temporal,covered,absent,0,0
0ba0ca0789f0560c69ff,BHR,C4,consequence,broader,direct_textual,0,1
0bcfe6cdc6a47dc30112,BHR,C2,addressee,covered,direct_textual,0,1
0bcfe6cdc6a47dc30112,BHR,C2,modality,covered,direct_textual,0,1
0bcfe6cdc6a47dc30112,BHR,C2,action,uncovered,absent,0,0
0bcfe6cdc6a47dc30112,BHR,C2,scope,uncovered,absent,0,0
0bcfe6cdc6a47dc30112,BHR,C2,condition,uncovered,absent,0,0
0bcfe6cdc6a47dc30112,BHR,C2,exception,uncovered,absent,0,0
0bcfe6cdc6a47dc30112,BHR,C2,temporal,uncovered,absent,0,0
0bcfe6cdc6a47dc30112,BHR,C2,consequence,uncovered,absent,0,0
0beb20b5307636aad8e5,OMN,C3,addressee,covered,direct_textual,0,1
0beb20b5307636aad8e5,OMN,C3,modality,weaker_modality,distributed,0,1
0beb20b5307636aad8e5,OMN,C3,action,partial,direct_textual,0,1
0beb20b5307636aad8e5,OMN,C3,scope,covered,direct_textual,0,1
0beb20b5307636aad8e5,OMN,C3,condition,uncovered,absent,0,0
0beb20b5307636aad8e5,OMN,C3,exception,narrower,direct_textual,0,1
0beb20b5307636aad8e5,OMN,C3,temporal,uncovered,absent,0,0
0beb20b5307636aad8e5,OMN,C3,consequence,covered,absent,0,0
0c71093735216687926b,BHR,C2,addressee,covered,direct_textual,0,1
0c71093735216687926b,BHR,C2,modality,covered,direct_textual,0,1
0c71093735216687926b,BHR,C2,action,covered,direct_textual,0,1
0c71093735216687926b,BHR,C2,scope,covered,direct_textual,0,1
0c71093735216687926b,BHR,C2,condition,covered,distributed,0,1
0c71093735216687926b,BHR,C2,exception,covered,absent,0,1
0c71093735216687926b,BHR,C2,temporal,partial,direct_textual,0,1
0c71093735216687926b,BHR,C2,consequence,broader,direct_textual,0,1
0cc689323a4cab02f60c,KWT,C5,addressee,uncovered,absent,0,0
0cc689323a4cab02f60c,KWT,C5,modality,uncovered,absent,0,0
0cc689323a4cab02f60c,KWT,C5,action,uncovered,absent,0,0
0cc689323a4cab02f60c,KWT,C5,scope,uncovered,absent,0,0
0cc689323a4cab02f60c,KWT,C5,condition,uncovered,absent,0,0
0cc689323a4cab02f60c,KWT,C5,exception,uncovered,absent,0,0
0cc689323a4cab02f60c,KWT,C5,temporal,uncovered,absent,0,0
0cc689323a4cab02f60c,KWT,C5,consequence,uncovered,absent,0,0
0d2a1cb15f09c3c41457,OMN,C3,addressee,covered,conceptual,0,1
0d2a1cb15f09c3c41457,OMN,C3,modality,weaker_modality,direct_textual,0,1
0d2a1cb15f09c3c41457,OMN,C3,action,partial,direct_textual,0,1
0d2a1cb15f09c3c41457,OMN,C3,scope,narrower,direct_textual,0,1
0d2a1cb15f09c3c41457,OMN,C3,condition,covered,absent,0,0
0d2a1cb15f09c3c41457,OMN,C3,exception,covered,absent,0,0
0d2a1cb15f09c3c41457,OMN,C3,temporal,covered,absent,0,0
0d2a1cb15f09c3c41457,OMN,C3,consequence,covered,absent,0,0
0d2d7828495a9a4bf93d,KSA,C2,addressee,uncovered,conceptual,0,1
0d2d7828495a9a4bf93d,KSA,C2,modality,covered,direct_textual,0,1
0d2d7828495a9a4bf93d,KSA,C2,action,partial,conceptual,0,1
0d2d7828495a9a4bf93d,KSA,C2,scope,uncovered,absent,0,0
0d2d7828495a9a4bf93d,KSA,C2,condition,uncovered,absent,0,1
0d2d7828495a9a4bf93d,KSA,C2,exception,covered,absent,0,0
0d2d7828495a9a4bf93d,KSA,C2,temporal,covered,absent,0,0
0d2d7828495a9a4bf93d,KSA,C2,consequence,covered,absent,0,0
0d41745df483c05b5317,BHR,C2,addressee,uncovered,absent,0,0
0d41745df483c05b5317,BHR,C2,modality,uncovered,absent,0,0
0d41745df483c05b5317,BHR,C2,action,uncovered,absent,0,0
0d41745df483c05b5317,BHR,C2,scope,covered,absent,0,0
0d41745df483c05b5317,BHR,C2,condition,uncovered,absent,0,0
0d41745df483c05b5317,BHR,C2,exception,covered,absent,0,0
0d41745df483c05b5317,BHR,C2,temporal,covered,absent,0,0
0d41745df483c05b5317,BHR,C2,consequence,covered,absent,0,0
0d78769d98f031900da1,QAT,C4,addressee,covered,direct_textual,0,1
0d78769d98f031900da1,QAT,C4,modality,covered,direct_textual,0,1
0d78769d98f031900da1,QAT,C4,action,covered,distributed,0,1
0d78769d98f031900da1,QAT,C4,scope,narrower,direct_textual,0,1
0d78769d98f031900da1,QAT,C4,condition,uncovered,absent,0,0
0d78769d98f031900da1,QAT,C4,exception,broader,direct_textual,0,1
0d78769d98f031900da1,QAT,C4,temporal,covered,absent,0,0
0d78769d98f031900da1,QAT,C4,consequence,covered,absent,0,0
0dee1b11cf0a5691c982,OMN,C5,addressee,uncovered,absent,0,0
0dee1b11cf0a5691c982,OMN,C5,modality,uncovered,absent,0,0
0dee1b11cf0a5691c982,OMN,C5,action,uncovered,absent,0,0
0dee1b11cf0a5691c982,OMN,C5,scope,uncovered,absent,0,0
0dee1b11cf0a5691c982,OMN,C5,condition,uncovered,absent,0,0
0dee1b11cf0a5691c982,OMN,C5,exception,uncovered,absent,0,0
0dee1b11cf0a5691c982,OMN,C5,temporal,uncovered,absent,0,0
0dee1b11cf0a5691c982,OMN,C5,consequence,uncovered,absent,0,0
0e12bdfa9ee3f6c81d5d,OMN,C2,addressee,uncovered,absent,0,0
0e12bdfa9ee3f6c81d5d,OMN,C2,modality,uncovered,absent,0,0
0e12bdfa9ee3f6c81d5d,OMN,C2,action,uncovered,direct_textual,1,1
0e12bdfa9ee3f6c81d5d,OMN,C2,scope,uncovered,direct_textual,1,1
0e12bdfa9ee3f6c81d5d,OMN,C2,condition,uncovered,direct_textual,1,1
0e12bdfa9ee3f6c81d5d,OMN,C2,exception,covered,absent,0,0
0e12bdfa9ee3f6c81d5d,OMN,C2,temporal,covered,absent,0,0
0e12bdfa9ee3f6c81d5d,OMN,C2,consequence,covered,absent,0,0
0e4d9c894780894b700b,KSA,C2,addressee,covered,conceptual,0,1
0e4d9c894780894b700b,KSA,C2,modality,uncovered,absent,0,0
0e4d9c894780894b700b,KSA,C2,action,uncovered,absent,0,0
0e4d9c894780894b700b,KSA,C2,scope,uncovered,absent,0,0
0e4d9c894780894b700b,KSA,C2,condition,uncovered,absent,0,0
0e4d9c894780894b700b,KSA,C2,exception,uncovered,absent,0,0
0e4d9c894780894b700b,KSA,C2,temporal,uncovered,absent,0,0
0e4d9c894780894b700b,KSA,C2,consequence,uncovered,absent,0,0
0e5cfc41060bfbeea53e,OMN,C2,addressee,covered,direct_textual,1,1
0e5cfc41060bfbeea53e,OMN,C2,modality,covered,direct_textual,1,1
0e5cfc41060bfbeea53e,OMN,C2,action,partial,direct_textual,1,1
0e5cfc41060bfbeea53e,OMN,C2,scope,uncovered,absent,1,0
0e5cfc41060bfbeea53e,OMN,C2,condition,broader,direct_textual,1,1
0e5cfc41060bfbeea53e,OMN,C2,exception,covered,absent,0,0
0e5cfc41060bfbeea53e,OMN,C2,temporal,covered,absent,0,0
0e5cfc41060bfbeea53e,OMN,C2,consequence,covered,absent,0,0
0e675f182c5bbb66ba89,OMN,C5,addressee,uncovered,absent,0,0
0e675f182c5bbb66ba89,OMN,C5,modality,uncovered,absent,0,0
0e675f182c5bbb66ba89,OMN,C5,action,uncovered,absent,0,0
0e675f182c5bbb66ba89,OMN,C5,scope,uncovered,absent,0,0
0e675f182c5bbb66ba89,OMN,C5,condition,uncovered,absent,0,0
0e675f182c5bbb66ba89,OMN,C5,exception,uncovered,absent,0,0
0e675f182c5bbb66ba89,OMN,C5,temporal,uncovered,absent,0,0
0e675f182c5bbb66ba89,OMN,C5,consequence,uncovered,absent,0,0
0e7bad0199cda9862e26,BHR,C4,addressee,narrower,direct_textual,1,1
0e7bad0199cda9862e26,BHR,C4,modality,covered,direct_textual,1,1
0e7bad0199cda9862e26,BHR,C4,action,partial,distributed,1,1
0e7bad0199cda9862e26,BHR,C4,scope,covered,absent,0,0
0e7bad0199cda9862e26,BHR,C4,condition,uncovered,absent,1,0
0e7bad0199cda9862e26,BHR,C4,exception,covered,absent,1,0
0e7bad0199cda9862e26,BHR,C4,temporal,broader,direct_textual,1,1
0e7bad0199cda9862e26,BHR,C4,consequence,covered,absent,1,0
0ec275d2b20021aa3a86,KSA,C2,addressee,covered,direct_textual,1,1
0ec275d2b20021aa3a86,KSA,C2,modality,covered,direct_textual,1,1
0ec275d2b20021aa3a86,KSA,C2,action,covered,direct_textual,1,1
0ec275d2b20021aa3a86,KSA,C2,scope,uncovered,absent,0,0
0ec275d2b20021aa3a86,KSA,C2,condition,uncovered,absent,0,0
0ec275d2b20021aa3a86,KSA,C2,exception,partial,distributed,1,1
0ec275d2b20021aa3a86,KSA,C2,temporal,covered,absent,0,0
0ec275d2b20021aa3a86,KSA,C2,consequence,covered,absent,0,0
0ecd4621874c97c9808e,UAE,C5,addressee,uncovered,absent,0,0
0ecd4621874c97c9808e,UAE,C5,modality,uncovered,absent,0,0
0ecd4621874c97c9808e,UAE,C5,action,uncovered,absent,0,0
0ecd4621874c97c9808e,UAE,C5,scope,uncovered,absent,0,0
0ecd4621874c97c9808e,UAE,C5,condition,uncovered,absent,0,0
0ecd4621874c97c9808e,UAE,C5,exception,uncovered,absent,0,0
0ecd4621874c97c9808e,UAE,C5,temporal,uncovered,absent,0,0
0ecd4621874c97c9808e,UAE,C5,consequence,uncovered,absent,0,0
0f1a495fa2d1964b2407,OMN,C4,addressee,covered,conceptual,1,1
0f1a495fa2d1964b2407,OMN,C4,modality,covered,direct_textual,1,1
0f1a495fa2d1964b2407,OMN,C4,action,covered,direct_textual,1,1
0f1a495fa2d1964b2407,OMN,C4,scope,broader,direct_textual,1,1
0f1a495fa2d1964b2407,OMN,C4,condition,covered,absent,0,0
0f1a495fa2d1964b2407,OMN,C4,exception,narrower,direct_textual,1,1
0f1a495fa2d1964b2407,OMN,C4,temporal,covered,absent,0,0
0f1a495fa2d1964b2407,OMN,C4,consequence,covered,absent,0,0
0f588f87ab5dba1a5e04,UAE,C2,addressee,covered,direct_textual,0,1
0f588f87ab5dba1a5e04,UAE,C2,modality,covered,direct_textual,0,1
0f588f87ab5dba1a5e04,UAE,C2,action,uncovered,direct_textual,0,1
0f588f87ab5dba1a5e04,UAE,C2,scope,covered,conceptual,0,1
0f588f87ab5dba1a5e04,UAE,C2,condition,uncovered,absent,0,0
0f588f87ab5dba1a5e04,UAE,C2,exception,covered,absent,0,0
0f588f87ab5dba1a5e04,UAE,C2,temporal,uncovered,absent,0,1
0f588f87ab5dba1a5e04,UAE,C2,consequence,covered,absent,0,0
0f6f1769a28255fb2529,UAE,C3,addressee,broader,direct_textual,1,1
0f6f1769a28255fb2529,UAE,C3,modality,weaker_modality,direct_textual,1,1
0f6f1769a28255fb2529,UAE,C3,action,partial,distributed,1,1
0f6f1769a28255fb2529,UAE,C3,scope,partial,direct_textual,1,1
0f6f1769a28255fb2529,UAE,C3,condition,covered,absent,1,0
0f6f1769a28255fb2529,UAE,C3,exception,covered,absent,1,0
0f6f1769a28255fb2529,UAE,C3,temporal,covered,absent,1,0
0f6f1769a28255fb2529,UAE,C3,consequence,covered,absent,1,0
0f72a90ce29132d2a5a8,QAT,C5,addressee,uncovered,absent,0,0
0f72a90ce29132d2a5a8,QAT,C5,modality,uncovered,absent,0,0
0f72a90ce29132d2a5a8,QAT,C5,action,uncovered,absent,0,0
0f72a90ce29132d2a5a8,QAT,C5,scope,uncovered,absent,0,0
0f72a90ce29132d2a5a8,QAT,C5,condition,uncovered,absent,0,0
0f72a90ce29132d2a5a8,QAT,C5,exception,uncovered,absent,0,0
0f72a90ce29132d2a5a8,QAT,C5,temporal,uncovered,absent,0,0
0f72a90ce29132d2a5a8,QAT,C5,consequence,uncovered,absent,0,0
0fc19e39523744b6a4e7,BHR,C5,addressee,uncovered,absent,0,0
0fc19e39523744b6a4e7,BHR,C5,modality,uncovered,absent,0,0
0fc19e39523744b6a4e7,BHR,C5,action,uncovered,absent,0,0
0fc19e39523744b6a4e7,BHR,C5,scope,uncovered,absent,0,0
0fc19e39523744b6a4e7,BHR,C5,condition,uncovered,absent,0,0
0fc19e39523744b6a4e7,BHR,C5,exception,uncovered,absent,0,0
0fc19e39523744b6a4e7,BHR,C5,temporal,uncovered,absent,0,0
0fc19e39523744b6a4e7,BHR,C5,consequence,uncovered,absent,0,0
1026c745bb2e9edf634a,KWT,C5,addressee,uncovered,absent,0,0
1026c745bb2e9edf634a,KWT,C5,modality,uncovered,absent,0,0
1026c745bb2e9edf634a,KWT,C5,action,uncovered,absent,0,0
1026c745bb2e9edf634a,KWT,C5,scope,uncovered,absent,0,0
1026c745bb2e9edf634a,KWT,C5,condition,uncovered,absent,0,0
1026c745bb2e9edf634a,KWT,C5,exception,uncovered,absent,0,0
1026c745bb2e9edf634a,KWT,C5,temporal,uncovered,absent,0,0
1026c745bb2e9edf634a,KWT,C5,consequence,uncovered,absent,0,0
10a3706af380f07532b9,OMN,C5,addressee,uncovered,absent,0,0
10a3706af380f07532b9,OMN,C5,modality,uncovered,absent,0,0
10a3706af380f07532b9,OMN,C5,action,uncovered,absent,0,0
10a3706af380f07532b9,OMN,C5,scope,uncovered,absent,0,0
10a3706af380f07532b9,OMN,C5,condition,uncovered,absent,0,0
10a3706af380f07532b9,OMN,C5,exception,covered,absent,0,0
10a3706af380f07532b9,OMN,C5,temporal,covered,absent,0,0
10a3706af380f07532b9,OMN,C5,consequence,covered,absent,0,0
10d70004a661a589878e,KSA,C3,addressee,covered,direct_textual,0,1
10d70004a661a589878e,KSA,C3,modality,weaker_modality,conceptual,0,1
10d70004a661a589878e,KSA,C3,action,covered,distributed,0,1
10d70004a661a589878e,KSA,C3,scope,narrower,direct_textual,0,1
10d70004a661a589878e,KSA,C3,condition,broader,direct_textual,0,1
10d70004a661a589878e,KSA,C3,exception,covered,absent,0,0
10d70004a661a589878e,KSA,C3,temporal,covered,absent,0,0
10d70004a661a589878e,KSA,C3,consequence,covered,absent,0,0
10ea62505b6b759302bf,UAE,C2,addressee,covered,direct_textual,1,1
10ea62505b6b759302bf,UAE,C2,modality,covered,direct_textual,1,1
10ea62505b6b759302bf,UAE,C2,action,uncovered,direct_textual,1,1
10ea62505b6b759302bf,UAE,C2,scope,covered,absent,0,0
10ea62505b6b759302bf,UAE,C2,condition,uncovered,absent,0,0
10ea62505b6b759302bf,UAE,C2,exception,uncovered,absent,0,0
10ea62505b6b759302bf,UAE,C2,temporal,uncovered,absent,0,0
10ea62505b6b759302bf,UAE,C2,consequence,covered,absent,0,0
113a50bd7cc1ec2338e1,KSA,C4,addressee,covered,conceptual,0,1
113a50bd7cc1ec2338e1,KSA,C4,modality,covered,direct_textual,0,1
113a50bd7cc1ec2338e1,KSA,C4,action,covered,direct_textual,0,1
113a50bd7cc1ec2338e1,KSA,C4,scope,narrower,direct_textual,0,1
113a50bd7cc1ec2338e1,KSA,C4,condition,narrower,direct_textual,0,1
113a50bd7cc1ec2338e1,KSA,C4,exception,narrower,direct_textual,0,1
113a50bd7cc1ec2338e1,KSA,C4,temporal,covered,conceptual,0,1
113a50bd7cc1ec2338e1,KSA,C4,consequence,covered,absent,0,0
115ed12dc447e329f0c7,KSA,C4,addressee,narrower,direct_textual,0,1
115ed12dc447e329f0c7,KSA,C4,modality,covered,direct_textual,0,1
115ed12dc447e329f0c7,KSA,C4,action,partial,distributed,0,1
115ed12dc447e329f0c7,KSA,C4,scope,uncovered,absent,0,0
115ed12dc447e329f0c7,KSA,C4,condition,narrower,direct_textual,0,1
115ed12dc447e329f0c7,KSA,C4,exception,narrower,direct_textual,0,1
115ed12dc447e329f0c7,KSA,C4,temporal,narrower,direct_textual,0,1
115ed12dc447e329f0c7,KSA,C4,consequence,covered,absent,0,0
118b97b9930785079cf6,OMN,C5,addressee,uncovered,absent,0,0
118b97b9930785079cf6,OMN,C5,modality,uncovered,absent,0,0
118b97b9930785079cf6,OMN,C5,action,uncovered,absent,0,0
118b97b9930785079cf6,OMN,C5,scope,uncovered,absent,0,0
118b97b9930785079cf6,OMN,C5,condition,uncovered,absent,0,0
118b97b9930785079cf6,OMN,C5,exception,uncovered,absent,0,0
118b97b9930785079cf6,OMN,C5,temporal,uncovered,absent,0,0
118b97b9930785079cf6,OMN,C5,consequence,uncovered,absent,0,0
135672e25141394c8227,BHR,C2,addressee,covered,direct_textual,1,1
135672e25141394c8227,BHR,C2,modality,uncovered,absent,1,0
135672e25141394c8227,BHR,C2,action,uncovered,absent,1,0
135672e25141394c8227,BHR,C2,scope,covered,absent,0,0
135672e25141394c8227,BHR,C2,condition,covered,conceptual,1,1
135672e25141394c8227,BHR,C2,exception,covered,absent,1,0
135672e25141394c8227,BHR,C2,temporal,covered,absent,1,0
135672e25141394c8227,BHR,C2,consequence,covered,absent,1,0
136fd16b4f79c9d33fab,KWT,C4,addressee,narrower,conceptual,1,1
136fd16b4f79c9d33fab,KWT,C4,modality,covered,direct_textual,1,1
136fd16b4f79c9d33fab,KWT,C4,action,covered,distributed,1,1
136fd16b4f79c9d33fab,KWT,C4,scope,partial,direct_textual,1,1
136fd16b4f79c9d33fab,KWT,C4,condition,broader,absent,0,1
136fd16b4f79c9d33fab,KWT,C4,exception,covered,absent,0,0
136fd16b4f79c9d33fab,KWT,C4,temporal,covered,absent,0,0
136fd16b4f79c9d33fab,KWT,C4,consequence,covered,absent,0,0
1374897268eb6625897b,UAE,C4,addressee,narrower,direct_textual,1,1
1374897268eb6625897b,UAE,C4,modality,uncovered,absent,1,0
1374897268eb6625897b,UAE,C4,action,partial,direct_textual,1,1
1374897268eb6625897b,UAE,C4,scope,covered,absent,0,0
1374897268eb6625897b,UAE,C4,condition,partial,conceptual,1,1
1374897268eb6625897b,UAE,C4,exception,covered,absent,0,0
1374897268eb6625897b,UAE,C4,temporal,covered,absent,0,0
1374897268eb6625897b,UAE,C4,consequence,covered,absent,0,0
137ecdbae434614828bc,UAE,C4,proposition,narrower,distributed,0,1
137ecdbae434614828bc,UAE,C4,addressee,narrower,direct_textual,0,1
137ecdbae434614828bc,UAE,C4,modality,covered,direct_textual,0,1
137ecdbae434614828bc,UAE,C4,action,narrower,distributed,0,1
137ecdbae434614828bc,UAE,C4,scope,covered,direct_textual,0,1
137ecdbae434614828bc,UAE,C4,condition,narrower,direct_textual,0,1
137ecdbae434614828bc,UAE,C4,exception,covered,absent,0,0
137ecdbae434614828bc,UAE,C4,temporal,narrower,direct_textual,0,1
137ecdbae434614828bc,UAE,C4,consequence,covered,absent,0,0
1385c298b4a11e84f56a,KSA,C5,addressee,uncovered,absent,0,0
1385c298b4a11e84f56a,KSA,C5,modality,uncovered,absent,0,0
1385c298b4a11e84f56a,KSA,C5,action,uncovered,absent,0,0
1385c298b4a11e84f56a,KSA,C5,scope,uncovered,absent,0,0
1385c298b4a11e84f56a,KSA,C5,condition,uncovered,absent,0,0
1385c298b4a11e84f56a,KSA,C5,exception,uncovered,absent,0,0
1385c298b4a11e84f56a,KSA,C5,temporal,uncovered,absent,0,0
1385c298b4a11e84f56a,KSA,C5,consequence,uncovered,absent,0,0
13a977946ca7169a015d,KWT,C4,proposition,partial,distributed,0,1
13a977946ca7169a015d,KWT,C4,addressee,covered,conceptual,0,1
13a977946ca7169a015d,KWT,C4,modality,covered,direct_textual,0,1
13a977946ca7169a015d,KWT,C4,action,partial,distributed,0,1
13a977946ca7169a015d,KWT,C4,scope,narrower,direct_textual,0,1
13a977946ca7169a015d,KWT,C4,condition,covered,absent,0,0
13a977946ca7169a015d,KWT,C4,exception,covered,absent,0,0
13a977946ca7169a015d,KWT,C4,temporal,covered,distributed,0,1
13a977946ca7169a015d,KWT,C4,consequence,covered,absent,0,0
13be5e5bb727c300ae7a,UAE,C5,addressee,uncovered,absent,0,0
13be5e5bb727c300ae7a,UAE,C5,modality,uncovered,absent,0,0
13be5e5bb727c300ae7a,UAE,C5,action,uncovered,absent,0,0
13be5e5bb727c300ae7a,UAE,C5,scope,uncovered,absent,0,0
13be5e5bb727c300ae7a,UAE,C5,condition,uncovered,absent,0,0
13be5e5bb727c300ae7a,UAE,C5,exception,uncovered,absent,0,0
13be5e5bb727c300ae7a,UAE,C5,temporal,uncovered,absent,0,0
13be5e5bb727c300ae7a,UAE,C5,consequence,uncovered,absent,0,0
13c443f5f6c0d96527f8,OMN,C5,addressee,uncovered,absent,0,0
13c443f5f6c0d96527f8,OMN,C5,modality,uncovered,absent,0,0
13c443f5f6c0d96527f8,OMN,C5,action,uncovered,absent,0,0
13c443f5f6c0d96527f8,OMN,C5,scope,uncovered,absent,0,0
13c443f5f6c0d96527f8,OMN,C5,condition,uncovered,absent,0,0
13c443f5f6c0d96527f8,OMN,C5,exception,uncovered,absent,0,0
13c443f5f6c0d96527f8,OMN,C5,temporal,uncovered,absent,0,0
13c443f5f6c0d96527f8,OMN,C5,consequence,uncovered,absent,0,0
1431224aef5f0d458d63,UAE,C2,addressee,covered,direct_textual,0,1
1431224aef5f0d458d63,UAE,C2,modality,uncovered,absent,0,0
1431224aef5f0d458d63,UAE,C2,action,uncovered,absent,0,0
1431224aef5f0d458d63,UAE,C2,scope,uncovered,absent,0,0
1431224aef5f0d458d63,UAE,C2,condition,uncovered,absent,0,0
1431224aef5f0d458d63,UAE,C2,exception,uncovered,absent,0,0
1431224aef5f0d458d63,UAE,C2,temporal,uncovered,absent,0,0
1431224aef5f0d458d63,UAE,C2,consequence,uncovered,absent,0,0
1491a255251d16742d54,QAT,C4,addressee,broader,direct_textual,1,1
1491a255251d16742d54,QAT,C4,modality,uncovered,absent,0,0
1491a255251d16742d54,QAT,C4,action,partial,conceptual,1,1
1491a255251d16742d54,QAT,C4,scope,covered,direct_textual,1,1
1491a255251d16742d54,QAT,C4,condition,uncovered,absent,0,0
1491a255251d16742d54,QAT,C4,exception,covered,absent,0,0
1491a255251d16742d54,QAT,C4,temporal,covered,absent,0,0
1491a255251d16742d54,QAT,C4,consequence,covered,absent,0,0
1508cf71108d434f79b0,KSA,C2,addressee,covered,direct_textual,0,1
1508cf71108d434f79b0,KSA,C2,modality,covered,direct_textual,0,1
1508cf71108d434f79b0,KSA,C2,action,uncovered,absent,0,1
1508cf71108d434f79b0,KSA,C2,scope,partial,conceptual,0,1
1508cf71108d434f79b0,KSA,C2,condition,narrower,direct_textual,0,1
1508cf71108d434f79b0,KSA,C2,exception,covered,absent,0,0
1508cf71108d434f79b0,KSA,C2,temporal,broader,direct_textual,0,1
1508cf71108d434f79b0,KSA,C2,consequence,covered,absent,0,0
1553c4d9c07c1c348fa4,BHR,C4,addressee,uncovered,direct_textual,0,1
1553c4d9c07c1c348fa4,BHR,C4,modality,covered,direct_textual,0,1
1553c4d9c07c1c348fa4,BHR,C4,action,covered,conceptual,0,1
1553c4d9c07c1c348fa4,BHR,C4,scope,narrower,direct_textual,0,1
1553c4d9c07c1c348fa4,BHR,C4,condition,uncovered,absent,0,0
1553c4d9c07c1c348fa4,BHR,C4,exception,covered,distributed,0,1
1553c4d9c07c1c348fa4,BHR,C4,temporal,covered,absent,0,1
1553c4d9c07c1c348fa4,BHR,C4,consequence,covered,absent,0,0
155ed80f9248904642f1,OMN,C5,addressee,uncovered,absent,0,0
155ed80f9248904642f1,OMN,C5,modality,uncovered,absent,0,0
155ed80f9248904642f1,OMN,C5,action,uncovered,absent,0,0
155ed80f9248904642f1,OMN,C5,scope,uncovered,absent,0,0
155ed80f9248904642f1,OMN,C5,condition,uncovered,absent,0,0
155ed80f9248904642f1,OMN,C5,exception,uncovered,absent,0,0
155ed80f9248904642f1,OMN,C5,temporal,uncovered,absent,0,0
155ed80f9248904642f1,OMN,C5,consequence,uncovered,absent,0,0
15b82048f4619b2f7615,QAT,C2,addressee,uncovered,absent,0,0
15b82048f4619b2f7615,QAT,C2,modality,uncovered,absent,0,0
15b82048f4619b2f7615,QAT,C2,action,uncovered,absent,0,0
15b82048f4619b2f7615,QAT,C2,scope,covered,direct_textual,0,1
15b82048f4619b2f7615,QAT,C2,condition,uncovered,absent,0,0
15b82048f4619b2f7615,QAT,C2,exception,uncovered,absent,0,0
15b82048f4619b2f7615,QAT,C2,temporal,uncovered,absent,0,0
15b82048f4619b2f7615,QAT,C2,consequence,uncovered,absent,0,0
15bdf29f7c9c6ae83b18,BHR,C5,addressee,uncovered,absent,0,0
15bdf29f7c9c6ae83b18,BHR,C5,modality,uncovered,absent,0,0
15bdf29f7c9c6ae83b18,BHR,C5,action,uncovered,absent,0,0
15bdf29f7c9c6ae83b18,BHR,C5,scope,uncovered,absent,0,0
15bdf29f7c9c6ae83b18,BHR,C5,condition,uncovered,absent,0,0
15bdf29f7c9c6ae83b18,BHR,C5,exception,uncovered,absent,0,0
15bdf29f7c9c6ae83b18,BHR,C5,temporal,uncovered,absent,0,0
15bdf29f7c9c6ae83b18,BHR,C5,consequence,uncovered,absent,0,0
15ccb14d445a618b7e1f,KWT,C5,addressee,uncovered,absent,0,0
15ccb14d445a618b7e1f,KWT,C5,modality,uncovered,absent,0,0
15ccb14d445a618b7e1f,KWT,C5,action,uncovered,absent,0,0
15ccb14d445a618b7e1f,KWT,C5,scope,uncovered,absent,0,0
15ccb14d445a618b7e1f,KWT,C5,condition,covered,absent,0,0
15ccb14d445a618b7e1f,KWT,C5,exception,covered,absent,0,0
15ccb14d445a618b7e1f,KWT,C5,temporal,covered,absent,0,0
15ccb14d445a618b7e1f,KWT,C5,consequence,covered,absent,0,0
15fa8397d7f2db658652,BHR,C5,addressee,uncovered,absent,0,0
15fa8397d7f2db658652,BHR,C5,modality,uncovered,absent,0,0
15fa8397d7f2db658652,BHR,C5,action,uncovered,absent,0,0
15fa8397d7f2db658652,BHR,C5,scope,uncovered,absent,0,0
15fa8397d7f2db658652,BHR,C5,condition,uncovered,absent,0,0
15fa8397d7f2db658652,BHR,C5,exception,uncovered,absent,0,0
15fa8397d7f2db658652,BHR,C5,temporal,uncovered,absent,0,0
15fa8397d7f2db658652,BHR,C5,consequence,uncovered,absent,0,0
163ffb5e057d88d50e78,OMN,C4,addressee,uncovered,absent,0,0
163ffb5e057d88d50e78,OMN,C4,modality,uncovered,absent,0,0
163ffb5e057d88d50e78,OMN,C4,action,uncovered,absent,0,0
163ffb5e057d88d50e78,OMN,C4,scope,narrower,direct_textual,1,1
163ffb5e057d88d50e78,OMN,C4,condition,covered,absent,0,0
163ffb5e057d88d50e78,OMN,C4,exception,covered,absent,0,0
163ffb5e057d88d50e78,OMN,C4,temporal,covered,absent,0,0
163ffb5e057d88d50e78,OMN,C4,consequence,covered,absent,0,0
166ff0859ff0472b93de,KWT,C4,addressee,covered,direct_textual,0,1
166ff0859ff0472b93de,KWT,C4,modality,covered,direct_textual,0,1
166ff0859ff0472b93de,KWT,C4,action,broader,conceptual,0,1
166ff0859ff0472b93de,KWT,C4,scope,broader,conceptual,0,1
166ff0859ff0472b93de,KWT,C4,condition,covered,absent,0,0
166ff0859ff0472b93de,KWT,C4,exception,covered,absent,0,0
166ff0859ff0472b93de,KWT,C4,temporal,covered,absent,0,0
166ff0859ff0472b93de,KWT,C4,consequence,covered,absent,0,0
16d51b40a45f62c551a1,UAE,C5,addressee,uncovered,absent,0,0
16d51b40a45f62c551a1,UAE,C5,modality,uncovered,absent,0,0
16d51b40a45f62c551a1,UAE,C5,action,uncovered,absent,0,0
16d51b40a45f62c551a1,UAE,C5,scope,uncovered,absent,0,0
16d51b40a45f62c551a1,UAE,C5,condition,covered,absent,0,0
16d51b40a45f62c551a1,UAE,C5,exception,covered,absent,0,0
16d51b40a45f62c551a1,UAE,C5,temporal,covered,absent,0,0
16d51b40a45f62c551a1,UAE,C5,consequence,covered,absent,0,0
16fe48aa7c05ccf055e1,OMN,C5,addressee,uncovered,absent,0,0
16fe48aa7c05ccf055e1,OMN,C5,modality,uncovered,absent,0,0
16fe48aa7c05ccf055e1,OMN,C5,action,uncovered,absent,0,0
16fe48aa7c05ccf055e1,OMN,C5,scope,uncovered,absent,0,0
16fe48aa7c05ccf055e1,OMN,C5,condition,uncovered,absent,0,0
16fe48aa7c05ccf055e1,OMN,C5,exception,uncovered,absent,0,0
16fe48aa7c05ccf055e1,OMN,C5,temporal,uncovered,absent,0,0
16fe48aa7c05ccf055e1,OMN,C5,consequence,uncovered,absent,0,0
171db53523f78ed4ea45,BHR,C1,proposition,covered,direct_textual,1,1
171db53523f78ed4ea45,BHR,C1,addressee,covered,direct_textual,1,1
171db53523f78ed4ea45,BHR,C1,modality,covered,conceptual,1,1
171db53523f78ed4ea45,BHR,C1,action,covered,direct_textual,1,1
171db53523f78ed4ea45,BHR,C1,scope,covered,direct_textual,1,1
171db53523f78ed4ea45,BHR,C1,condition,narrower,direct_textual,1,1
171db53523f78ed4ea45,BHR,C1,exception,narrower,direct_textual,1,1
171db53523f78ed4ea45,BHR,C1,temporal,broader,direct_textual,1,1
171db53523f78ed4ea45,BHR,C1,consequence,broader,direct_textual,1,1
173672c674d345372323,KWT,C5,addressee,uncovered,absent,0,0
173672c674d345372323,KWT,C5,modality,uncovered,absent,0,0
173672c674d345372323,KWT,C5,action,uncovered,absent,0,0
173672c674d345372323,KWT,C5,scope,uncovered,absent,0,0
173672c674d345372323,KWT,C5,condition,uncovered,absent,0,0
173672c674d345372323,KWT,C5,exception,uncovered,absent,0,0
173672c674d345372323,KWT,C5,temporal,uncovered,absent,0,0
173672c674d345372323,KWT,C5,consequence,uncovered,absent,0,0
173ca4e12100be6c84ee,KWT,C2,addressee,covered,direct_textual,0,1
173ca4e12100be6c84ee,KWT,C2,modality,covered,distributed,0,1
173ca4e12100be6c84ee,KWT,C2,action,partial,direct_textual,0,1
173ca4e12100be6c84ee,KWT,C2,scope,partial,direct_textual,0,1
173ca4e12100be6c84ee,KWT,C2,condition,uncovered,absent,0,0
173ca4e12100be6c84ee,KWT,C2,exception,uncovered,absent,0,0
173ca4e12100be6c84ee,KWT,C2,temporal,covered,conceptual,0,0
173ca4e12100be6c84ee,KWT,C2,consequence,covered,conceptual,0,0
176f6e67032d2a08f2c5,KWT,C4,addressee,narrower,direct_textual,0,1
176f6e67032d2a08f2c5,KWT,C4,modality,covered,direct_textual,0,1
176f6e67032d2a08f2c5,KWT,C4,action,covered,direct_textual,0,1
176f6e67032d2a08f2c5,KWT,C4,scope,broader,direct_textual,0,1
176f6e67032d2a08f2c5,KWT,C4,condition,partial,distributed,0,1
176f6e67032d2a08f2c5,KWT,C4,exception,narrower,direct_textual,0,1
176f6e67032d2a08f2c5,KWT,C4,temporal,broader,direct_textual,0,1
176f6e67032d2a08f2c5,KWT,C4,consequence,broader,direct_textual,0,1
178c720140b9fbdb6439,KSA,C5,addressee,uncovered,absent,0,0
178c720140b9fbdb6439,KSA,C5,modality,uncovered,absent,0,0
178c720140b9fbdb6439,KSA,C5,action,uncovered,absent,0,0
178c720140b9fbdb6439,KSA,C5,scope,uncovered,absent,0,0
178c720140b9fbdb6439,KSA,C5,condition,uncovered,absent,0,0
178c720140b9fbdb6439,KSA,C5,exception,uncovered,absent,0,0
178c720140b9fbdb6439,KSA,C5,temporal,uncovered,absent,0,0
178c720140b9fbdb6439,KSA,C5,consequence,uncovered,absent,0,0
179ba6a882a91c54169a,UAE,C1,addressee,covered,direct_textual,0,1
179ba6a882a91c54169a,UAE,C1,modality,covered,direct_textual,0,1
179ba6a882a91c54169a,UAE,C1,action,broader,direct_textual,0,1
179ba6a882a91c54169a,UAE,C1,scope,covered,direct_textual,0,1
179ba6a882a91c54169a,UAE,C1,condition,covered,direct_textual,0,1
179ba6a882a91c54169a,UAE,C1,exception,covered,conceptual,0,1
179ba6a882a91c54169a,UAE,C1,temporal,covered,conceptual,0,1
179ba6a882a91c54169a,UAE,C1,consequence,covered,absent,0,0
17a858da2aec13f336d1,UAE,C4,addressee,covered,direct_textual,0,1
17a858da2aec13f336d1,UAE,C4,modality,covered,conceptual,0,1
17a858da2aec13f336d1,UAE,C4,action,covered,direct_textual,0,1
17a858da2aec13f336d1,UAE,C4,scope,broader,direct_textual,0,1
17a858da2aec13f336d1,UAE,C4,condition,covered,conceptual,0,1
17a858da2aec13f336d1,UAE,C4,exception,covered,absent,0,0
17a858da2aec13f336d1,UAE,C4,temporal,covered,absent,0,0
17a858da2aec13f336d1,UAE,C4,consequence,covered,absent,0,0
17aedc50f32f3cbb0866,KWT,C4,addressee,covered,direct_textual,0,1
17aedc50f32f3cbb0866,KWT,C4,modality,covered,distributed,0,1
17aedc50f32f3cbb0866,KWT,C4,action,covered,direct_textual,0,1
17aedc50f32f3cbb0866,KWT,C4,scope,broader,conceptual,0,1
17aedc50f32f3cbb0866,KWT,C4,condition,broader,conceptual,0,1
17aedc50f32f3cbb0866,KWT,C4,exception,covered,distributed,0,1
17aedc50f32f3cbb0866,KWT,C4,temporal,uncovered,absent,0,0
17aedc50f32f3cbb0866,KWT,C4,consequence,covered,absent,0,0
181ad2a461ae6b07f2dc,UAE,C2,addressee,covered,direct_textual,0,1
181ad2a461ae6b07f2dc,UAE,C2,modality,covered,direct_textual,0,1
181ad2a461ae6b07f2dc,UAE,C2,action,partial,direct_textual,0,1
181ad2a461ae6b07f2dc,UAE,C2,scope,partial,direct_textual,0,1
181ad2a461ae6b07f2dc,UAE,C2,condition,narrower,direct_textual,0,1
181ad2a461ae6b07f2dc,UAE,C2,exception,narrower,direct_textual,0,1
181ad2a461ae6b07f2dc,UAE,C2,temporal,covered,absent,0,0
181ad2a461ae6b07f2dc,UAE,C2,consequence,covered,absent,0,0
188fd3b7b4e6edcf6f09,BHR,C4,addressee,covered,direct_textual,0,1
188fd3b7b4e6edcf6f09,BHR,C4,modality,covered,direct_textual,0,1
188fd3b7b4e6edcf6f09,BHR,C4,action,narrower,distributed,0,1
188fd3b7b4e6edcf6f09,BHR,C4,scope,narrower,distributed,0,1
188fd3b7b4e6edcf6f09,BHR,C4,condition,uncovered,absent,0,0
188fd3b7b4e6edcf6f09,BHR,C4,exception,covered,absent,0,0
188fd3b7b4e6edcf6f09,BHR,C4,temporal,covered,distributed,0,1
188fd3b7b4e6edcf6f09,BHR,C4,consequence,covered,absent,0,0
18c2fad943c336030b5c,KSA,C1,addressee,covered,direct_textual,1,1
18c2fad943c336030b5c,KSA,C1,modality,covered,distributed,1,1
18c2fad943c336030b5c,KSA,C1,action,covered,distributed,1,1
18c2fad943c336030b5c,KSA,C1,scope,covered,direct_textual,1,1
18c2fad943c336030b5c,KSA,C1,condition,narrower,direct_textual,1,1
18c2fad943c336030b5c,KSA,C1,exception,narrower,direct_textual,1,1
18c2fad943c336030b5c,KSA,C1,temporal,covered,direct_textual,1,1
18c2fad943c336030b5c,KSA,C1,consequence,covered,absent,0,0
191eeab1385ffaea5103,QAT,C4,addressee,covered,distributed,1,1
191eeab1385ffaea5103,QAT,C4,modality,covered,distributed,1,1
191eeab1385ffaea5103,QAT,C4,action,covered,conceptual,1,1
191eeab1385ffaea5103,QAT,C4,scope,broader,direct_textual,1,1
191eeab1385ffaea5103,QAT,C4,condition,covered,absent,0,0
191eeab1385ffaea5103,QAT,C4,exception,partial,direct_textual,1,1
191eeab1385ffaea5103,QAT,C4,temporal,covered,absent,0,0
191eeab1385ffaea5103,QAT,C4,consequence,covered,absent,0,0
19789308cae28ae2dae4,KSA,C4,addressee,covered,direct_textual,1,1
19789308cae28ae2dae4,KSA,C4,modality,covered,direct_textual,1,1
19789308cae28ae2dae4,KSA,C4,action,partial,conceptual,1,1
19789308cae28ae2dae4,KSA,C4,scope,narrower,distributed,1,1
19789308cae28ae2dae4,KSA,C4,condition,partial,distributed,1,1
19789308cae28ae2dae4,KSA,C4,exception,covered,absent,0,0
19789308cae28ae2dae4,KSA,C4,temporal,covered,absent,0,0
19789308cae28ae2dae4,KSA,C4,consequence,covered,absent,0,0
1a3042eb84ca060dd1d7,KSA,C4,addressee,uncovered,direct_textual,1,0
1a3042eb84ca060dd1d7,KSA,C4,modality,uncovered,absent,1,0
1a3042eb84ca060dd1d7,KSA,C4,action,narrower,direct_textual,1,1
1a3042eb84ca060dd1d7,KSA,C4,scope,narrower,direct_textual,1,1
1a3042eb84ca060dd1d7,KSA,C4,condition,partial,distributed,1,1
1a3042eb84ca060dd1d7,KSA,C4,exception,covered,absent,0,0
1a3042eb84ca060dd1d7,KSA,C4,temporal,covered,absent,0,0
1a3042eb84ca060dd1d7,KSA,C4,consequence,covered,absent,0,0
1a316f0eeee215272325,UAE,C5,addressee,uncovered,absent,0,0
1a316f0eeee215272325,UAE,C5,modality,uncovered,absent,0,0
1a316f0eeee215272325,UAE,C5,action,uncovered,absent,0,0
1a316f0eeee215272325,UAE,C5,scope,uncovered,absent,0,0
1a316f0eeee215272325,UAE,C5,condition,covered,absent,0,0
1a316f0eeee215272325,UAE,C5,exception,covered,absent,0,0
1a316f0eeee215272325,UAE,C5,temporal,covered,absent,0,0
1a316f0eeee215272325,UAE,C5,consequence,covered,absent,0,0
1a5797a478f555fb1778,QAT,C2,addressee,covered,direct_textual,1,1
1a5797a478f555fb1778,QAT,C2,modality,covered,direct_textual,1,1
1a5797a478f555fb1778,QAT,C2,action,partial,direct_textual,1,1
1a5797a478f555fb1778,QAT,C2,scope,partial,distributed,1,1
1a5797a478f555fb1778,QAT,C2,condition,narrower,direct_textual,1,1
1a5797a478f555fb1778,QAT,C2,exception,covered,absent,0,0
1a5797a478f555fb1778,QAT,C2,temporal,covered,absent,0,0
1a5797a478f555fb1778,QAT,C2,consequence,covered,absent,0,0
1a928167a525fd3c31c8,UAE,C2,addressee,covered,conceptual,1,1
1a928167a525fd3c31c8,UAE,C2,modality,covered,direct_textual,1,1
1a928167a525fd3c31c8,UAE,C2,action,narrower,distributed,1,1
1a928167a525fd3c31c8,UAE,C2,scope,uncovered,absent,0,0
1a928167a525fd3c31c8,UAE,C2,condition,uncovered,absent,0,0
1a928167a525fd3c31c8,UAE,C2,exception,covered,absent,0,0
1a928167a525fd3c31c8,UAE,C2,temporal,covered,absent,0,0
1a928167a525fd3c31c8,UAE,C2,consequence,covered,absent,0,0
1ad406b99dec8d1e8980,KSA,C4,addressee,covered,conceptual,1,1
1ad406b99dec8d1e8980,KSA,C4,modality,covered,direct_textual,1,1
1ad406b99dec8d1e8980,KSA,C4,action,narrower,direct_textual,1,1
1ad406b99dec8d1e8980,KSA,C4,scope,narrower,direct_textual,1,1
1ad406b99dec8d1e8980,KSA,C4,condition,broader,direct_textual,1,1
1ad406b99dec8d1e8980,KSA,C4,exception,covered,absent,0,0
1ad406b99dec8d1e8980,KSA,C4,temporal,covered,absent,0,0
1ad406b99dec8d1e8980,KSA,C4,consequence,covered,absent,0,0
1b4e6b13e0dfd261b647,QAT,C4,addressee,narrower,direct_textual,1,1
1b4e6b13e0dfd261b647,QAT,C4,modality,covered,direct_textual,1,1
1b4e6b13e0dfd261b647,QAT,C4,action,partial,conceptual,1,1
1b4e6b13e0dfd261b647,QAT,C4,scope,narrower,conceptual,1,1
1b4e6b13e0dfd261b647,QAT,C4,condition,partial,conceptual,1,1
1b4e6b13e0dfd261b647,QAT,C4,exception,covered,absent,0,0
1b4e6b13e0dfd261b647,QAT,C4,temporal,covered,absent,0,0
1b4e6b13e0dfd261b647,QAT,C4,consequence,covered,absent,0,0
1b80be3540b8ce6d00a0,QAT,C2,addressee,uncovered,absent,0,0
1b80be3540b8ce6d00a0,QAT,C2,modality,uncovered,absent,0,0
1b80be3540b8ce6d00a0,QAT,C2,action,uncovered,absent,0,0
1b80be3540b8ce6d00a0,QAT,C2,scope,uncovered,absent,0,0
1b80be3540b8ce6d00a0,QAT,C2,condition,covered,absent,0,0
1b80be3540b8ce6d00a0,QAT,C2,exception,covered,absent,0,0
1b80be3540b8ce6d00a0,QAT,C2,temporal,uncovered,absent,0,0
1b80be3540b8ce6d00a0,QAT,C2,consequence,covered,absent,0,0
1bf89ef31882864265ff,OMN,C2,addressee,covered,direct_textual,1,1
1bf89ef31882864265ff,OMN,C2,modality,uncovered,absent,0,0
1bf89ef31882864265ff,OMN,C2,action,uncovered,absent,0,0
1bf89ef31882864265ff,OMN,C2,scope,uncovered,absent,0,0
1bf89ef31882864265ff,OMN,C2,condition,partial,direct_textual,1,1
1bf89ef31882864265ff,OMN,C2,exception,partial,distributed,1,1
1bf89ef31882864265ff,OMN,C2,temporal,covered,absent,0,0
1bf89ef31882864265ff,OMN,C2,consequence,covered,absent,0,0
1c33a0d177b3597ec4b7,OMN,C4,addressee,narrower,direct_textual,0,1
1c33a0d177b3597ec4b7,OMN,C4,modality,uncovered,absent,0,0
1c33a0d177b3597ec4b7,OMN,C4,action,covered,direct_textual,0,1
1c33a0d177b3597ec4b7,OMN,C4,scope,uncovered,absent,0,0
1c33a0d177b3597ec4b7,OMN,C4,condition,uncovered,absent,0,0
1c33a0d177b3597ec4b7,OMN,C4,exception,covered,absent,0,0
1c33a0d177b3597ec4b7,OMN,C4,temporal,covered,absent,0,0
1c33a0d177b3597ec4b7,OMN,C4,consequence,covered,absent,0,0
1c77c96a76688dfcb613,OMN,C2,addressee,covered,direct_textual,0,1
1c77c96a76688dfcb613,OMN,C2,modality,covered,direct_textual,0,1
1c77c96a76688dfcb613,OMN,C2,action,partial,distributed,0,1
1c77c96a76688dfcb613,OMN,C2,scope,covered,direct_textual,0,1
1c77c96a76688dfcb613,OMN,C2,condition,partial,distributed,0,1
1c77c96a76688dfcb613,OMN,C2,exception,covered,absent,0,0
1c77c96a76688dfcb613,OMN,C2,temporal,covered,absent,0,0
1c77c96a76688dfcb613,OMN,C2,consequence,covered,absent,0,0
1ca3ef4f05ea8424ed0e,QAT,C2,addressee,uncovered,absent,0,0
1ca3ef4f05ea8424ed0e,QAT,C2,modality,uncovered,absent,0,0
1ca3ef4f05ea8424ed0e,QAT,C2,action,uncovered,absent,0,0
1ca3ef4f05ea8424ed0e,QAT,C2,scope,covered,absent,0,0
1ca3ef4f05ea8424ed0e,QAT,C2,condition,uncovered,absent,0,0
1ca3ef4f05ea8424ed0e,QAT,C2,exception,covered,absent,0,0
1ca3ef4f05ea8424ed0e,QAT,C2,temporal,covered,absent,0,0
1ca3ef4f05ea8424ed0e,QAT,C2,consequence,covered,absent,0,0
1d100082437074339d2b,UAE,C5,addressee,uncovered,absent,0,0
1d100082437074339d2b,UAE,C5,modality,uncovered,absent,0,0
1d100082437074339d2b,UAE,C5,action,uncovered,absent,0,0
1d100082437074339d2b,UAE,C5,scope,uncovered,absent,0,0
1d100082437074339d2b,UAE,C5,condition,uncovered,absent,0,0
1d100082437074339d2b,UAE,C5,exception,uncovered,absent,0,0
1d100082437074339d2b,UAE,C5,temporal,uncovered,absent,0,0
1d100082437074339d2b,UAE,C5,consequence,uncovered,absent,0,0
1d36050407dfe073c733,UAE,C4,addressee,covered,conceptual,1,1
1d36050407dfe073c733,UAE,C4,modality,covered,direct_textual,1,1
1d36050407dfe073c733,UAE,C4,action,covered,distributed,1,1
1d36050407dfe073c733,UAE,C4,scope,narrower,distributed,1,1
1d36050407dfe073c733,UAE,C4,condition,covered,direct_textual,1,1
1d36050407dfe073c733,UAE,C4,exception,covered,absent,1,0
1d36050407dfe073c733,UAE,C4,temporal,covered,absent,1,0
1d36050407dfe073c733,UAE,C4,consequence,covered,absent,1,0
1db86397e0258e3e6213,OMN,C4,addressee,broader,direct_textual,1,1
1db86397e0258e3e6213,OMN,C4,modality,covered,direct_textual,1,1
1db86397e0258e3e6213,OMN,C4,action,uncovered,direct_textual,1,1
1db86397e0258e3e6213,OMN,C4,scope,uncovered,direct_textual,1,1
1db86397e0258e3e6213,OMN,C4,condition,covered,absent,0,0
1db86397e0258e3e6213,OMN,C4,exception,uncovered,direct_textual,1,1
1db86397e0258e3e6213,OMN,C4,temporal,covered,absent,0,0
1db86397e0258e3e6213,OMN,C4,consequence,covered,absent,0,0
1ddb21843e252913b9c0,KSA,C2,addressee,covered,conceptual,0,1
1ddb21843e252913b9c0,KSA,C2,modality,covered,direct_textual,0,1
1ddb21843e252913b9c0,KSA,C2,action,covered,distributed,0,1
1ddb21843e252913b9c0,KSA,C2,scope,uncovered,absent,0,0
1ddb21843e252913b9c0,KSA,C2,condition,uncovered,absent,0,0
1ddb21843e252913b9c0,KSA,C2,exception,covered,absent,0,0
1ddb21843e252913b9c0,KSA,C2,temporal,covered,absent,0,0
1ddb21843e252913b9c0,KSA,C2,consequence,covered,absent,0,0
1df325493790bd8e35a5,UAE,C1,addressee,covered,direct_textual,1,1
1df325493790bd8e35a5,UAE,C1,modality,covered,direct_textual,1,1
1df325493790bd8e35a5,UAE,C1,action,covered,direct_textual,1,1
1df325493790bd8e35a5,UAE,C1,scope,covered,direct_textual,1,1
1df325493790bd8e35a5,UAE,C1,condition,covered,absent,0,0
1df325493790bd8e35a5,UAE,C1,exception,narrower,absent,1,1
1df325493790bd8e35a5,UAE,C1,temporal,covered,absent,0,0
1df325493790bd8e35a5,UAE,C1,consequence,covered,absent,0,0
1df87de459ca1e294184,BHR,C2,addressee,covered,direct_textual,1,1
1df87de459ca1e294184,BHR,C2,modality,uncovered,absent,0,0
1df87de459ca1e294184,BHR,C2,action,uncovered,absent,0,0
1df87de459ca1e294184,BHR,C2,scope,uncovered,absent,0,0
1df87de459ca1e294184,BHR,C2,condition,uncovered,absent,0,0
1df87de459ca1e294184,BHR,C2,exception,covered,absent,0,0
1df87de459ca1e294184,BHR,C2,temporal,uncovered,absent,0,0
1df87de459ca1e294184,BHR,C2,consequence,covered,absent,0,0
1ec7eb07774b68ea4078,UAE,C2,addressee,covered,direct_textual,0,1
1ec7eb07774b68ea4078,UAE,C2,modality,covered,direct_textual,0,1
1ec7eb07774b68ea4078,UAE,C2,action,partial,distributed,0,1
1ec7eb07774b68ea4078,UAE,C2,scope,partial,distributed,0,1
1ec7eb07774b68ea4078,UAE,C2,condition,uncovered,absent,0,0
1ec7eb07774b68ea4078,UAE,C2,exception,covered,absent,0,0
1ec7eb07774b68ea4078,UAE,C2,temporal,covered,absent,0,0
1ec7eb07774b68ea4078,UAE,C2,consequence,covered,absent,0,0
1f24656f00d8a35a3031,KSA,C2,addressee,covered,direct_textual,0,1
1f24656f00d8a35a3031,KSA,C2,modality,covered,conceptual,0,1
1f24656f00d8a35a3031,KSA,C2,action,covered,direct_textual,0,1
1f24656f00d8a35a3031,KSA,C2,scope,covered,direct_textual,0,1
1f24656f00d8a35a3031,KSA,C2,condition,covered,absent,0,0
1f24656f00d8a35a3031,KSA,C2,exception,partial,direct_textual,0,1
1f24656f00d8a35a3031,KSA,C2,temporal,covered,direct_textual,0,1
1f24656f00d8a35a3031,KSA,C2,consequence,covered,absent,0,0
1f46dffc51c438a3cf63,OMN,C2,addressee,covered,direct_textual,0,1
1f46dffc51c438a3cf63,OMN,C2,modality,covered,direct_textual,0,1
1f46dffc51c438a3cf63,OMN,C2,action,covered,distributed,0,1
1f46dffc51c438a3cf63,OMN,C2,scope,covered,conceptual,0,1
1f46dffc51c438a3cf63,OMN,C2,condition,uncovered,direct_textual,0,1
1f46dffc51c438a3cf63,OMN,C2,exception,covered,absent,0,0
1f46dffc51c438a3cf63,OMN,C2,temporal,covered,absent,0,0
1f46dffc51c438a3cf63,OMN,C2,consequence,covered,absent,0,0
1fee669659733fdd5061,BHR,C3,addressee,uncovered,direct_textual,0,1
1fee669659733fdd5061,BHR,C3,modality,weaker_modality,direct_textual,0,1
1fee669659733fdd5061,BHR,C3,action,uncovered,direct_textual,0,1
1fee669659733fdd5061,BHR,C3,scope,uncovered,direct_textual,0,1
1fee669659733fdd5061,BHR,C3,condition,uncovered,direct_textual,0,1
1fee669659733fdd5061,BHR,C3,exception,covered,absent,0,0
1fee669659733fdd5061,BHR,C3,temporal,covered,absent,0,0
1fee669659733fdd5061,BHR,C3,consequence,covered,absent,0,0
21446c6b610365c6e4c6,BHR,C4,addressee,narrower,direct_textual,0,1
21446c6b610365c6e4c6,BHR,C4,modality,covered,direct_textual,0,1
21446c6b610365c6e4c6,BHR,C4,action,uncovered,absent,0,0
21446c6b610365c6e4c6,BHR,C4,scope,covered,direct_textual,0,1
21446c6b610365c6e4c6,BHR,C4,condition,narrower,direct_textual,0,1
21446c6b610365c6e4c6,BHR,C4,exception,covered,absent,0,0
21446c6b610365c6e4c6,BHR,C4,temporal,covered,absent,0,0
21446c6b610365c6e4c6,BHR,C4,consequence,covered,absent,0,0
2172f12e9d060b9894c5,KSA,C3,addressee,covered,direct_textual,1,1
2172f12e9d060b9894c5,KSA,C3,modality,weaker_modality,direct_textual,1,1
2172f12e9d060b9894c5,KSA,C3,action,covered,direct_textual,1,1
2172f12e9d060b9894c5,KSA,C3,scope,narrower,direct_textual,1,1
2172f12e9d060b9894c5,KSA,C3,condition,covered,direct_textual,1,1
2172f12e9d060b9894c5,KSA,C3,exception,broader,direct_textual,1,1
2172f12e9d060b9894c5,KSA,C3,temporal,narrower,direct_textual,1,1
2172f12e9d060b9894c5,KSA,C3,consequence,broader,direct_textual,1,1
218333079ac420044cbf,QAT,C4,addressee,covered,conceptual,1,1
218333079ac420044cbf,QAT,C4,modality,covered,direct_textual,1,1
218333079ac420044cbf,QAT,C4,action,uncovered,absent,1,1
218333079ac420044cbf,QAT,C4,scope,broader,direct_textual,1,1
218333079ac420044cbf,QAT,C4,condition,covered,absent,0,0
218333079ac420044cbf,QAT,C4,exception,covered,absent,0,0
218333079ac420044cbf,QAT,C4,temporal,covered,absent,0,0
218333079ac420044cbf,QAT,C4,consequence,covered,absent,0,0
21f5447d070e9f030c85,BHR,C2,addressee,covered,direct_textual,1,1
21f5447d070e9f030c85,BHR,C2,modality,covered,direct_textual,1,1
21f5447d070e9f030c85,BHR,C2,action,uncovered,distributed,1,1
21f5447d070e9f030c85,BHR,C2,scope,covered,direct_textual,1,1
21f5447d070e9f030c85,BHR,C2,condition,covered,direct_textual,1,1
21f5447d070e9f030c85,BHR,C2,exception,covered,absent,1,0
21f5447d070e9f030c85,BHR,C2,temporal,covered,direct_textual,1,1
21f5447d070e9f030c85,BHR,C2,consequence,covered,absent,1,0
21f84aadfdf71047940d,QAT,C2,addressee,uncovered,direct_textual,1,1
21f84aadfdf71047940d,QAT,C2,modality,uncovered,direct_textual,1,1
21f84aadfdf71047940d,QAT,C2,action,uncovered,direct_textual,1,1
21f84aadfdf71047940d,QAT,C2,scope,uncovered,absent,0,0
21f84aadfdf71047940d,QAT,C2,condition,uncovered,direct_textual,1,1
21f84aadfdf71047940d,QAT,C2,exception,uncovered,absent,0,0
21f84aadfdf71047940d,QAT,C2,temporal,uncovered,absent,0,0
21f84aadfdf71047940d,QAT,C2,consequence,covered,absent,0,0
2237a94340dce26a9091,OMN,C3,addressee,covered,direct_textual,1,1
2237a94340dce26a9091,OMN,C3,modality,weaker_modality,direct_textual,1,1
2237a94340dce26a9091,OMN,C3,action,partial,direct_textual,1,1
2237a94340dce26a9091,OMN,C3,scope,uncovered,absent,1,1
2237a94340dce26a9091,OMN,C3,condition,covered,absent,0,0
2237a94340dce26a9091,OMN,C3,exception,covered,absent,0,0
2237a94340dce26a9091,OMN,C3,temporal,covered,direct_textual,1,1
2237a94340dce26a9091,OMN,C3,consequence,covered,absent,0,0
22463409bd16bf373e92,UAE,C2,addressee,uncovered,absent,1,0
22463409bd16bf373e92,UAE,C2,modality,uncovered,absent,1,0
22463409bd16bf373e92,UAE,C2,action,partial,direct_textual,1,1
22463409bd16bf373e92,UAE,C2,scope,partial,direct_textual,1,1
22463409bd16bf373e92,UAE,C2,condition,uncovered,absent,1,0
22463409bd16bf373e92,UAE,C2,exception,covered,absent,1,0
22463409bd16bf373e92,UAE,C2,temporal,covered,absent,1,0
22463409bd16bf373e92,UAE,C2,consequence,covered,absent,1,0
227ed90ce727ac4a50fd,BHR,C4,addressee,uncovered,direct_textual,1,1
227ed90ce727ac4a50fd,BHR,C4,modality,uncovered,direct_textual,1,1
227ed90ce727ac4a50fd,BHR,C4,action,partial,distributed,1,1
227ed90ce727ac4a50fd,BHR,C4,scope,narrower,direct_textual,1,1
227ed90ce727ac4a50fd,BHR,C4,condition,covered,absent,0,0
227ed90ce727ac4a50fd,BHR,C4,exception,covered,absent,0,0
227ed90ce727ac4a50fd,BHR,C4,temporal,uncovered,absent,0,0
227ed90ce727ac4a50fd,BHR,C4,consequence,covered,absent,0,0
22ab93c58a3f73565efc,OMN,C1,addressee,covered,direct_textual,1,1
22ab93c58a3f73565efc,OMN,C1,modality,covered,direct_textual,1,1
22ab93c58a3f73565efc,OMN,C1,action,covered,direct_textual,1,1
22ab93c58a3f73565efc,OMN,C1,scope,covered,absent,0,0
22ab93c58a3f73565efc,OMN,C1,condition,broader,direct_textual,1,1
22ab93c58a3f73565efc,OMN,C1,exception,broader,absent,1,0
22ab93c58a3f73565efc,OMN,C1,temporal,broader,distributed,1,1
22ab93c58a3f73565efc,OMN,C1,consequence,covered,absent,0,0
2336c0d790c2d59243b4,BHR,C4,addressee,narrower,direct_textual,0,1
2336c0d790c2d59243b4,BHR,C4,modality,covered,direct_textual,0,1
2336c0d790c2d59243b4,BHR,C4,action,partial,direct_textual,0,1
2336c0d790c2d59243b4,BHR,C4,scope,uncovered,absent,0,0
2336c0d790c2d59243b4,BHR,C4,condition,narrower,direct_textual,0,1
2336c0d790c2d59243b4,BHR,C4,exception,covered,absent,0,0
2336c0d790c2d59243b4,BHR,C4,temporal,covered,absent,0,0
2336c0d790c2d59243b4,BHR,C4,consequence,covered,absent,0,0
2375771297a3c25d08c3,UAE,C5,addressee,uncovered,absent,0,0
2375771297a3c25d08c3,UAE,C5,modality,uncovered,absent,0,0
2375771297a3c25d08c3,UAE,C5,action,uncovered,absent,0,0
2375771297a3c25d08c3,UAE,C5,scope,uncovered,absent,0,0
2375771297a3c25d08c3,UAE,C5,condition,uncovered,absent,0,0
2375771297a3c25d08c3,UAE,C5,exception,uncovered,absent,0,0
2375771297a3c25d08c3,UAE,C5,temporal,uncovered,absent,0,0
2375771297a3c25d08c3,UAE,C5,consequence,uncovered,absent,0,0
23c5de1ef322980d9f5e,KSA,C5,addressee,uncovered,absent,0,0
23c5de1ef322980d9f5e,KSA,C5,modality,uncovered,absent,0,0
23c5de1ef322980d9f5e,KSA,C5,action,uncovered,absent,0,0
23c5de1ef322980d9f5e,KSA,C5,scope,uncovered,absent,0,0
23c5de1ef322980d9f5e,KSA,C5,condition,uncovered,absent,0,0
23c5de1ef322980d9f5e,KSA,C5,exception,uncovered,absent,0,0
23c5de1ef322980d9f5e,KSA,C5,temporal,uncovered,absent,0,0
23c5de1ef322980d9f5e,KSA,C5,consequence,uncovered,absent,0,0
2461887599f8f132a273,KSA,C5,addressee,uncovered,absent,0,0
2461887599f8f132a273,KSA,C5,modality,uncovered,absent,0,0
2461887599f8f132a273,KSA,C5,action,uncovered,absent,0,0
2461887599f8f132a273,KSA,C5,scope,uncovered,absent,0,0
2461887599f8f132a273,KSA,C5,condition,uncovered,absent,0,0
2461887599f8f132a273,KSA,C5,exception,uncovered,absent,0,0
2461887599f8f132a273,KSA,C5,temporal,uncovered,absent,0,0
2461887599f8f132a273,KSA,C5,consequence,uncovered,absent,0,0
248ba907e7eca2d5df01,KSA,C5,addressee,uncovered,absent,0,0
248ba907e7eca2d5df01,KSA,C5,modality,uncovered,absent,0,0
248ba907e7eca2d5df01,KSA,C5,action,uncovered,absent,0,0
248ba907e7eca2d5df01,KSA,C5,scope,uncovered,absent,0,0
248ba907e7eca2d5df01,KSA,C5,condition,uncovered,absent,0,0
248ba907e7eca2d5df01,KSA,C5,exception,uncovered,absent,0,0
248ba907e7eca2d5df01,KSA,C5,temporal,uncovered,absent,0,0
248ba907e7eca2d5df01,KSA,C5,consequence,uncovered,absent,0,0
2493e5305f6aaff2c03d,BHR,C2,addressee,covered,direct_textual,0,1
2493e5305f6aaff2c03d,BHR,C2,modality,uncovered,absent,0,0
2493e5305f6aaff2c03d,BHR,C2,action,uncovered,absent,0,0
2493e5305f6aaff2c03d,BHR,C2,scope,uncovered,absent,0,0
2493e5305f6aaff2c03d,BHR,C2,condition,uncovered,absent,0,0
2493e5305f6aaff2c03d,BHR,C2,exception,covered,absent,0,0
2493e5305f6aaff2c03d,BHR,C2,temporal,uncovered,absent,0,0
2493e5305f6aaff2c03d,BHR,C2,consequence,covered,absent,0,0
24effc60b9362ddc1085,KWT,C5,addressee,uncovered,absent,0,0
24effc60b9362ddc1085,KWT,C5,modality,uncovered,absent,0,0
24effc60b9362ddc1085,KWT,C5,action,uncovered,absent,0,0
24effc60b9362ddc1085,KWT,C5,scope,uncovered,absent,0,0
24effc60b9362ddc1085,KWT,C5,condition,uncovered,absent,0,0
24effc60b9362ddc1085,KWT,C5,exception,uncovered,absent,0,0
24effc60b9362ddc1085,KWT,C5,temporal,uncovered,absent,0,0
24effc60b9362ddc1085,KWT,C5,consequence,uncovered,absent,0,0
25a93c32bd6b1c10a0fd,KSA,C2,addressee,covered,direct_textual,1,1
25a93c32bd6b1c10a0fd,KSA,C2,modality,covered,direct_textual,1,1
25a93c32bd6b1c10a0fd,KSA,C2,action,partial,distributed,1,1
25a93c32bd6b1c10a0fd,KSA,C2,scope,partial,direct_textual,1,1
25a93c32bd6b1c10a0fd,KSA,C2,condition,narrower,direct_textual,1,1
25a93c32bd6b1c10a0fd,KSA,C2,exception,covered,absent,0,0
25a93c32bd6b1c10a0fd,KSA,C2,temporal,covered,absent,0,0
25a93c32bd6b1c10a0fd,KSA,C2,consequence,covered,absent,0,0
25e85e4877f04962d16f,UAE,C4,addressee,covered,direct_textual,1,1
25e85e4877f04962d16f,UAE,C4,modality,covered,direct_textual,1,1
25e85e4877f04962d16f,UAE,C4,action,uncovered,direct_textual,1,1
25e85e4877f04962d16f,UAE,C4,scope,broader,direct_textual,1,1
25e85e4877f04962d16f,UAE,C4,condition,narrower,direct_textual,1,1
25e85e4877f04962d16f,UAE,C4,exception,uncovered,absent,1,0
25e85e4877f04962d16f,UAE,C4,temporal,broader,direct_textual,1,1
25e85e4877f04962d16f,UAE,C4,consequence,covered,absent,1,0
2608a7b15ac63c7197e8,KWT,C4,addressee,narrower,direct_textual,0,1
2608a7b15ac63c7197e8,KWT,C4,modality,uncovered,absent,0,0
2608a7b15ac63c7197e8,KWT,C4,action,uncovered,absent,0,1
2608a7b15ac63c7197e8,KWT,C4,scope,uncovered,absent,0,1
2608a7b15ac63c7197e8,KWT,C4,condition,covered,direct_textual,0,1
2608a7b15ac63c7197e8,KWT,C4,exception,broader,direct_textual,0,1
2608a7b15ac63c7197e8,KWT,C4,temporal,covered,absent,0,0
2608a7b15ac63c7197e8,KWT,C4,consequence,covered,absent,0,0
26adfde9a2ece12cce87,KWT,C5,addressee,uncovered,absent,0,0
26adfde9a2ece12cce87,KWT,C5,modality,uncovered,absent,0,0
26adfde9a2ece12cce87,KWT,C5,action,uncovered,absent,0,0
26adfde9a2ece12cce87,KWT,C5,scope,uncovered,absent,0,0
26adfde9a2ece12cce87,KWT,C5,condition,uncovered,absent,0,0
26adfde9a2ece12cce87,KWT,C5,exception,uncovered,absent,0,0
26adfde9a2ece12cce87,KWT,C5,temporal,uncovered,absent,0,0
26adfde9a2ece12cce87,KWT,C5,consequence,uncovered,absent,0,0
26f5aaa7a2f4dad78f33,UAE,C2,addressee,covered,direct_textual,0,1
26f5aaa7a2f4dad78f33,UAE,C2,modality,covered,direct_textual,0,1
26f5aaa7a2f4dad78f33,UAE,C2,action,covered,direct_textual,0,1
26f5aaa7a2f4dad78f33,UAE,C2,scope,covered,direct_textual,0,1
26f5aaa7a2f4dad78f33,UAE,C2,condition,partial,conceptual,0,1
26f5aaa7a2f4dad78f33,UAE,C2,exception,uncovered,absent,0,1
26f5aaa7a2f4dad78f33,UAE,C2,temporal,partial,direct_textual,0,1
26f5aaa7a2f4dad78f33,UAE,C2,consequence,broader,direct_textual,0,1
27283b7fa7158ae19d99,BHR,C3,addressee,covered,direct_textual,0,1
27283b7fa7158ae19d99,BHR,C3,modality,weaker_modality,direct_textual,0,1
27283b7fa7158ae19d99,BHR,C3,action,covered,distributed,0,1
27283b7fa7158ae19d99,BHR,C3,scope,covered,direct_textual,0,1
27283b7fa7158ae19d99,BHR,C3,condition,partial,distributed,0,1
27283b7fa7158ae19d99,BHR,C3,exception,covered,absent,0,0
27283b7fa7158ae19d99,BHR,C3,temporal,covered,absent,0,0
27283b7fa7158ae19d99,BHR,C3,consequence,covered,absent,0,0
274c4369a51494ada34f,KWT,C5,addressee,uncovered,absent,0,0
274c4369a51494ada34f,KWT,C5,modality,uncovered,absent,0,0
274c4369a51494ada34f,KWT,C5,action,uncovered,absent,0,0
274c4369a51494ada34f,KWT,C5,scope,uncovered,absent,0,0
274c4369a51494ada34f,KWT,C5,condition,uncovered,absent,0,0
274c4369a51494ada34f,KWT,C5,exception,uncovered,absent,0,0
274c4369a51494ada34f,KWT,C5,temporal,uncovered,absent,0,0
274c4369a51494ada34f,KWT,C5,consequence,uncovered,absent,0,0
277d3ab0101978c56568,OMN,C2,addressee,uncovered,direct_textual,1,1
277d3ab0101978c56568,OMN,C2,modality,covered,direct_textual,1,1
277d3ab0101978c56568,OMN,C2,action,uncovered,direct_textual,1,1
277d3ab0101978c56568,OMN,C2,scope,uncovered,direct_textual,1,1
277d3ab0101978c56568,OMN,C2,condition,uncovered,absent,0,0
277d3ab0101978c56568,OMN,C2,exception,covered,absent,0,0
277d3ab0101978c56568,OMN,C2,temporal,covered,absent,0,0
277d3ab0101978c56568,OMN,C2,consequence,covered,absent,0,0
27bc52d99547e1149611,KWT,C2,addressee,uncovered,direct_textual,0,1
27bc52d99547e1149611,KWT,C2,modality,uncovered,absent,0,0
27bc52d99547e1149611,KWT,C2,action,uncovered,absent,0,0
27bc52d99547e1149611,KWT,C2,scope,partial,direct_textual,0,1
27bc52d99547e1149611,KWT,C2,condition,uncovered,absent,0,0
27bc52d99547e1149611,KWT,C2,exception,covered,absent,0,0
27bc52d99547e1149611,KWT,C2,temporal,covered,absent,0,0
27bc52d99547e1149611,KWT,C2,consequence,covered,absent,0,0
280bbe9063d069ef93a2,OMN,C2,addressee,uncovered,absent,0,0
280bbe9063d069ef93a2,OMN,C2,modality,partial,distributed,0,1
280bbe9063d069ef93a2,OMN,C2,action,broader,direct_textual,0,1
280bbe9063d069ef93a2,OMN,C2,scope,covered,distributed,0,1
280bbe9063d069ef93a2,OMN,C2,condition,partial,direct_textual,0,1
280bbe9063d069ef93a2,OMN,C2,exception,covered,conceptual,0,0
280bbe9063d069ef93a2,OMN,C2,temporal,covered,absent,0,0
280bbe9063d069ef93a2,OMN,C2,consequence,covered,absent,0,0
2842b606516d21c2fdb7,OMN,C2,addressee,covered,conceptual,0,1
2842b606516d21c2fdb7,OMN,C2,modality,covered,direct_textual,0,1
2842b606516d21c2fdb7,OMN,C2,action,uncovered,absent,0,0
2842b606516d21c2fdb7,OMN,C2,scope,uncovered,absent,0,0
2842b606516d21c2fdb7,OMN,C2,condition,uncovered,absent,0,0
2842b606516d21c2fdb7,OMN,C2,exception,covered,absent,0,0
2842b606516d21c2fdb7,OMN,C2,temporal,covered,absent,0,0
2842b606516d21c2fdb7,OMN,C2,consequence,covered,absent,0,0
2875d89fc91dbfd3f0a3,OMN,C2,addressee,covered,direct_textual,1,1
2875d89fc91dbfd3f0a3,OMN,C2,modality,covered,direct_textual,1,1
2875d89fc91dbfd3f0a3,OMN,C2,action,partial,distributed,1,1
2875d89fc91dbfd3f0a3,OMN,C2,scope,covered,direct_textual,1,1
2875d89fc91dbfd3f0a3,OMN,C2,condition,uncovered,absent,0,0
2875d89fc91dbfd3f0a3,OMN,C2,exception,covered,absent,0,0
2875d89fc91dbfd3f0a3,OMN,C2,temporal,covered,absent,0,0
2875d89fc91dbfd3f0a3,OMN,C2,consequence,covered,absent,0,0
28b1c826b569e5149075,BHR,C2,addressee,uncovered,direct_textual,0,1
28b1c826b569e5149075,BHR,C2,modality,partial,conceptual,0,1
28b1c826b569e5149075,BHR,C2,action,covered,conceptual,0,1
28b1c826b569e5149075,BHR,C2,scope,partial,absent,0,1
28b1c826b569e5149075,BHR,C2,condition,covered,absent,0,0
28b1c826b569e5149075,BHR,C2,exception,covered,absent,0,0
28b1c826b569e5149075,BHR,C2,temporal,covered,absent,0,0
28b1c826b569e5149075,BHR,C2,consequence,broader,direct_textual,0,1
28b5935f957b627881ad,QAT,C2,addressee,covered,direct_textual,0,1
28b5935f957b627881ad,QAT,C2,modality,covered,direct_textual,0,1
28b5935f957b627881ad,QAT,C2,action,uncovered,direct_textual,0,1
28b5935f957b627881ad,QAT,C2,scope,covered,direct_textual,0,1
28b5935f957b627881ad,QAT,C2,condition,partial,direct_textual,0,1
28b5935f957b627881ad,QAT,C2,exception,covered,absent,0,0
28b5935f957b627881ad,QAT,C2,temporal,covered,direct_textual,0,1
28b5935f957b627881ad,QAT,C2,consequence,covered,absent,0,0
28dd9eeddd8b02c216c8,QAT,C5,addressee,uncovered,absent,0,0
28dd9eeddd8b02c216c8,QAT,C5,modality,uncovered,absent,0,0
28dd9eeddd8b02c216c8,QAT,C5,action,uncovered,absent,0,0
28dd9eeddd8b02c216c8,QAT,C5,scope,uncovered,absent,0,0
28dd9eeddd8b02c216c8,QAT,C5,condition,uncovered,absent,0,0
28dd9eeddd8b02c216c8,QAT,C5,exception,uncovered,absent,0,0
28dd9eeddd8b02c216c8,QAT,C5,temporal,uncovered,absent,0,0
28dd9eeddd8b02c216c8,QAT,C5,consequence,uncovered,absent,0,0
28e57283d4abc0771fcf,UAE,C3,addressee,covered,direct_textual,0,1
28e57283d4abc0771fcf,UAE,C3,modality,weaker_modality,distributed,0,1
28e57283d4abc0771fcf,UAE,C3,action,covered,direct_textual,0,1
28e57283d4abc0771fcf,UAE,C3,scope,broader,direct_textual,0,1
28e57283d4abc0771fcf,UAE,C3,condition,covered,absent,0,0
28e57283d4abc0771fcf,UAE,C3,exception,broader,direct_textual,0,1
28e57283d4abc0771fcf,UAE,C3,temporal,covered,absent,0,0
28e57283d4abc0771fcf,UAE,C3,consequence,covered,absent,0,0
29302f747b212e0a9523,KSA,C2,addressee,covered,conceptual,1,1
29302f747b212e0a9523,KSA,C2,modality,uncovered,absent,0,0
29302f747b212e0a9523,KSA,C2,action,uncovered,absent,0,0
29302f747b212e0a9523,KSA,C2,scope,uncovered,absent,0,0
29302f747b212e0a9523,KSA,C2,condition,uncovered,absent,0,0
29302f747b212e0a9523,KSA,C2,exception,uncovered,absent,0,0
29302f747b212e0a9523,KSA,C2,temporal,uncovered,absent,0,0
29302f747b212e0a9523,KSA,C2,consequence,uncovered,absent,0,0
2948059cd4a09b8eb2a5,OMN,C3,addressee,covered,conceptual,1,1
2948059cd4a09b8eb2a5,OMN,C3,modality,weaker_modality,direct_textual,1,1
2948059cd4a09b8eb2a5,OMN,C3,action,uncovered,absent,1,1
2948059cd4a09b8eb2a5,OMN,C3,scope,broader,direct_textual,1,1
2948059cd4a09b8eb2a5,OMN,C3,condition,uncovered,absent,0,0
2948059cd4a09b8eb2a5,OMN,C3,exception,covered,absent,0,0
2948059cd4a09b8eb2a5,OMN,C3,temporal,covered,absent,0,0
2948059cd4a09b8eb2a5,OMN,C3,consequence,covered,absent,0,0
29b4d2f8e3ba5ce22224,KWT,C1,addressee,covered,direct_textual,0,1
29b4d2f8e3ba5ce22224,KWT,C1,modality,covered,direct_textual,0,1
29b4d2f8e3ba5ce22224,KWT,C1,action,covered,direct_textual,0,1
29b4d2f8e3ba5ce22224,KWT,C1,scope,covered,distributed,0,1
29b4d2f8e3ba5ce22224,KWT,C1,condition,broader,direct_textual,0,1
29b4d2f8e3ba5ce22224,KWT,C1,exception,covered,absent,0,0
29b4d2f8e3ba5ce22224,KWT,C1,temporal,covered,absent,0,0
29b4d2f8e3ba5ce22224,KWT,C1,consequence,covered,absent,0,0
2a06e43324f9154f7a49,OMN,C2,addressee,covered,conceptual,1,1
2a06e43324f9154f7a49,OMN,C2,modality,covered,direct_textual,1,1
2a06e43324f9154f7a49,OMN,C2,action,covered,direct_textual,1,1
2a06e43324f9154f7a49,OMN,C2,scope,covered,direct_textual,1,1
2a06e43324f9154f7a49,OMN,C2,condition,uncovered,absent,0,0
2a06e43324f9154f7a49,OMN,C2,exception,uncovered,absent,0,0
2a06e43324f9154f7a49,OMN,C2,temporal,covered,direct_textual,1,1
2a06e43324f9154f7a49,OMN,C2,consequence,covered,absent,0,0
2a3689905145da710307,QAT,C5,addressee,uncovered,absent,0,0
2a3689905145da710307,QAT,C5,modality,uncovered,absent,0,0
2a3689905145da710307,QAT,C5,action,uncovered,absent,0,0
2a3689905145da710307,QAT,C5,scope,uncovered,absent,0,0
2a3689905145da710307,QAT,C5,condition,uncovered,absent,0,0
2a3689905145da710307,QAT,C5,exception,uncovered,absent,0,0
2a3689905145da710307,QAT,C5,temporal,uncovered,absent,0,0
2a3689905145da710307,QAT,C5,consequence,uncovered,absent,0,0
2a6a14ffac07b975eae8,KSA,C2,addressee,covered,direct_textual,0,1
2a6a14ffac07b975eae8,KSA,C2,modality,covered,direct_textual,0,1
2a6a14ffac07b975eae8,KSA,C2,action,partial,distributed,0,1
2a6a14ffac07b975eae8,KSA,C2,scope,covered,direct_textual,0,1
2a6a14ffac07b975eae8,KSA,C2,condition,partial,distributed,0,1
2a6a14ffac07b975eae8,KSA,C2,exception,uncovered,absent,0,0
2a6a14ffac07b975eae8,KSA,C2,temporal,covered,direct_textual,0,1
2a6a14ffac07b975eae8,KSA,C2,consequence,covered,absent,0,0
2a8e331d8f144972c588,KWT,C5,addressee,uncovered,absent,0,0
2a8e331d8f144972c588,KWT,C5,modality,uncovered,absent,0,0
2a8e331d8f144972c588,KWT,C5,action,uncovered,absent,0,0
2a8e331d8f144972c588,KWT,C5,scope,uncovered,absent,0,0
2a8e331d8f144972c588,KWT,C5,condition,uncovered,absent,0,0
2a8e331d8f144972c588,KWT,C5,exception,uncovered,absent,0,0
2a8e331d8f144972c588,KWT,C5,temporal,uncovered,absent,0,0
2a8e331d8f144972c588,KWT,C5,consequence,uncovered,absent,0,0
2ab97794620f6b8d475d,KSA,C4,addressee,covered,direct_textual,1,1
2ab97794620f6b8d475d,KSA,C4,modality,covered,direct_textual,1,1
2ab97794620f6b8d475d,KSA,C4,action,covered,distributed,1,1
2ab97794620f6b8d475d,KSA,C4,scope,narrower,distributed,1,1
2ab97794620f6b8d475d,KSA,C4,condition,narrower,distributed,1,1
2ab97794620f6b8d475d,KSA,C4,exception,narrower,direct_textual,1,1
2ab97794620f6b8d475d,KSA,C4,temporal,broader,distributed,1,1
2ab97794620f6b8d475d,KSA,C4,consequence,covered,absent,0,0
2acf82b62901ac240b80,QAT,C2,addressee,uncovered,absent,0,0
2acf82b62901ac240b80,QAT,C2,modality,uncovered,absent,0,0
2acf82b62901ac240b80,QAT,C2,action,uncovered,absent,0,0
2acf82b62901ac240b80,QAT,C2,scope,partial,conceptual,0,1
2acf82b62901ac240b80,QAT,C2,condition,uncovered,absent,0,0
2acf82b62901ac240b80,QAT,C2,exception,covered,absent,0,0
2acf82b62901ac240b80,QAT,C2,temporal,covered,absent,0,0
2acf82b62901ac240b80,QAT,C2,consequence,covered,absent,0,0
2adf5bf59bff5b8e5e96,KSA,C5,addressee,uncovered,absent,0,0
2adf5bf59bff5b8e5e96,KSA,C5,modality,uncovered,absent,0,0
2adf5bf59bff5b8e5e96,KSA,C5,action,uncovered,absent,0,0
2adf5bf59bff5b8e5e96,KSA,C5,scope,uncovered,absent,0,0
2adf5bf59bff5b8e5e96,KSA,C5,condition,uncovered,absent,0,0
2adf5bf59bff5b8e5e96,KSA,C5,exception,uncovered,absent,0,0
2adf5bf59bff5b8e5e96,KSA,C5,temporal,uncovered,absent,0,0
2adf5bf59bff5b8e5e96,KSA,C5,consequence,uncovered,absent,0,0
2b2f2d6dcd35f02293a9,KWT,C5,addressee,uncovered,absent,0,0
2b2f2d6dcd35f02293a9,KWT,C5,modality,uncovered,absent,0,0
2b2f2d6dcd35f02293a9,KWT,C5,action,uncovered,absent,0,0
2b2f2d6dcd35f02293a9,KWT,C5,scope,uncovered,absent,0,0
2b2f2d6dcd35f02293a9,KWT,C5,condition,uncovered,absent,0,0
2b2f2d6dcd35f02293a9,KWT,C5,exception,uncovered,absent,0,0
2b2f2d6dcd35f02293a9,KWT,C5,temporal,uncovered,absent,0,0
2b2f2d6dcd35f02293a9,KWT,C5,consequence,uncovered,absent,0,0
2b618e0c781db20237b6,OMN,C2,addressee,covered,direct_textual,0,1
2b618e0c781db20237b6,OMN,C2,modality,covered,direct_textual,0,1
2b618e0c781db20237b6,OMN,C2,action,partial,distributed,0,1
2b618e0c781db20237b6,OMN,C2,scope,partial,direct_textual,0,1
2b618e0c781db20237b6,OMN,C2,condition,broader,distributed,0,1
2b618e0c781db20237b6,OMN,C2,exception,partial,direct_textual,0,1
2b618e0c781db20237b6,OMN,C2,temporal,covered,absent,0,0
2b618e0c781db20237b6,OMN,C2,consequence,covered,absent,0,0
2c23b638def4ba6776aa,UAE,C5,addressee,uncovered,absent,0,0
2c23b638def4ba6776aa,UAE,C5,modality,uncovered,absent,0,0
2c23b638def4ba6776aa,UAE,C5,action,uncovered,absent,0,0
2c23b638def4ba6776aa,UAE,C5,scope,uncovered,absent,0,0
2c23b638def4ba6776aa,UAE,C5,condition,uncovered,absent,0,0
2c23b638def4ba6776aa,UAE,C5,exception,uncovered,absent,0,0
2c23b638def4ba6776aa,UAE,C5,temporal,uncovered,absent,0,0
2c23b638def4ba6776aa,UAE,C5,consequence,uncovered,absent,0,0
2c9200b42aa7fb1a43ad,KSA,C4,addressee,narrower,direct_textual,1,1
2c9200b42aa7fb1a43ad,KSA,C4,modality,covered,conceptual,1,1
2c9200b42aa7fb1a43ad,KSA,C4,action,covered,direct_textual,1,1
2c9200b42aa7fb1a43ad,KSA,C4,scope,covered,direct_textual,1,1
2c9200b42aa7fb1a43ad,KSA,C4,condition,covered,conceptual,1,1
2c9200b42aa7fb1a43ad,KSA,C4,exception,broader,direct_textual,1,1
2c9200b42aa7fb1a43ad,KSA,C4,temporal,covered,absent,0,0
2c9200b42aa7fb1a43ad,KSA,C4,consequence,covered,absent,0,0
2d0b6f662cd09320d7b2,UAE,C4,addressee,covered,direct_textual,0,1
2d0b6f662cd09320d7b2,UAE,C4,modality,covered,direct_textual,0,1
2d0b6f662cd09320d7b2,UAE,C4,action,uncovered,absent,0,0
2d0b6f662cd09320d7b2,UAE,C4,scope,broader,direct_textual,0,1
2d0b6f662cd09320d7b2,UAE,C4,condition,uncovered,absent,0,0
2d0b6f662cd09320d7b2,UAE,C4,exception,covered,absent,0,0
2d0b6f662cd09320d7b2,UAE,C4,temporal,uncovered,absent,0,0
2d0b6f662cd09320d7b2,UAE,C4,consequence,covered,absent,0,0
2dd831e8f1b37ba6d849,BHR,C4,addressee,broader,direct_textual,0,1
2dd831e8f1b37ba6d849,BHR,C4,modality,covered,direct_textual,0,1
2dd831e8f1b37ba6d849,BHR,C4,action,uncovered,absent,0,0
2dd831e8f1b37ba6d849,BHR,C4,scope,covered,direct_textual,0,1
2dd831e8f1b37ba6d849,BHR,C4,condition,uncovered,absent,0,0
2dd831e8f1b37ba6d849,BHR,C4,exception,uncovered,absent,0,0
2dd831e8f1b37ba6d849,BHR,C4,temporal,uncovered,absent,0,0
2dd831e8f1b37ba6d849,BHR,C4,consequence,covered,absent,0,0
2fa6e0efb283185e745e,KWT,C1,addressee,covered,conceptual,0,1
2fa6e0efb283185e745e,KWT,C1,modality,covered,direct_textual,0,1
2fa6e0efb283185e745e,KWT,C1,action,covered,direct_textual,0,1
2fa6e0efb283185e745e,KWT,C1,scope,covered,direct_textual,0,1
2fa6e0efb283185e745e,KWT,C1,condition,covered,absent,0,0
2fa6e0efb283185e745e,KWT,C1,exception,covered,absent,0,0
2fa6e0efb283185e745e,KWT,C1,temporal,covered,absent,0,0
2fa6e0efb283185e745e,KWT,C1,consequence,covered,absent,0,0
301f7abd3b7830058d2a,BHR,C4,addressee,uncovered,absent,0,0
301f7abd3b7830058d2a,BHR,C4,modality,partial,direct_textual,0,1
301f7abd3b7830058d2a,BHR,C4,action,partial,distributed,0,1
301f7abd3b7830058d2a,BHR,C4,scope,narrower,direct_textual,0,1
301f7abd3b7830058d2a,BHR,C4,condition,narrower,direct_textual,0,1
301f7abd3b7830058d2a,BHR,C4,exception,covered,absent,0,0
301f7abd3b7830058d2a,BHR,C4,temporal,covered,absent,0,0
301f7abd3b7830058d2a,BHR,C4,consequence,covered,absent,0,0
306af9163b34030a70f8,QAT,C5,addressee,uncovered,absent: the qatari pdpl contains no clause that imposes obligations on the legislator about the content of legislative measures.,0,0
306af9163b34030a70f8,QAT,C5,modality,uncovered,absent: no normative duty directed at the legislator to ensure specified content in legislative measures.,0,0
306af9163b34030a70f8,QAT,C5,action,uncovered,absent: no requirement that legislative measures include specific purposes or categories of processing.,0,0
306af9163b34030a70f8,QAT,C5,scope,uncovered,absent: the statute does not establish a framework for legislative measures restricting rights with specified drafting requirements.,0,0
306af9163b34030a70f8,QAT,C5,condition,uncovered,absent: no conditional qualifier analogous to 'where relevant' is provided for any legislator-facing duty.,0,0
306af9163b34030a70f8,QAT,C5,exception,uncovered,absent: no counterpart rule exists to assess exceptions against.,0,0
306af9163b34030a70f8,QAT,C5,temporal,uncovered,absent: no counterpart rule with temporal element.,0,0
306af9163b34030a70f8,QAT,C5,consequence,uncovered,absent: no counterpart rule specifying consequences.,0,0
3116c8199550dfa8befd,UAE,C4,addressee,broader,direct_textual,1,1
3116c8199550dfa8befd,UAE,C4,modality,covered,direct_textual,1,1
3116c8199550dfa8befd,UAE,C4,action,narrower,distributed,1,1
3116c8199550dfa8befd,UAE,C4,scope,covered,direct_textual,1,1
3116c8199550dfa8befd,UAE,C4,condition,narrower,direct_textual,1,1
3116c8199550dfa8befd,UAE,C4,exception,covered,absent,0,0
3116c8199550dfa8befd,UAE,C4,temporal,covered,absent,0,0
3116c8199550dfa8befd,UAE,C4,consequence,covered,absent,0,0
31881d18d020efb47222,KSA,C5,addressee,uncovered,absent,0,0
31881d18d020efb47222,KSA,C5,modality,uncovered,absent,0,0
31881d18d020efb47222,KSA,C5,action,uncovered,absent,0,0
31881d18d020efb47222,KSA,C5,scope,uncovered,absent,0,0
31881d18d020efb47222,KSA,C5,condition,uncovered,absent,0,0
31881d18d020efb47222,KSA,C5,exception,uncovered,absent,0,0
31881d18d020efb47222,KSA,C5,temporal,uncovered,absent,0,0
31881d18d020efb47222,KSA,C5,consequence,uncovered,absent,0,0
31959192576a59dc3935,KSA,C1,addressee,covered,direct_textual,1,1
31959192576a59dc3935,KSA,C1,modality,covered,direct_textual,1,1
31959192576a59dc3935,KSA,C1,action,narrower,direct_textual,1,1
31959192576a59dc3935,KSA,C1,scope,covered,direct_textual,1,1
31959192576a59dc3935,KSA,C1,condition,narrower,distributed,1,1
31959192576a59dc3935,KSA,C1,exception,covered,absent,1,0
31959192576a59dc3935,KSA,C1,temporal,broader,direct_textual,1,1
31959192576a59dc3935,KSA,C1,consequence,covered,absent,1,0
3195de885dca145f059d,UAE,C2,addressee,covered,direct_textual,0,1
3195de885dca145f059d,UAE,C2,modality,uncovered,absent,0,0
3195de885dca145f059d,UAE,C2,action,uncovered,absent,0,0
3195de885dca145f059d,UAE,C2,scope,covered,absent,0,0
3195de885dca145f059d,UAE,C2,condition,covered,direct_textual,0,1
3195de885dca145f059d,UAE,C2,exception,covered,absent,0,0
3195de885dca145f059d,UAE,C2,temporal,covered,absent,0,0
3195de885dca145f059d,UAE,C2,consequence,covered,absent,0,0
31d1373c20a9708fd067,UAE,C1,addressee,covered,direct_textual,1,1
31d1373c20a9708fd067,UAE,C1,modality,covered,direct_textual,1,1
31d1373c20a9708fd067,UAE,C1,action,covered,distributed,1,1
31d1373c20a9708fd067,UAE,C1,scope,covered,conceptual,1,1
31d1373c20a9708fd067,UAE,C1,condition,broader,distributed,1,1
31d1373c20a9708fd067,UAE,C1,exception,covered,absent,0,0
31d1373c20a9708fd067,UAE,C1,temporal,covered,absent,0,0
31d1373c20a9708fd067,UAE,C1,consequence,covered,absent,0,0
32182a28aa6c15c2adbf,KSA,C2,addressee,covered,direct_textual,0,1
32182a28aa6c15c2adbf,KSA,C2,modality,covered,direct_textual,0,1
32182a28aa6c15c2adbf,KSA,C2,action,partial,direct_textual,0,1
32182a28aa6c15c2adbf,KSA,C2,scope,covered,direct_textual,0,1
32182a28aa6c15c2adbf,KSA,C2,condition,covered,absent,0,0
32182a28aa6c15c2adbf,KSA,C2,exception,covered,absent,0,0
32182a28aa6c15c2adbf,KSA,C2,temporal,broader,direct_textual,0,1
32182a28aa6c15c2adbf,KSA,C2,consequence,covered,absent,0,0
32a40176c0715266c1d1,KWT,C5,addressee,uncovered,absent,0,0
32a40176c0715266c1d1,KWT,C5,modality,uncovered,absent,0,0
32a40176c0715266c1d1,KWT,C5,action,uncovered,absent,0,0
32a40176c0715266c1d1,KWT,C5,scope,covered,absent,0,0
32a40176c0715266c1d1,KWT,C5,condition,covered,absent,0,0
32a40176c0715266c1d1,KWT,C5,exception,covered,absent,0,0
32a40176c0715266c1d1,KWT,C5,temporal,uncovered,absent,0,0
32a40176c0715266c1d1,KWT,C5,consequence,covered,absent,0,0
331b698f5b3df9fab50e,QAT,C4,addressee,broader,direct_textual,0,1
331b698f5b3df9fab50e,QAT,C4,modality,covered,direct_textual,0,1
331b698f5b3df9fab50e,QAT,C4,action,covered,direct_textual,0,1
331b698f5b3df9fab50e,QAT,C4,scope,covered,direct_textual,0,1
331b698f5b3df9fab50e,QAT,C4,condition,uncovered,absent,0,0
331b698f5b3df9fab50e,QAT,C4,exception,covered,absent,0,0
331b698f5b3df9fab50e,QAT,C4,temporal,covered,absent,0,0
331b698f5b3df9fab50e,QAT,C4,consequence,covered,absent,0,0
3342645b5f018eae3c95,KSA,C3,addressee,partial,direct_textual,1,1
3342645b5f018eae3c95,KSA,C3,modality,weaker_modality,conceptual,1,1
3342645b5f018eae3c95,KSA,C3,action,partial,conceptual,1,1
3342645b5f018eae3c95,KSA,C3,scope,uncovered,absent,1,0
3342645b5f018eae3c95,KSA,C3,condition,partial,direct_textual,1,1
3342645b5f018eae3c95,KSA,C3,exception,uncovered,absent,1,0
3342645b5f018eae3c95,KSA,C3,temporal,covered,absent,0,0
3342645b5f018eae3c95,KSA,C3,consequence,covered,absent,0,0
3355c0dee6e860a883a0,OMN,C4,addressee,covered,direct_textual,0,1
3355c0dee6e860a883a0,OMN,C4,modality,covered,conceptual,0,1
3355c0dee6e860a883a0,OMN,C4,action,narrower,direct_textual,0,1
3355c0dee6e860a883a0,OMN,C4,scope,narrower,direct_textual,0,1
3355c0dee6e860a883a0,OMN,C4,condition,narrower,direct_textual,0,1
3355c0dee6e860a883a0,OMN,C4,exception,covered,absent,0,0
3355c0dee6e860a883a0,OMN,C4,temporal,uncovered,absent,0,0
3355c0dee6e860a883a0,OMN,C4,consequence,broader,direct_textual,0,1
33c3f75f37ca57683403,OMN,C3,addressee,broader,direct_textual,1,1
33c3f75f37ca57683403,OMN,C3,modality,weaker_modality,direct_textual,1,1
33c3f75f37ca57683403,OMN,C3,action,covered,direct_textual,1,1
33c3f75f37ca57683403,OMN,C3,scope,narrower,direct_textual,1,1
33c3f75f37ca57683403,OMN,C3,condition,covered,direct_textual,1,1
33c3f75f37ca57683403,OMN,C3,exception,covered,absent,1,0
33c3f75f37ca57683403,OMN,C3,temporal,narrower,direct_textual,1,1
33c3f75f37ca57683403,OMN,C3,consequence,broader,direct_textual,1,1
34e5b7821e60cf051c0e,QAT,C2,addressee,covered,direct_textual,0,1
34e5b7821e60cf051c0e,QAT,C2,modality,covered,direct_textual,0,1
34e5b7821e60cf051c0e,QAT,C2,action,uncovered,absent,0,0
34e5b7821e60cf051c0e,QAT,C2,scope,covered,absent,0,0
34e5b7821e60cf051c0e,QAT,C2,condition,uncovered,absent,0,0
34e5b7821e60cf051c0e,QAT,C2,exception,uncovered,absent,0,0
34e5b7821e60cf051c0e,QAT,C2,temporal,broader,direct_textual,0,1
34e5b7821e60cf051c0e,QAT,C2,consequence,covered,absent,0,0
3503db08ad8e6906d4c3,KWT,C5,addressee,uncovered,absent,0,0
3503db08ad8e6906d4c3,KWT,C5,modality,uncovered,absent,0,0
3503db08ad8e6906d4c3,KWT,C5,action,uncovered,absent,0,0
3503db08ad8e6906d4c3,KWT,C5,scope,covered,absent,0,0
3503db08ad8e6906d4c3,KWT,C5,condition,covered,absent,0,0
3503db08ad8e6906d4c3,KWT,C5,exception,uncovered,absent,0,0
3503db08ad8e6906d4c3,KWT,C5,temporal,covered,absent,0,0
3503db08ad8e6906d4c3,KWT,C5,consequence,covered,absent,0,0
35094f37ab3d151f3b8e,QAT,C5,addressee,uncovered,absent,0,0
35094f37ab3d151f3b8e,QAT,C5,modality,uncovered,absent,0,0
35094f37ab3d151f3b8e,QAT,C5,action,uncovered,absent,0,0
35094f37ab3d151f3b8e,QAT,C5,scope,uncovered,absent,0,0
35094f37ab3d151f3b8e,QAT,C5,condition,uncovered,absent,0,0
35094f37ab3d151f3b8e,QAT,C5,exception,uncovered,absent,0,0
35094f37ab3d151f3b8e,QAT,C5,temporal,uncovered,absent,0,0
35094f37ab3d151f3b8e,QAT,C5,consequence,uncovered,absent,0,0
35581040eff921f456c2,KSA,C5,addressee,uncovered,absent,0,0
35581040eff921f456c2,KSA,C5,modality,uncovered,absent,0,0
35581040eff921f456c2,KSA,C5,action,uncovered,absent,0,0
35581040eff921f456c2,KSA,C5,scope,uncovered,absent,0,0
35581040eff921f456c2,KSA,C5,condition,uncovered,absent,0,0
35581040eff921f456c2,KSA,C5,exception,uncovered,absent,0,0
35581040eff921f456c2,KSA,C5,temporal,uncovered,absent,0,0
35581040eff921f456c2,KSA,C5,consequence,uncovered,absent,0,0
357af9d53a8856894079,KSA,C2,addressee,covered,conceptual,1,1
357af9d53a8856894079,KSA,C2,modality,covered,direct_textual,1,1
357af9d53a8856894079,KSA,C2,action,partial,direct_textual,1,1
357af9d53a8856894079,KSA,C2,scope,partial,direct_textual,1,1
357af9d53a8856894079,KSA,C2,condition,broader,direct_textual,1,1
357af9d53a8856894079,KSA,C2,exception,narrower,direct_textual,1,1
357af9d53a8856894079,KSA,C2,temporal,covered,absent,1,0
357af9d53a8856894079,KSA,C2,consequence,covered,absent,1,0
363ac9cfac45d91f6182,UAE,C5,addressee,uncovered,absent,0,0
363ac9cfac45d91f6182,UAE,C5,modality,uncovered,absent,0,0
363ac9cfac45d91f6182,UAE,C5,action,uncovered,absent,0,0
363ac9cfac45d91f6182,UAE,C5,scope,uncovered,absent,0,0
363ac9cfac45d91f6182,UAE,C5,condition,uncovered,absent,0,0
363ac9cfac45d91f6182,UAE,C5,exception,uncovered,absent,0,0
363ac9cfac45d91f6182,UAE,C5,temporal,uncovered,absent,0,0
363ac9cfac45d91f6182,UAE,C5,consequence,uncovered,absent,0,0
363f884c3e52a2666622,KWT,C2,addressee,partial,conceptual,0,1
363f884c3e52a2666622,KWT,C2,modality,covered,direct_textual,0,1
363f884c3e52a2666622,KWT,C2,action,uncovered,absent,0,0
363f884c3e52a2666622,KWT,C2,scope,uncovered,absent,0,0
363f884c3e52a2666622,KWT,C2,condition,uncovered,absent,0,0
363f884c3e52a2666622,KWT,C2,exception,covered,absent,0,0
363f884c3e52a2666622,KWT,C2,temporal,covered,absent,0,0
363f884c3e52a2666622,KWT,C2,consequence,covered,absent,0,0
36416526425e4c548636,UAE,C5,addressee,uncovered,absent,0,0
36416526425e4c548636,UAE,C5,modality,uncovered,absent,0,0
36416526425e4c548636,UAE,C5,action,uncovered,absent,0,0
36416526425e4c548636,UAE,C5,scope,uncovered,absent,0,0
36416526425e4c548636,UAE,C5,condition,uncovered,absent,0,0
36416526425e4c548636,UAE,C5,exception,uncovered,absent,0,0
36416526425e4c548636,UAE,C5,temporal,uncovered,absent,0,0
36416526425e4c548636,UAE,C5,consequence,uncovered,absent,0,0
36f8617ce3b33d8e6a18,OMN,C2,addressee,covered,conceptual,1,1
36f8617ce3b33d8e6a18,OMN,C2,modality,covered,direct_textual,1,1
36f8617ce3b33d8e6a18,OMN,C2,action,partial,conceptual,1,1
36f8617ce3b33d8e6a18,OMN,C2,scope,uncovered,absent,0,0
36f8617ce3b33d8e6a18,OMN,C2,condition,uncovered,absent,0,0
36f8617ce3b33d8e6a18,OMN,C2,exception,covered,absent,0,0
36f8617ce3b33d8e6a18,OMN,C2,temporal,covered,absent,0,0
36f8617ce3b33d8e6a18,OMN,C2,consequence,covered,absent,0,0
375019386e940bcaad4b,BHR,C5,addressee,uncovered,absent,0,0
375019386e940bcaad4b,BHR,C5,modality,uncovered,absent,0,0
375019386e940bcaad4b,BHR,C5,action,uncovered,absent,0,0
375019386e940bcaad4b,BHR,C5,scope,uncovered,absent,0,0
375019386e940bcaad4b,BHR,C5,condition,uncovered,absent,0,0
375019386e940bcaad4b,BHR,C5,exception,uncovered,absent,0,0
375019386e940bcaad4b,BHR,C5,temporal,uncovered,absent,0,0
375019386e940bcaad4b,BHR,C5,consequence,uncovered,absent,0,0
3784863fb1f7393051f7,BHR,C2,addressee,covered,direct_textual,1,1
3784863fb1f7393051f7,BHR,C2,modality,covered,direct_textual,1,1
3784863fb1f7393051f7,BHR,C2,action,covered,direct_textual,1,1
3784863fb1f7393051f7,BHR,C2,scope,covered,direct_textual,1,1
3784863fb1f7393051f7,BHR,C2,condition,narrower,direct_textual,1,1
3784863fb1f7393051f7,BHR,C2,exception,broader,direct_textual,1,1
3784863fb1f7393051f7,BHR,C2,temporal,uncovered,absent,1,1
3784863fb1f7393051f7,BHR,C2,consequence,broader,direct_textual,1,1
379e4d19f387421e2ea0,KSA,C3,addressee,covered,direct_textual,1,1
379e4d19f387421e2ea0,KSA,C3,modality,weaker_modality,direct_textual,1,1
379e4d19f387421e2ea0,KSA,C3,action,partial,direct_textual,1,1
379e4d19f387421e2ea0,KSA,C3,scope,narrower,direct_textual,1,1
379e4d19f387421e2ea0,KSA,C3,condition,narrower,direct_textual,1,1
379e4d19f387421e2ea0,KSA,C3,exception,narrower,direct_textual,1,1
379e4d19f387421e2ea0,KSA,C3,temporal,covered,absent,0,0
379e4d19f387421e2ea0,KSA,C3,consequence,covered,absent,1,0
37cbdde8e6296553d8af,OMN,C5,addressee,uncovered,absent,0,0
37cbdde8e6296553d8af,OMN,C5,modality,uncovered,absent,0,0
37cbdde8e6296553d8af,OMN,C5,action,uncovered,absent,0,0
37cbdde8e6296553d8af,OMN,C5,scope,uncovered,absent,0,0
37cbdde8e6296553d8af,OMN,C5,condition,uncovered,absent,0,0
37cbdde8e6296553d8af,OMN,C5,exception,uncovered,absent,0,0
37cbdde8e6296553d8af,OMN,C5,temporal,uncovered,absent,0,0
37cbdde8e6296553d8af,OMN,C5,consequence,uncovered,absent,0,0
37dc8fdb33f3550bbade,QAT,C2,addressee,covered,direct_textual,0,1
37dc8fdb33f3550bbade,QAT,C2,modality,covered,direct_textual,0,1
37dc8fdb33f3550bbade,QAT,C2,action,uncovered,absent,0,0
37dc8fdb33f3550bbade,QAT,C2,scope,uncovered,absent,0,0
37dc8fdb33f3550bbade,QAT,C2,condition,uncovered,absent,0,0
37dc8fdb33f3550bbade,QAT,C2,exception,uncovered,absent,0,0
37dc8fdb33f3550bbade,QAT,C2,temporal,covered,absent,0,0
37dc8fdb33f3550bbade,QAT,C2,consequence,covered,absent,0,0
3801700b4ed03893cba0,OMN,C3,addressee,covered,direct_textual,0,1
3801700b4ed03893cba0,OMN,C3,modality,weaker_modality,direct_textual,0,1
3801700b4ed03893cba0,OMN,C3,action,partial,conceptual,0,1
3801700b4ed03893cba0,OMN,C3,scope,partial,distributed,0,1
3801700b4ed03893cba0,OMN,C3,condition,uncovered,absent,0,0
3801700b4ed03893cba0,OMN,C3,exception,partial,conceptual,0,1
3801700b4ed03893cba0,OMN,C3,temporal,covered,absent,0,0
3801700b4ed03893cba0,OMN,C3,consequence,covered,absent,0,0
381874e8b110680b893a,KWT,C2,addressee,covered,conceptual,0,1
381874e8b110680b893a,KWT,C2,modality,covered,distributed,0,1
381874e8b110680b893a,KWT,C2,action,covered,direct_textual,0,1
381874e8b110680b893a,KWT,C2,scope,covered,direct_textual,0,1
381874e8b110680b893a,KWT,C2,condition,broader,direct_textual,0,1
381874e8b110680b893a,KWT,C2,exception,partial,direct_textual,0,1
381874e8b110680b893a,KWT,C2,temporal,uncovered,absent,0,1
381874e8b110680b893a,KWT,C2,consequence,covered,absent,0,1
386d300d797efc9a68a6,KSA,C2,addressee,covered,direct_textual,0,1
386d300d797efc9a68a6,KSA,C2,modality,covered,direct_textual,0,1
386d300d797efc9a68a6,KSA,C2,action,covered,direct_textual,0,1
386d300d797efc9a68a6,KSA,C2,scope,covered,direct_textual,0,1
386d300d797efc9a68a6,KSA,C2,condition,partial,distributed,0,1
386d300d797efc9a68a6,KSA,C2,exception,narrower,distributed,0,1
386d300d797efc9a68a6,KSA,C2,temporal,weaker_modality,distributed,0,1
386d300d797efc9a68a6,KSA,C2,consequence,broader,direct_textual,0,1
38c70e4bdaaedfcadc24,QAT,C4,addressee,narrower,direct_textual,1,1
38c70e4bdaaedfcadc24,QAT,C4,modality,covered,conceptual,1,1
38c70e4bdaaedfcadc24,QAT,C4,action,covered,direct_textual,1,1
38c70e4bdaaedfcadc24,QAT,C4,scope,covered,conceptual,1,1
38c70e4bdaaedfcadc24,QAT,C4,condition,partial,direct_textual,1,1
38c70e4bdaaedfcadc24,QAT,C4,exception,uncovered,absent,0,0
38c70e4bdaaedfcadc24,QAT,C4,temporal,covered,absent,0,0
38c70e4bdaaedfcadc24,QAT,C4,consequence,covered,absent,0,0
38e2b71a704bb2ea1500,OMN,C2,addressee,covered,direct_textual,0,1
38e2b71a704bb2ea1500,OMN,C2,modality,covered,direct_textual,0,1
38e2b71a704bb2ea1500,OMN,C2,action,partial,conceptual,0,1
38e2b71a704bb2ea1500,OMN,C2,scope,uncovered,absent,0,0
38e2b71a704bb2ea1500,OMN,C2,condition,covered,direct_textual,0,1
38e2b71a704bb2ea1500,OMN,C2,exception,covered,absent,0,0
38e2b71a704bb2ea1500,OMN,C2,temporal,covered,absent,0,0
38e2b71a704bb2ea1500,OMN,C2,consequence,covered,absent,0,0
391574700ebb1ccc5cbe,OMN,C2,addressee,covered,direct_textual,0,1
391574700ebb1ccc5cbe,OMN,C2,modality,covered,direct_textual,0,1
391574700ebb1ccc5cbe,OMN,C2,action,uncovered,absent,0,0
391574700ebb1ccc5cbe,OMN,C2,scope,covered,direct_textual,0,1
391574700ebb1ccc5cbe,OMN,C2,condition,partial,conceptual,0,1
391574700ebb1ccc5cbe,OMN,C2,exception,covered,absent,0,0
391574700ebb1ccc5cbe,OMN,C2,temporal,covered,absent,0,0
391574700ebb1ccc5cbe,OMN,C2,consequence,covered,absent,0,0
391ab84ffc7f4b258c01,KWT,C5,addressee,uncovered,absent,0,0
391ab84ffc7f4b258c01,KWT,C5,modality,uncovered,absent,0,0
391ab84ffc7f4b258c01,KWT,C5,action,uncovered,absent,0,0
391ab84ffc7f4b258c01,KWT,C5,scope,uncovered,absent,0,0
391ab84ffc7f4b258c01,KWT,C5,condition,uncovered,absent,0,0
391ab84ffc7f4b258c01,KWT,C5,exception,uncovered,absent,0,0
391ab84ffc7f4b258c01,KWT,C5,temporal,uncovered,absent,0,0
391ab84ffc7f4b258c01,KWT,C5,consequence,uncovered,absent,0,0
3921c48daea627a6131a,KSA,C1,addressee,covered,direct_textual,0,1
3921c48daea627a6131a,KSA,C1,modality,covered,direct_textual,0,1
3921c48daea627a6131a,KSA,C1,action,covered,direct_textual,0,1
3921c48daea627a6131a,KSA,C1,scope,covered,direct_textual,0,1
3921c48daea627a6131a,KSA,C1,condition,covered,distributed,0,1
3921c48daea627a6131a,KSA,C1,exception,covered,absent,0,0
3921c48daea627a6131a,KSA,C1,temporal,covered,absent,0,0
3921c48daea627a6131a,KSA,C1,consequence,covered,absent,0,0
39b24b43354865c840ec,BHR,C2,addressee,covered,direct_textual,0,1
39b24b43354865c840ec,BHR,C2,modality,covered,direct_textual,0,1
39b24b43354865c840ec,BHR,C2,action,uncovered,direct_textual,0,1
39b24b43354865c840ec,BHR,C2,scope,partial,conceptual,0,1
39b24b43354865c840ec,BHR,C2,condition,uncovered,direct_textual,0,1
39b24b43354865c840ec,BHR,C2,exception,partial,distributed,0,1
39b24b43354865c840ec,BHR,C2,temporal,broader,direct_textual,0,1
39b24b43354865c840ec,BHR,C2,consequence,broader,direct_textual,0,1
39d20d7e4f6084d79f80,OMN,C4,addressee,narrower,direct_textual,0,1
39d20d7e4f6084d79f80,OMN,C4,modality,covered,direct_textual,0,1
39d20d7e4f6084d79f80,OMN,C4,action,covered,direct_textual,0,1
39d20d7e4f6084d79f80,OMN,C4,scope,narrower,conceptual,0,1
39d20d7e4f6084d79f80,OMN,C4,condition,partial,distributed,0,1
39d20d7e4f6084d79f80,OMN,C4,exception,uncovered,absent,0,1
39d20d7e4f6084d79f80,OMN,C4,temporal,covered,absent,0,1
39d20d7e4f6084d79f80,OMN,C4,consequence,covered,absent,0,1
3a0c3972c7ddd4b7e43f,QAT,C2,addressee,covered,direct_textual,0,1
3a0c3972c7ddd4b7e43f,QAT,C2,modality,covered,direct_textual,0,1
3a0c3972c7ddd4b7e43f,QAT,C2,action,uncovered,absent,0,0
3a0c3972c7ddd4b7e43f,QAT,C2,scope,covered,direct_textual,0,1
3a0c3972c7ddd4b7e43f,QAT,C2,condition,uncovered,absent,0,0
3a0c3972c7ddd4b7e43f,QAT,C2,exception,covered,absent,0,0
3a0c3972c7ddd4b7e43f,QAT,C2,temporal,uncovered,absent,0,0
3a0c3972c7ddd4b7e43f,QAT,C2,consequence,covered,absent,0,0
3a728dae7ab231142396,UAE,C2,addressee,covered,direct_textual,0,1
3a728dae7ab231142396,UAE,C2,modality,covered,direct_textual,0,1
3a728dae7ab231142396,UAE,C2,action,covered,direct_textual,0,1
3a728dae7ab231142396,UAE,C2,scope,partial,distributed,0,1
3a728dae7ab231142396,UAE,C2,condition,covered,direct_textual,0,1
3a728dae7ab231142396,UAE,C2,exception,uncovered,absent,0,0
3a728dae7ab231142396,UAE,C2,temporal,covered,absent,0,0
3a728dae7ab231142396,UAE,C2,consequence,covered,absent,0,0
3a8dc0275ba54327185f,QAT,C1,addressee,covered,direct_textual,1,1
3a8dc0275ba54327185f,QAT,C1,modality,covered,direct_textual,1,1
3a8dc0275ba54327185f,QAT,C1,action,covered,direct_textual,1,1
3a8dc0275ba54327185f,QAT,C1,scope,covered,direct_textual,1,1
3a8dc0275ba54327185f,QAT,C1,condition,covered,conceptual,1,1
3a8dc0275ba54327185f,QAT,C1,exception,covered,absent,1,1
3a8dc0275ba54327185f,QAT,C1,temporal,broader,direct_textual,1,1
3a8dc0275ba54327185f,QAT,C1,consequence,covered,absent,1,0
3aba47c3fa673922b760,QAT,C5,addressee,uncovered,absent,0,0
3aba47c3fa673922b760,QAT,C5,modality,uncovered,absent,0,0
3aba47c3fa673922b760,QAT,C5,action,uncovered,absent,0,0
3aba47c3fa673922b760,QAT,C5,scope,uncovered,absent,0,0
3aba47c3fa673922b760,QAT,C5,condition,uncovered,absent,0,0
3aba47c3fa673922b760,QAT,C5,exception,uncovered,absent,0,0
3aba47c3fa673922b760,QAT,C5,temporal,uncovered,absent,0,0
3aba47c3fa673922b760,QAT,C5,consequence,uncovered,absent,0,0
3b447aea41d8929d522c,BHR,C2,addressee,covered,direct_textual,0,1
3b447aea41d8929d522c,BHR,C2,modality,covered,direct_textual,0,1
3b447aea41d8929d522c,BHR,C2,action,partial,conceptual,0,1
3b447aea41d8929d522c,BHR,C2,scope,covered,direct_textual,0,1
3b447aea41d8929d522c,BHR,C2,condition,narrower,direct_textual,0,1
3b447aea41d8929d522c,BHR,C2,exception,covered,absent,0,0
3b447aea41d8929d522c,BHR,C2,temporal,covered,absent,0,0
3b447aea41d8929d522c,BHR,C2,consequence,covered,absent,0,0
3b4c144211a1689b1718,UAE,C1,addressee,covered,direct_textual,0,1
3b4c144211a1689b1718,UAE,C1,modality,covered,direct_textual,0,1
3b4c144211a1689b1718,UAE,C1,action,covered,direct_textual,0,1
3b4c144211a1689b1718,UAE,C1,scope,covered,direct_textual,0,1
3b4c144211a1689b1718,UAE,C1,condition,narrower,distributed,0,1
3b4c144211a1689b1718,UAE,C1,exception,covered,absent,0,0
3b4c144211a1689b1718,UAE,C1,temporal,covered,absent,0,0
3b4c144211a1689b1718,UAE,C1,consequence,covered,absent,0,0
3b69dba57ab8834008a3,BHR,C2,addressee,covered,direct_textual,0,1
3b69dba57ab8834008a3,BHR,C2,modality,covered,direct_textual,0,1
3b69dba57ab8834008a3,BHR,C2,action,partial,distributed,0,1
3b69dba57ab8834008a3,BHR,C2,scope,partial,distributed,0,1
3b69dba57ab8834008a3,BHR,C2,condition,covered,absent,0,0
3b69dba57ab8834008a3,BHR,C2,exception,covered,absent,0,0
3b69dba57ab8834008a3,BHR,C2,temporal,broader,distributed,0,1
3b69dba57ab8834008a3,BHR,C2,consequence,covered,absent,0,0
3b743e954558d0be6059,BHR,C2,addressee,covered,direct_textual,0,1
3b743e954558d0be6059,BHR,C2,modality,covered,direct_textual,0,1
3b743e954558d0be6059,BHR,C2,action,covered,direct_textual,0,1
3b743e954558d0be6059,BHR,C2,scope,covered,direct_textual,0,1
3b743e954558d0be6059,BHR,C2,condition,partial,direct_textual,0,1
3b743e954558d0be6059,BHR,C2,exception,covered,absent,0,0
3b743e954558d0be6059,BHR,C2,temporal,covered,absent,0,0
3b743e954558d0be6059,BHR,C2,consequence,covered,absent,0,0
3b771bab8f8091b5af9d,OMN,C4,addressee,broader,direct_textual,0,1
3b771bab8f8091b5af9d,OMN,C4,modality,broader,direct_textual,0,1
3b771bab8f8091b5af9d,OMN,C4,action,partial,distributed,0,1
3b771bab8f8091b5af9d,OMN,C4,scope,uncovered,absent,0,0
3b771bab8f8091b5af9d,OMN,C4,condition,covered,absent,0,0
3b771bab8f8091b5af9d,OMN,C4,exception,covered,absent,0,0
3b771bab8f8091b5af9d,OMN,C4,temporal,covered,absent,0,0
3b771bab8f8091b5af9d,OMN,C4,consequence,covered,absent,0,0
3bcebc1c3657f45935e4,QAT,C4,addressee,covered,direct_textual,0,1
3bcebc1c3657f45935e4,QAT,C4,modality,uncovered,absent,0,0
3bcebc1c3657f45935e4,QAT,C4,action,uncovered,absent,0,0
3bcebc1c3657f45935e4,QAT,C4,scope,narrower,direct_textual,0,1
3bcebc1c3657f45935e4,QAT,C4,condition,covered,distributed,0,1
3bcebc1c3657f45935e4,QAT,C4,exception,covered,absent,0,0
3bcebc1c3657f45935e4,QAT,C4,temporal,covered,absent,0,0
3bcebc1c3657f45935e4,QAT,C4,consequence,covered,absent,0,0
3bfadbd99cd764b7171d,QAT,C4,addressee,covered,direct_textual,1,1
3bfadbd99cd764b7171d,QAT,C4,modality,covered,direct_textual,1,1
3bfadbd99cd764b7171d,QAT,C4,action,covered,direct_textual,1,1
3bfadbd99cd764b7171d,QAT,C4,scope,narrower,distributed,1,1
3bfadbd99cd764b7171d,QAT,C4,condition,narrower,direct_textual,1,1
3bfadbd99cd764b7171d,QAT,C4,exception,covered,absent,1,0
3bfadbd99cd764b7171d,QAT,C4,temporal,covered,direct_textual,1,1
3bfadbd99cd764b7171d,QAT,C4,consequence,covered,absent,1,0
3c846e471e41cda73560,UAE,C2,addressee,covered,direct_textual,0,1
3c846e471e41cda73560,UAE,C2,modality,covered,direct_textual,0,1
3c846e471e41cda73560,UAE,C2,action,uncovered,direct_textual,0,1
3c846e471e41cda73560,UAE,C2,scope,uncovered,direct_textual,0,1
3c846e471e41cda73560,UAE,C2,condition,narrower,direct_textual,0,1
3c846e471e41cda73560,UAE,C2,exception,covered,absent,0,0
3c846e471e41cda73560,UAE,C2,temporal,covered,absent,0,0
3c846e471e41cda73560,UAE,C2,consequence,broader,direct_textual,0,1
3ce3cc6caf24a57594db,KSA,C4,addressee,covered,direct_textual,0,1
3ce3cc6caf24a57594db,KSA,C4,modality,covered,direct_textual,0,1
3ce3cc6caf24a57594db,KSA,C4,action,covered,distributed,0,1
3ce3cc6caf24a57594db,KSA,C4,scope,narrower,direct_textual,0,1
3ce3cc6caf24a57594db,KSA,C4,condition,narrower,direct_textual,0,1
3ce3cc6caf24a57594db,KSA,C4,exception,covered,absent,0,0
3ce3cc6caf24a57594db,KSA,C4,temporal,covered,absent,0,0
3ce3cc6caf24a57594db,KSA,C4,consequence,covered,absent,0,0
3db80d1c696777f9cb5a,UAE,C2,addressee,covered,direct_textual,1,1
3db80d1c696777f9cb5a,UAE,C2,modality,covered,direct_textual,1,1
3db80d1c696777f9cb5a,UAE,C2,action,partial,distributed,1,1
3db80d1c696777f9cb5a,UAE,C2,scope,covered,direct_textual,1,1
3db80d1c696777f9cb5a,UAE,C2,condition,uncovered,absent,1,0
3db80d1c696777f9cb5a,UAE,C2,exception,covered,absent,0,0
3db80d1c696777f9cb5a,UAE,C2,temporal,covered,direct_textual,1,1
3db80d1c696777f9cb5a,UAE,C2,consequence,covered,absent,0,0
3e37ce553ab66283d68d,KWT,C5,addressee,uncovered,absent,0,0
3e37ce553ab66283d68d,KWT,C5,modality,uncovered,absent,0,0
3e37ce553ab66283d68d,KWT,C5,action,uncovered,absent,0,0
3e37ce553ab66283d68d,KWT,C5,scope,uncovered,absent,0,0
3e37ce553ab66283d68d,KWT,C5,condition,uncovered,absent,0,0
3e37ce553ab66283d68d,KWT,C5,exception,uncovered,absent,0,0
3e37ce553ab66283d68d,KWT,C5,temporal,uncovered,absent,0,0
3e37ce553ab66283d68d,KWT,C5,consequence,uncovered,absent,0,0
3e526d9c6631abf59958,KWT,C5,addressee,uncovered,absent,0,0
3e526d9c6631abf59958,KWT,C5,modality,uncovered,absent,0,0
3e526d9c6631abf59958,KWT,C5,action,uncovered,absent,0,0
3e526d9c6631abf59958,KWT,C5,scope,uncovered,absent,0,0
3e526d9c6631abf59958,KWT,C5,condition,uncovered,absent,0,0
3e526d9c6631abf59958,KWT,C5,exception,uncovered,absent,0,0
3e526d9c6631abf59958,KWT,C5,temporal,uncovered,absent,0,0
3e526d9c6631abf59958,KWT,C5,consequence,uncovered,absent,0,0
3eb15529aa01cc45f594,QAT,C2,addressee,covered,direct_textual,0,1
3eb15529aa01cc45f594,QAT,C2,modality,covered,direct_textual,0,1
3eb15529aa01cc45f594,QAT,C2,action,partial,conceptual,0,1
3eb15529aa01cc45f594,QAT,C2,scope,covered,absent,0,0
3eb15529aa01cc45f594,QAT,C2,condition,narrower,direct_textual,0,1
3eb15529aa01cc45f594,QAT,C2,exception,partial,distributed,0,1
3eb15529aa01cc45f594,QAT,C2,temporal,covered,direct_textual,0,1
3eb15529aa01cc45f594,QAT,C2,consequence,covered,absent,0,0
3eb7ab3f5f3c46199af7,KSA,C2,addressee,covered,direct_textual,1,1
3eb7ab3f5f3c46199af7,KSA,C2,modality,covered,direct_textual,1,1
3eb7ab3f5f3c46199af7,KSA,C2,action,covered,direct_textual,1,1
3eb7ab3f5f3c46199af7,KSA,C2,scope,partial,distributed,1,1
3eb7ab3f5f3c46199af7,KSA,C2,condition,narrower,distributed,1,1
3eb7ab3f5f3c46199af7,KSA,C2,exception,covered,absent,0,0
3eb7ab3f5f3c46199af7,KSA,C2,temporal,partial,distributed,1,1
3eb7ab3f5f3c46199af7,KSA,C2,consequence,covered,absent,0,0
3ece21999e76b66bbda2,UAE,C5,addressee,uncovered,absent,0,0
3ece21999e76b66bbda2,UAE,C5,modality,uncovered,absent,0,0
3ece21999e76b66bbda2,UAE,C5,action,uncovered,absent,0,0
3ece21999e76b66bbda2,UAE,C5,scope,uncovered,absent,0,0
3ece21999e76b66bbda2,UAE,C5,condition,uncovered,absent,0,0
3ece21999e76b66bbda2,UAE,C5,exception,uncovered,absent,0,0
3ece21999e76b66bbda2,UAE,C5,temporal,uncovered,absent,0,0
3ece21999e76b66bbda2,UAE,C5,consequence,uncovered,absent,0,0
3ee60eb6358b1358e82c,KWT,C5,addressee,uncovered,absent,0,0
3ee60eb6358b1358e82c,KWT,C5,modality,uncovered,absent,0,0
3ee60eb6358b1358e82c,KWT,C5,action,uncovered,absent,0,0
3ee60eb6358b1358e82c,KWT,C5,scope,uncovered,absent,0,0
3ee60eb6358b1358e82c,KWT,C5,condition,uncovered,absent,0,0
3ee60eb6358b1358e82c,KWT,C5,exception,uncovered,absent,0,0
3ee60eb6358b1358e82c,KWT,C5,temporal,uncovered,absent,0,0
3ee60eb6358b1358e82c,KWT,C5,consequence,uncovered,absent,0,0
3f091233cb807f07f797,KWT,C3,addressee,covered,direct_textual,1,1
3f091233cb807f07f797,KWT,C3,modality,weaker_modality,direct_textual,1,1
3f091233cb807f07f797,KWT,C3,action,uncovered,absent,1,0
3f091233cb807f07f797,KWT,C3,scope,uncovered,absent,1,0
3f091233cb807f07f797,KWT,C3,condition,narrower,direct_textual,1,1
3f091233cb807f07f797,KWT,C3,exception,covered,absent,0,0
3f091233cb807f07f797,KWT,C3,temporal,covered,absent,0,0
3f091233cb807f07f797,KWT,C3,consequence,covered,absent,0,0
3f0d17acad77da4f9f62,QAT,C2,addressee,uncovered,absent,0,0
3f0d17acad77da4f9f62,QAT,C2,modality,uncovered,absent,0,0
3f0d17acad77da4f9f62,QAT,C2,action,uncovered,absent,0,0
3f0d17acad77da4f9f62,QAT,C2,scope,covered,absent,0,0
3f0d17acad77da4f9f62,QAT,C2,condition,covered,absent,0,0
3f0d17acad77da4f9f62,QAT,C2,exception,covered,absent,0,0
3f0d17acad77da4f9f62,QAT,C2,temporal,covered,absent,0,0
3f0d17acad77da4f9f62,QAT,C2,consequence,covered,absent,0,0
3fe56fe637825df14e14,KSA,C2,addressee,covered,direct_textual,0,1
3fe56fe637825df14e14,KSA,C2,modality,covered,direct_textual,0,1
3fe56fe637825df14e14,KSA,C2,action,uncovered,absent,0,0
3fe56fe637825df14e14,KSA,C2,scope,covered,absent,0,0
3fe56fe637825df14e14,KSA,C2,condition,covered,direct_textual,0,1
3fe56fe637825df14e14,KSA,C2,exception,narrower,direct_textual,0,1
3fe56fe637825df14e14,KSA,C2,temporal,narrower,direct_textual,0,1
3fe56fe637825df14e14,KSA,C2,consequence,covered,absent,0,0
4004e7a73a8790c1ed23,UAE,C4,addressee,covered,direct_textual,1,1
4004e7a73a8790c1ed23,UAE,C4,modality,covered,conceptual,1,1
4004e7a73a8790c1ed23,UAE,C4,action,covered,direct_textual,1,1
4004e7a73a8790c1ed23,UAE,C4,scope,narrower,direct_textual,1,1
4004e7a73a8790c1ed23,UAE,C4,condition,narrower,distributed,1,1
4004e7a73a8790c1ed23,UAE,C4,exception,covered,absent,0,0
4004e7a73a8790c1ed23,UAE,C4,temporal,covered,absent,0,0
4004e7a73a8790c1ed23,UAE,C4,consequence,covered,absent,0,0
4016055b55ef03fea929,BHR,C3,addressee,covered,direct_textual,0,1
4016055b55ef03fea929,BHR,C3,modality,weaker_modality,direct_textual,0,1
4016055b55ef03fea929,BHR,C3,action,partial,distributed,0,1
4016055b55ef03fea929,BHR,C3,scope,broader,direct_textual,0,1
4016055b55ef03fea929,BHR,C3,condition,uncovered,absent,0,0
4016055b55ef03fea929,BHR,C3,exception,covered,absent,0,0
4016055b55ef03fea929,BHR,C3,temporal,uncovered,absent,0,0
4016055b55ef03fea929,BHR,C3,consequence,covered,absent,0,0
401b50f24f371cfac38c,QAT,C4,addressee,covered,direct_textual,1,1
401b50f24f371cfac38c,QAT,C4,modality,covered,direct_textual,1,1
401b50f24f371cfac38c,QAT,C4,action,uncovered,absent,0,0
401b50f24f371cfac38c,QAT,C4,scope,broader,direct_textual,1,1
401b50f24f371cfac38c,QAT,C4,condition,uncovered,absent,0,0
401b50f24f371cfac38c,QAT,C4,exception,covered,absent,0,0
401b50f24f371cfac38c,QAT,C4,temporal,covered,absent,0,0
401b50f24f371cfac38c,QAT,C4,consequence,covered,absent,0,0
405f745e3fbacd84b577,QAT,C4,addressee,covered,direct_textual,0,1
405f745e3fbacd84b577,QAT,C4,modality,covered,direct_textual,0,1
405f745e3fbacd84b577,QAT,C4,action,partial,conceptual,0,1
405f745e3fbacd84b577,QAT,C4,scope,narrower,distributed,0,1
405f745e3fbacd84b577,QAT,C4,condition,covered,absent,0,0
405f745e3fbacd84b577,QAT,C4,exception,covered,absent,0,0
405f745e3fbacd84b577,QAT,C4,temporal,narrower,direct_textual,0,1
405f745e3fbacd84b577,QAT,C4,consequence,covered,absent,0,0
40a934591b55d8c1ee52,KSA,C2,addressee,covered,direct_textual,0,1
40a934591b55d8c1ee52,KSA,C2,modality,uncovered,absent,0,0
40a934591b55d8c1ee52,KSA,C2,action,uncovered,absent,0,0
40a934591b55d8c1ee52,KSA,C2,scope,uncovered,absent,0,0
40a934591b55d8c1ee52,KSA,C2,condition,uncovered,absent,0,0
40a934591b55d8c1ee52,KSA,C2,exception,uncovered,absent,0,0
40a934591b55d8c1ee52,KSA,C2,temporal,uncovered,absent,0,0
40a934591b55d8c1ee52,KSA,C2,consequence,uncovered,absent,0,0
40aa52357aa29a34644e,QAT,C2,addressee,covered,direct_textual,1,1
40aa52357aa29a34644e,QAT,C2,modality,covered,direct_textual,1,1
40aa52357aa29a34644e,QAT,C2,action,covered,direct_textual,1,1
40aa52357aa29a34644e,QAT,C2,scope,covered,absent,1,0
40aa52357aa29a34644e,QAT,C2,condition,partial,distributed,1,1
40aa52357aa29a34644e,QAT,C2,exception,covered,absent,1,0
40aa52357aa29a34644e,QAT,C2,temporal,covered,absent,1,0
40aa52357aa29a34644e,QAT,C2,consequence,covered,absent,1,0
413c954a265e01f74b85,OMN,C3,addressee,covered,direct_textual,0,1
413c954a265e01f74b85,OMN,C3,modality,weaker_modality,distributed,0,1
413c954a265e01f74b85,OMN,C3,action,narrower,direct_textual,0,1
413c954a265e01f74b85,OMN,C3,scope,narrower,absent,0,1
413c954a265e01f74b85,OMN,C3,condition,covered,distributed,0,1
413c954a265e01f74b85,OMN,C3,exception,covered,distributed,0,1
413c954a265e01f74b85,OMN,C3,temporal,broader,direct_textual,0,1
413c954a265e01f74b85,OMN,C3,consequence,covered,absent,0,0
417afcdc2de5c7648927,UAE,C2,addressee,uncovered,absent,0,0
417afcdc2de5c7648927,UAE,C2,modality,uncovered,absent,0,0
417afcdc2de5c7648927,UAE,C2,action,uncovered,absent,0,0
417afcdc2de5c7648927,UAE,C2,scope,covered,absent,0,0
417afcdc2de5c7648927,UAE,C2,condition,partial,conceptual,1,1
417afcdc2de5c7648927,UAE,C2,exception,covered,absent,0,0
417afcdc2de5c7648927,UAE,C2,temporal,covered,absent,0,0
417afcdc2de5c7648927,UAE,C2,consequence,covered,absent,0,0
417b66e017caa9142c28,UAE,C1,addressee,covered,direct_textual,0,1
417b66e017caa9142c28,UAE,C1,modality,covered,direct_textual,0,1
417b66e017caa9142c28,UAE,C1,action,covered,direct_textual,0,1
417b66e017caa9142c28,UAE,C1,scope,covered,direct_textual,0,1
417b66e017caa9142c28,UAE,C1,condition,covered,absent,0,0
417b66e017caa9142c28,UAE,C1,exception,covered,absent,0,0
417b66e017caa9142c28,UAE,C1,temporal,covered,direct_textual,0,1
417b66e017caa9142c28,UAE,C1,consequence,covered,absent,0,0
417c7749efac0ff30780,KWT,C4,addressee,narrower,direct_textual,0,1
417c7749efac0ff30780,KWT,C4,modality,covered,direct_textual,0,1
417c7749efac0ff30780,KWT,C4,action,covered,distributed,0,1
417c7749efac0ff30780,KWT,C4,scope,covered,direct_textual,0,1
417c7749efac0ff30780,KWT,C4,condition,partial,distributed,0,1
417c7749efac0ff30780,KWT,C4,exception,covered,absent,0,0
417c7749efac0ff30780,KWT,C4,temporal,covered,absent,0,0
417c7749efac0ff30780,KWT,C4,consequence,covered,absent,0,0
41825751012520fd7248,OMN,C4,addressee,covered,direct_textual,1,1
41825751012520fd7248,OMN,C4,modality,uncovered,direct_textual,1,1
41825751012520fd7248,OMN,C4,action,uncovered,absent,1,0
41825751012520fd7248,OMN,C4,scope,narrower,direct_textual,1,1
41825751012520fd7248,OMN,C4,condition,uncovered,absent,0,0
41825751012520fd7248,OMN,C4,exception,covered,absent,0,0
41825751012520fd7248,OMN,C4,temporal,uncovered,absent,1,0
41825751012520fd7248,OMN,C4,consequence,covered,absent,0,0
41d5d8951c8e06cb5085,BHR,C4,addressee,covered,direct_textual,1,1
41d5d8951c8e06cb5085,BHR,C4,modality,covered,direct_textual,1,1
41d5d8951c8e06cb5085,BHR,C4,action,partial,distributed,1,1
41d5d8951c8e06cb5085,BHR,C4,scope,narrower,direct_textual,1,1
41d5d8951c8e06cb5085,BHR,C4,condition,covered,direct_textual,1,1
41d5d8951c8e06cb5085,BHR,C4,exception,covered,absent,0,0
41d5d8951c8e06cb5085,BHR,C4,temporal,covered,absent,0,0
41d5d8951c8e06cb5085,BHR,C4,consequence,covered,absent,0,0
41f76983be0c35b1bbab,KSA,C5,addressee,uncovered,absent,0,0
41f76983be0c35b1bbab,KSA,C5,modality,uncovered,absent,0,0
41f76983be0c35b1bbab,KSA,C5,action,uncovered,absent,0,0
41f76983be0c35b1bbab,KSA,C5,scope,uncovered,absent,0,0
41f76983be0c35b1bbab,KSA,C5,condition,covered,absent,0,0
41f76983be0c35b1bbab,KSA,C5,exception,covered,absent,0,0
41f76983be0c35b1bbab,KSA,C5,temporal,covered,absent,0,0
41f76983be0c35b1bbab,KSA,C5,consequence,covered,absent,0,0
420c1fffcc69116078ee,UAE,C2,addressee,covered,direct_textual,0,1
420c1fffcc69116078ee,UAE,C2,modality,covered,direct_textual,0,1
420c1fffcc69116078ee,UAE,C2,action,partial,conceptual,0,1
420c1fffcc69116078ee,UAE,C2,scope,covered,direct_textual,0,1
420c1fffcc69116078ee,UAE,C2,condition,covered,absent,0,0
420c1fffcc69116078ee,UAE,C2,exception,covered,absent,0,0
420c1fffcc69116078ee,UAE,C2,temporal,covered,absent,0,0
420c1fffcc69116078ee,UAE,C2,consequence,covered,absent,0,0
422ad272804df86c6dd6,OMN,C5,addressee,uncovered,absent,0,0
422ad272804df86c6dd6,OMN,C5,modality,uncovered,absent,0,0
422ad272804df86c6dd6,OMN,C5,action,uncovered,absent,0,0
422ad272804df86c6dd6,OMN,C5,scope,uncovered,absent,0,0
422ad272804df86c6dd6,OMN,C5,condition,uncovered,absent,0,0
422ad272804df86c6dd6,OMN,C5,exception,uncovered,absent,0,0
422ad272804df86c6dd6,OMN,C5,temporal,uncovered,absent,0,0
422ad272804df86c6dd6,OMN,C5,consequence,uncovered,absent,0,0
423bf2a7cb5cb5706c62,UAE,C5,addressee,uncovered,absent,0,0
423bf2a7cb5cb5706c62,UAE,C5,modality,uncovered,absent,0,0
423bf2a7cb5cb5706c62,UAE,C5,action,uncovered,absent,0,0
423bf2a7cb5cb5706c62,UAE,C5,scope,uncovered,absent,0,0
423bf2a7cb5cb5706c62,UAE,C5,condition,uncovered,absent,0,0
423bf2a7cb5cb5706c62,UAE,C5,exception,uncovered,absent,0,0
423bf2a7cb5cb5706c62,UAE,C5,temporal,uncovered,absent,0,0
423bf2a7cb5cb5706c62,UAE,C5,consequence,uncovered,absent,0,0
425d6277c41f53ffcbf0,UAE,C4,addressee,covered,conceptual,1,1
425d6277c41f53ffcbf0,UAE,C4,modality,covered,direct_textual,1,1
425d6277c41f53ffcbf0,UAE,C4,action,partial,direct_textual,1,1
425d6277c41f53ffcbf0,UAE,C4,scope,broader,direct_textual,1,1
425d6277c41f53ffcbf0,UAE,C4,condition,covered,absent,0,0
425d6277c41f53ffcbf0,UAE,C4,exception,covered,absent,0,0
425d6277c41f53ffcbf0,UAE,C4,temporal,covered,absent,0,0
425d6277c41f53ffcbf0,UAE,C4,consequence,covered,absent,0,0
426ac55392018cbdf6ac,BHR,C2,addressee,uncovered,absent,0,0
426ac55392018cbdf6ac,BHR,C2,modality,uncovered,absent,0,0
426ac55392018cbdf6ac,BHR,C2,action,uncovered,absent,0,0
426ac55392018cbdf6ac,BHR,C2,scope,covered,absent,0,0
426ac55392018cbdf6ac,BHR,C2,condition,uncovered,absent,0,0
426ac55392018cbdf6ac,BHR,C2,exception,covered,absent,0,0
426ac55392018cbdf6ac,BHR,C2,temporal,covered,absent,0,0
426ac55392018cbdf6ac,BHR,C2,consequence,covered,absent,0,0
42781a1aa2f1c3bf4c12,BHR,C5,addressee,uncovered,absent,0,0
42781a1aa2f1c3bf4c12,BHR,C5,modality,uncovered,absent,0,0
42781a1aa2f1c3bf4c12,BHR,C5,action,uncovered,absent,0,0
42781a1aa2f1c3bf4c12,BHR,C5,scope,uncovered,absent,0,0
42781a1aa2f1c3bf4c12,BHR,C5,condition,uncovered,absent,0,0
42781a1aa2f1c3bf4c12,BHR,C5,exception,covered,absent,0,0
42781a1aa2f1c3bf4c12,BHR,C5,temporal,covered,absent,0,0
42781a1aa2f1c3bf4c12,BHR,C5,consequence,covered,absent,0,0
42dc05ae6053f742cc76,UAE,C2,addressee,covered,direct_textual,1,1
42dc05ae6053f742cc76,UAE,C2,modality,covered,direct_textual,1,1
42dc05ae6053f742cc76,UAE,C2,action,partial,direct_textual,1,1
42dc05ae6053f742cc76,UAE,C2,scope,partial,direct_textual,1,1
42dc05ae6053f742cc76,UAE,C2,condition,covered,direct_textual,1,1
42dc05ae6053f742cc76,UAE,C2,exception,partial,distributed,1,1
42dc05ae6053f742cc76,UAE,C2,temporal,covered,absent,0,0
42dc05ae6053f742cc76,UAE,C2,consequence,covered,absent,0,0
43123fb26030007db60b,UAE,C2,addressee,covered,distributed,0,1
43123fb26030007db60b,UAE,C2,modality,covered,direct_textual,0,1
43123fb26030007db60b,UAE,C2,action,covered,direct_textual,0,1
43123fb26030007db60b,UAE,C2,scope,uncovered,absent,0,0
43123fb26030007db60b,UAE,C2,condition,uncovered,absent,0,0
43123fb26030007db60b,UAE,C2,exception,covered,absent,0,0
43123fb26030007db60b,UAE,C2,temporal,covered,absent,0,0
43123fb26030007db60b,UAE,C2,consequence,covered,absent,0,0
432555f13864d5919566,UAE,C4,addressee,broader,direct_textual,0,1
432555f13864d5919566,UAE,C4,modality,covered,direct_textual,0,1
432555f13864d5919566,UAE,C4,action,covered,direct_textual,0,1
432555f13864d5919566,UAE,C4,scope,covered,direct_textual,0,1
432555f13864d5919566,UAE,C4,condition,covered,absent,0,0
432555f13864d5919566,UAE,C4,exception,covered,absent,0,0
432555f13864d5919566,UAE,C4,temporal,covered,direct_textual,0,1
432555f13864d5919566,UAE,C4,consequence,covered,absent,0,0
43be50751a81be14d618,KWT,C5,addressee,uncovered,absent,0,0
43be50751a81be14d618,KWT,C5,modality,uncovered,absent,0,0
43be50751a81be14d618,KWT,C5,action,uncovered,absent,0,0
43be50751a81be14d618,KWT,C5,scope,uncovered,absent,0,0
43be50751a81be14d618,KWT,C5,condition,covered,absent,0,0
43be50751a81be14d618,KWT,C5,exception,covered,absent,0,0
43be50751a81be14d618,KWT,C5,temporal,covered,absent,0,0
43be50751a81be14d618,KWT,C5,consequence,covered,absent,0,0
444c81004014e91f25a3,QAT,C2,addressee,uncovered,absent,0,0
444c81004014e91f25a3,QAT,C2,modality,uncovered,absent,0,0
444c81004014e91f25a3,QAT,C2,action,uncovered,absent,0,0
444c81004014e91f25a3,QAT,C2,scope,uncovered,direct_textual,0,1
444c81004014e91f25a3,QAT,C2,condition,uncovered,absent,0,0
444c81004014e91f25a3,QAT,C2,exception,narrower,direct_textual,0,1
444c81004014e91f25a3,QAT,C2,temporal,covered,absent,0,0
444c81004014e91f25a3,QAT,C2,consequence,covered,absent,0,0
4499f7c26be531e60da4,BHR,C4,addressee,covered,direct_textual,0,1
4499f7c26be531e60da4,BHR,C4,modality,covered,direct_textual,0,1
4499f7c26be531e60da4,BHR,C4,action,partial,distributed,0,1
4499f7c26be531e60da4,BHR,C4,scope,narrower,direct_textual,0,1
4499f7c26be531e60da4,BHR,C4,condition,partial,distributed,0,1
4499f7c26be531e60da4,BHR,C4,exception,covered,absent,0,0
4499f7c26be531e60da4,BHR,C4,temporal,covered,absent,0,0
4499f7c26be531e60da4,BHR,C4,consequence,covered,absent,0,0
44f56240b3c5ccf01954,KSA,C2,addressee,covered,direct_textual,1,1
44f56240b3c5ccf01954,KSA,C2,modality,uncovered,absent,0,0
44f56240b3c5ccf01954,KSA,C2,action,uncovered,absent,0,0
44f56240b3c5ccf01954,KSA,C2,scope,covered,absent,0,0
44f56240b3c5ccf01954,KSA,C2,condition,covered,absent,0,0
44f56240b3c5ccf01954,KSA,C2,exception,covered,absent,0,0
44f56240b3c5ccf01954,KSA,C2,temporal,uncovered,absent,0,0
44f56240b3c5ccf01954,KSA,C2,consequence,covered,absent,0,0
450cb9eb33b3ffe7ff4e,KSA,C4,addressee,covered,direct_textual,0,1
450cb9eb33b3ffe7ff4e,KSA,C4,modality,covered,direct_textual,0,1
450cb9eb33b3ffe7ff4e,KSA,C4,action,partial,direct_textual,0,1
450cb9eb33b3ffe7ff4e,KSA,C4,scope,narrower,direct_textual,0,1
450cb9eb33b3ffe7ff4e,KSA,C4,condition,covered,absent,0,0
450cb9eb33b3ffe7ff4e,KSA,C4,exception,covered,absent,0,0
450cb9eb33b3ffe7ff4e,KSA,C4,temporal,covered,absent,0,0
450cb9eb33b3ffe7ff4e,KSA,C4,consequence,covered,absent,0,0
454e3d96044ace940fe7,QAT,C3,addressee,covered,direct_textual,0,1
454e3d96044ace940fe7,QAT,C3,modality,weaker_modality,direct_textual,0,1
454e3d96044ace940fe7,QAT,C3,action,uncovered,absent,0,0
454e3d96044ace940fe7,QAT,C3,scope,uncovered,absent,0,0
454e3d96044ace940fe7,QAT,C3,condition,uncovered,absent,0,0
454e3d96044ace940fe7,QAT,C3,exception,uncovered,absent,0,0
454e3d96044ace940fe7,QAT,C3,temporal,covered,direct_textual,0,1
454e3d96044ace940fe7,QAT,C3,consequence,covered,absent,0,0
45aeb2a55981ee5f3e66,KWT,C2,addressee,covered,direct_textual,1,1
45aeb2a55981ee5f3e66,KWT,C2,modality,uncovered,direct_textual,1,1
45aeb2a55981ee5f3e66,KWT,C2,action,uncovered,direct_textual,1,1
45aeb2a55981ee5f3e66,KWT,C2,scope,uncovered,direct_textual,1,1
45aeb2a55981ee5f3e66,KWT,C2,condition,broader,direct_textual,1,1
45aeb2a55981ee5f3e66,KWT,C2,exception,covered,absent,0,0
45aeb2a55981ee5f3e66,KWT,C2,temporal,covered,absent,0,0
45aeb2a55981ee5f3e66,KWT,C2,consequence,covered,absent,0,0
45fa8762ffc5880ea228,OMN,C1,addressee,covered,direct_textual,1,1
45fa8762ffc5880ea228,OMN,C1,modality,covered,direct_textual,1,1
45fa8762ffc5880ea228,OMN,C1,action,covered,direct_textual,1,1
45fa8762ffc5880ea228,OMN,C1,scope,covered,absent,0,0
45fa8762ffc5880ea228,OMN,C1,condition,narrower,distributed,1,1
45fa8762ffc5880ea228,OMN,C1,exception,covered,absent,0,0
45fa8762ffc5880ea228,OMN,C1,temporal,covered,absent,0,0
45fa8762ffc5880ea228,OMN,C1,consequence,covered,absent,0,0
460dbec1e71369e34247,OMN,C5,addressee,uncovered,absent,0,0
460dbec1e71369e34247,OMN,C5,modality,uncovered,absent,0,0
460dbec1e71369e34247,OMN,C5,action,uncovered,absent,0,0
460dbec1e71369e34247,OMN,C5,scope,uncovered,absent,0,0
460dbec1e71369e34247,OMN,C5,condition,uncovered,absent,0,0
460dbec1e71369e34247,OMN,C5,exception,uncovered,absent,0,0
460dbec1e71369e34247,OMN,C5,temporal,uncovered,absent,0,0
460dbec1e71369e34247,OMN,C5,consequence,uncovered,absent,0,0
461a281e0722847fcd24,UAE,C4,addressee,covered,direct_textual,1,1
461a281e0722847fcd24,UAE,C4,modality,uncovered,absent,1,1
461a281e0722847fcd24,UAE,C4,action,uncovered,absent,1,1
461a281e0722847fcd24,UAE,C4,scope,broader,distributed,1,1
461a281e0722847fcd24,UAE,C4,condition,uncovered,absent,1,0
461a281e0722847fcd24,UAE,C4,exception,covered,absent,0,0
461a281e0722847fcd24,UAE,C4,temporal,covered,absent,0,0
461a281e0722847fcd24,UAE,C4,consequence,covered,absent,0,0
4660c79890f350867807,QAT,C2,addressee,covered,direct_textual,1,1
4660c79890f350867807,QAT,C2,modality,uncovered,absent,0,0
4660c79890f350867807,QAT,C2,action,covered,direct_textual,1,1
4660c79890f350867807,QAT,C2,scope,uncovered,absent,0,0
4660c79890f350867807,QAT,C2,condition,narrower,direct_textual,1,1
4660c79890f350867807,QAT,C2,exception,covered,absent,0,0
4660c79890f350867807,QAT,C2,temporal,covered,direct_textual,1,1
4660c79890f350867807,QAT,C2,consequence,covered,absent,0,0
46c22774ff6e2edddb63,OMN,C5,addressee,uncovered,absent,0,0
46c22774ff6e2edddb63,OMN,C5,modality,uncovered,absent,0,0
46c22774ff6e2edddb63,OMN,C5,action,uncovered,absent,0,0
46c22774ff6e2edddb63,OMN,C5,scope,covered,absent,0,0
46c22774ff6e2edddb63,OMN,C5,condition,uncovered,absent,0,0
46c22774ff6e2edddb63,OMN,C5,exception,covered,absent,0,0
46c22774ff6e2edddb63,OMN,C5,temporal,covered,absent,0,0
46c22774ff6e2edddb63,OMN,C5,consequence,covered,absent,0,0
46c79e968fa735d7f16d,QAT,C2,addressee,covered,direct_textual,0,1
46c79e968fa735d7f16d,QAT,C2,modality,covered,direct_textual,0,1
46c79e968fa735d7f16d,QAT,C2,action,uncovered,direct_textual,0,1
46c79e968fa735d7f16d,QAT,C2,scope,partial,conceptual,0,1
46c79e968fa735d7f16d,QAT,C2,condition,uncovered,absent,0,0
46c79e968fa735d7f16d,QAT,C2,exception,uncovered,absent,0,0
46c79e968fa735d7f16d,QAT,C2,temporal,covered,absent,0,0
46c79e968fa735d7f16d,QAT,C2,consequence,covered,absent,0,0
46fa6e672d93902915e3,UAE,C2,addressee,uncovered,absent,0,0
46fa6e672d93902915e3,UAE,C2,modality,uncovered,absent,0,0
46fa6e672d93902915e3,UAE,C2,action,uncovered,absent,0,0
46fa6e672d93902915e3,UAE,C2,scope,uncovered,absent,0,0
46fa6e672d93902915e3,UAE,C2,condition,covered,absent,0,0
46fa6e672d93902915e3,UAE,C2,exception,covered,absent,0,0
46fa6e672d93902915e3,UAE,C2,temporal,covered,absent,0,0
46fa6e672d93902915e3,UAE,C2,consequence,covered,absent,0,0
4700d7bf16b67a266e66,QAT,C5,addressee,uncovered,absent,0,0
4700d7bf16b67a266e66,QAT,C5,modality,uncovered,absent,0,0
4700d7bf16b67a266e66,QAT,C5,action,uncovered,absent,0,0
4700d7bf16b67a266e66,QAT,C5,scope,uncovered,absent,0,0
4700d7bf16b67a266e66,QAT,C5,condition,covered,absent,0,0
4700d7bf16b67a266e66,QAT,C5,exception,uncovered,absent,0,0
4700d7bf16b67a266e66,QAT,C5,temporal,covered,absent,0,0
4700d7bf16b67a266e66,QAT,C5,consequence,covered,absent,0,0
471dd80d5300b5314234,OMN,C4,addressee,broader,direct_textual,0,1
471dd80d5300b5314234,OMN,C4,modality,covered,direct_textual,0,1
471dd80d5300b5314234,OMN,C4,action,partial,direct_textual,0,1
471dd80d5300b5314234,OMN,C4,scope,covered,absent,0,0
471dd80d5300b5314234,OMN,C4,condition,broader,absent,0,0
471dd80d5300b5314234,OMN,C4,exception,covered,absent,0,0
471dd80d5300b5314234,OMN,C4,temporal,covered,absent,0,0
471dd80d5300b5314234,OMN,C4,consequence,covered,absent,0,0
473943afe87a91ac373a,BHR,C4,addressee,broader,conceptual,0,1
473943afe87a91ac373a,BHR,C4,modality,covered,direct_textual,0,1
473943afe87a91ac373a,BHR,C4,action,partial,direct_textual,0,1
473943afe87a91ac373a,BHR,C4,scope,uncovered,absent,0,0
473943afe87a91ac373a,BHR,C4,condition,uncovered,absent,0,0
473943afe87a91ac373a,BHR,C4,exception,covered,absent,0,0
473943afe87a91ac373a,BHR,C4,temporal,covered,absent,0,0
473943afe87a91ac373a,BHR,C4,consequence,covered,absent,0,0
4746b66028b4ce49f30b,OMN,C5,addressee,uncovered,absent,0,0
4746b66028b4ce49f30b,OMN,C5,modality,uncovered,absent,0,0
4746b66028b4ce49f30b,OMN,C5,action,uncovered,absent,0,0
4746b66028b4ce49f30b,OMN,C5,scope,uncovered,absent,0,0
4746b66028b4ce49f30b,OMN,C5,condition,uncovered,absent,0,0
4746b66028b4ce49f30b,OMN,C5,exception,uncovered,absent,0,0
4746b66028b4ce49f30b,OMN,C5,temporal,uncovered,absent,0,0
4746b66028b4ce49f30b,OMN,C5,consequence,uncovered,absent,0,0
474f5df7c15e4643c956,KWT,C5,addressee,uncovered,absent,0,0
474f5df7c15e4643c956,KWT,C5,modality,uncovered,absent,0,0
474f5df7c15e4643c956,KWT,C5,action,uncovered,absent,0,0
474f5df7c15e4643c956,KWT,C5,scope,uncovered,absent,0,0
474f5df7c15e4643c956,KWT,C5,condition,uncovered,absent,0,0
474f5df7c15e4643c956,KWT,C5,exception,uncovered,absent,0,0
474f5df7c15e4643c956,KWT,C5,temporal,uncovered,absent,0,0
474f5df7c15e4643c956,KWT,C5,consequence,uncovered,absent,0,0
47bb89c08a6fc83be8d0,QAT,C4,addressee,covered,direct_textual,1,1
47bb89c08a6fc83be8d0,QAT,C4,modality,covered,direct_textual,1,1
47bb89c08a6fc83be8d0,QAT,C4,action,uncovered,absent,1,1
47bb89c08a6fc83be8d0,QAT,C4,scope,broader,direct_textual,1,1
47bb89c08a6fc83be8d0,QAT,C4,condition,uncovered,absent,1,0
47bb89c08a6fc83be8d0,QAT,C4,exception,partial,direct_textual,1,1
47bb89c08a6fc83be8d0,QAT,C4,temporal,broader,direct_textual,1,1
47bb89c08a6fc83be8d0,QAT,C4,consequence,covered,absent,1,0
47d114bf6130f2f2a586,KWT,C5,addressee,uncovered,absent,0,0
47d114bf6130f2f2a586,KWT,C5,modality,uncovered,absent,0,0
47d114bf6130f2f2a586,KWT,C5,action,uncovered,absent,0,0
47d114bf6130f2f2a586,KWT,C5,scope,uncovered,absent,0,0
47d114bf6130f2f2a586,KWT,C5,condition,uncovered,absent,0,0
47d114bf6130f2f2a586,KWT,C5,exception,uncovered,absent,0,0
47d114bf6130f2f2a586,KWT,C5,temporal,uncovered,absent,0,0
47d114bf6130f2f2a586,KWT,C5,consequence,uncovered,absent,0,0
4811b39d2e809db94016,BHR,C3,addressee,covered,direct_textual,0,1
4811b39d2e809db94016,BHR,C3,modality,weaker_modality,direct_textual,0,1
4811b39d2e809db94016,BHR,C3,action,partial,direct_textual,0,1
4811b39d2e809db94016,BHR,C3,scope,partial,distributed,0,1
4811b39d2e809db94016,BHR,C3,condition,covered,absent,0,0
4811b39d2e809db94016,BHR,C3,exception,covered,absent,0,0
4811b39d2e809db94016,BHR,C3,temporal,covered,absent,0,0
4811b39d2e809db94016,BHR,C3,consequence,covered,absent,0,0
483cad669f0f3a958877,KSA,C2,addressee,covered,direct_textual,1,1
483cad669f0f3a958877,KSA,C2,modality,covered,direct_textual,1,1
483cad669f0f3a958877,KSA,C2,action,covered,direct_textual,1,1
483cad669f0f3a958877,KSA,C2,scope,covered,direct_textual,1,1
483cad669f0f3a958877,KSA,C2,condition,broader,direct_textual,1,1
483cad669f0f3a958877,KSA,C2,exception,broader,absent,1,1
483cad669f0f3a958877,KSA,C2,temporal,uncovered,absent,1,1
483cad669f0f3a958877,KSA,C2,consequence,covered,absent,1,0
48571236a20c3aa9dc55,OMN,C2,addressee,covered,direct_textual,0,1
48571236a20c3aa9dc55,OMN,C2,modality,covered,direct_textual,0,1
48571236a20c3aa9dc55,OMN,C2,action,partial,distributed,0,1
48571236a20c3aa9dc55,OMN,C2,scope,uncovered,distributed,0,1
48571236a20c3aa9dc55,OMN,C2,condition,uncovered,absent,0,0
48571236a20c3aa9dc55,OMN,C2,exception,narrower,direct_textual,0,1
48571236a20c3aa9dc55,OMN,C2,temporal,uncovered,absent,0,0
48571236a20c3aa9dc55,OMN,C2,consequence,covered,absent,0,0
48721e21fde7c2247c6f,OMN,C4,addressee,covered,conceptual,1,1
48721e21fde7c2247c6f,OMN,C4,modality,covered,direct_textual,1,1
48721e21fde7c2247c6f,OMN,C4,action,covered,direct_textual,1,1
48721e21fde7c2247c6f,OMN,C4,scope,broader,direct_textual,1,1
48721e21fde7c2247c6f,OMN,C4,condition,narrower,direct_textual,1,1
48721e21fde7c2247c6f,OMN,C4,exception,covered,absent,0,0
48721e21fde7c2247c6f,OMN,C4,temporal,covered,absent,0,0
48721e21fde7c2247c6f,OMN,C4,consequence,covered,absent,0,0
487befcba17bd569817c,KSA,C2,addressee,covered,direct_textual,1,1
487befcba17bd569817c,KSA,C2,modality,covered,direct_textual,1,1
487befcba17bd569817c,KSA,C2,action,covered,distributed,1,1
487befcba17bd569817c,KSA,C2,scope,partial,distributed,1,1
487befcba17bd569817c,KSA,C2,condition,partial,distributed,1,1
487befcba17bd569817c,KSA,C2,exception,covered,absent,0,0
487befcba17bd569817c,KSA,C2,temporal,covered,absent,0,0
487befcba17bd569817c,KSA,C2,consequence,covered,absent,0,0
48ca99eccc03ee3ab02a,BHR,C4,addressee,covered,direct_textual,0,1
48ca99eccc03ee3ab02a,BHR,C4,modality,covered,direct_textual,0,1
48ca99eccc03ee3ab02a,BHR,C4,action,weaker_modality,direct_textual,0,1
48ca99eccc03ee3ab02a,BHR,C4,scope,narrower,direct_textual,0,1
48ca99eccc03ee3ab02a,BHR,C4,condition,covered,absent,0,0
48ca99eccc03ee3ab02a,BHR,C4,exception,narrower,direct_textual,0,1
48ca99eccc03ee3ab02a,BHR,C4,temporal,covered,absent,0,0
48ca99eccc03ee3ab02a,BHR,C4,consequence,broader,direct_textual,0,1
48cb829028c5c218ba76,QAT,C4,addressee,uncovered,direct_textual,0,1
48cb829028c5c218ba76,QAT,C4,modality,covered,direct_textual,0,1
48cb829028c5c218ba76,QAT,C4,action,covered,direct_textual,0,1
48cb829028c5c218ba76,QAT,C4,scope,broader,direct_textual,0,1
48cb829028c5c218ba76,QAT,C4,condition,partial,direct_textual,0,1
48cb829028c5c218ba76,QAT,C4,exception,weaker_modality,distributed,0,1
48cb829028c5c218ba76,QAT,C4,temporal,covered,absent,0,0
48cb829028c5c218ba76,QAT,C4,consequence,covered,absent,0,0
4908d228e3179b205290,KWT,C5,addressee,uncovered,absent,0,0
4908d228e3179b205290,KWT,C5,modality,uncovered,absent,0,0
4908d228e3179b205290,KWT,C5,action,uncovered,absent,0,0
4908d228e3179b205290,KWT,C5,scope,uncovered,absent,0,0
4908d228e3179b205290,KWT,C5,condition,uncovered,absent,0,0
4908d228e3179b205290,KWT,C5,exception,uncovered,absent,0,0
4908d228e3179b205290,KWT,C5,temporal,uncovered,absent,0,0
4908d228e3179b205290,KWT,C5,consequence,uncovered,absent,0,0
49c3841a075fae5df869,UAE,C2,addressee,partial,conceptual,1,1
49c3841a075fae5df869,UAE,C2,modality,covered,conceptual,1,1
49c3841a075fae5df869,UAE,C2,action,covered,conceptual,1,1
49c3841a075fae5df869,UAE,C2,scope,covered,direct_textual,1,1
49c3841a075fae5df869,UAE,C2,condition,narrower,direct_textual,1,1
49c3841a075fae5df869,UAE,C2,exception,covered,absent,0,0
49c3841a075fae5df869,UAE,C2,temporal,covered,absent,0,0
49c3841a075fae5df869,UAE,C2,consequence,covered,direct_textual,1,1
4a2229895b9c09ceef05,UAE,C5,addressee,uncovered,absent,0,0
4a2229895b9c09ceef05,UAE,C5,modality,uncovered,absent,0,0
4a2229895b9c09ceef05,UAE,C5,action,uncovered,absent,0,0
4a2229895b9c09ceef05,UAE,C5,scope,uncovered,absent,0,0
4a2229895b9c09ceef05,UAE,C5,condition,uncovered,absent,0,0
4a2229895b9c09ceef05,UAE,C5,exception,uncovered,absent,0,0
4a2229895b9c09ceef05,UAE,C5,temporal,uncovered,absent,0,0
4a2229895b9c09ceef05,UAE,C5,consequence,uncovered,absent,0,0
4b10283821cc6e1e334e,QAT,C3,addressee,covered,distributed,0,1
4b10283821cc6e1e334e,QAT,C3,modality,weaker_modality,direct_textual,0,1
4b10283821cc6e1e334e,QAT,C3,action,partial,distributed,0,1
4b10283821cc6e1e334e,QAT,C3,scope,uncovered,absent,0,0
4b10283821cc6e1e334e,QAT,C3,condition,uncovered,absent,0,0
4b10283821cc6e1e334e,QAT,C3,exception,covered,absent,0,0
4b10283821cc6e1e334e,QAT,C3,temporal,covered,absent,0,0
4b10283821cc6e1e334e,QAT,C3,consequence,covered,absent,0,0
4be50389fd58cafac14b,UAE,C4,addressee,covered,direct_textual,0,1
4be50389fd58cafac14b,UAE,C4,modality,covered,direct_textual,0,1
4be50389fd58cafac14b,UAE,C4,action,partial,distributed,0,1
4be50389fd58cafac14b,UAE,C4,scope,narrower,direct_textual,0,1
4be50389fd58cafac14b,UAE,C4,condition,narrower,direct_textual,0,1
4be50389fd58cafac14b,UAE,C4,exception,covered,absent,0,0
4be50389fd58cafac14b,UAE,C4,temporal,covered,absent,0,0
4be50389fd58cafac14b,UAE,C4,consequence,covered,absent,0,0
4c2d419e799ef9d7ba62,BHR,C4,addressee,broader,direct_textual,1,1
4c2d419e799ef9d7ba62,BHR,C4,modality,covered,direct_textual,1,1
4c2d419e799ef9d7ba62,BHR,C4,action,covered,direct_textual,1,1
4c2d419e799ef9d7ba62,BHR,C4,scope,narrower,direct_textual,1,1
4c2d419e799ef9d7ba62,BHR,C4,condition,broader,direct_textual,1,1
4c2d419e799ef9d7ba62,BHR,C4,exception,covered,absent,0,0
4c2d419e799ef9d7ba62,BHR,C4,temporal,covered,absent,0,0
4c2d419e799ef9d7ba62,BHR,C4,consequence,covered,absent,0,0
4c5d27091598acb4917c,BHR,C1,addressee,covered,direct_textual,0,1
4c5d27091598acb4917c,BHR,C1,modality,covered,direct_textual,0,1
4c5d27091598acb4917c,BHR,C1,action,broader,direct_textual,0,1
4c5d27091598acb4917c,BHR,C1,scope,covered,direct_textual,0,1
4c5d27091598acb4917c,BHR,C1,condition,covered,absent,0,0
4c5d27091598acb4917c,BHR,C1,exception,covered,absent,0,0
4c5d27091598acb4917c,BHR,C1,temporal,covered,absent,0,0
4c5d27091598acb4917c,BHR,C1,consequence,covered,absent,0,0
4c6fa3fd5dca47e70a54,KWT,C4,addressee,uncovered,direct_textual,1,1
4c6fa3fd5dca47e70a54,KWT,C4,modality,covered,direct_textual,1,1
4c6fa3fd5dca47e70a54,KWT,C4,action,partial,conceptual,1,1
4c6fa3fd5dca47e70a54,KWT,C4,scope,broader,direct_textual,1,1
4c6fa3fd5dca47e70a54,KWT,C4,condition,narrower,direct_textual,1,1
4c6fa3fd5dca47e70a54,KWT,C4,exception,uncovered,absent,1,0
4c6fa3fd5dca47e70a54,KWT,C4,temporal,covered,absent,0,0
4c6fa3fd5dca47e70a54,KWT,C4,consequence,covered,absent,0,0
4cc801aee30702be3614,KSA,C2,addressee,covered,direct_textual,0,1
4cc801aee30702be3614,KSA,C2,modality,covered,direct_textual,0,1
4cc801aee30702be3614,KSA,C2,action,covered,direct_textual,0,1
4cc801aee30702be3614,KSA,C2,scope,covered,direct_textual,0,1
4cc801aee30702be3614,KSA,C2,condition,narrower,direct_textual,0,1
4cc801aee30702be3614,KSA,C2,exception,covered,direct_textual,0,1
4cc801aee30702be3614,KSA,C2,temporal,partial,direct_textual,0,1
4cc801aee30702be3614,KSA,C2,consequence,covered,absent,0,0
4cf8e811d967587fc1b1,KWT,C2,addressee,partial,distributed,1,1
4cf8e811d967587fc1b1,KWT,C2,modality,covered,direct_textual,1,1
4cf8e811d967587fc1b1,KWT,C2,action,narrower,direct_textual,1,1
4cf8e811d967587fc1b1,KWT,C2,scope,partial,conceptual,1,1
4cf8e811d967587fc1b1,KWT,C2,condition,covered,direct_textual,1,1
4cf8e811d967587fc1b1,KWT,C2,exception,covered,absent,1,1
4cf8e811d967587fc1b1,KWT,C2,temporal,covered,absent,1,1
4cf8e811d967587fc1b1,KWT,C2,consequence,covered,absent,1,1
4d3d3d4961131060d059,KSA,C1,addressee,covered,direct_textual,0,1
4d3d3d4961131060d059,KSA,C1,modality,covered,direct_textual,0,1
4d3d3d4961131060d059,KSA,C1,action,covered,distributed,0,1
4d3d3d4961131060d059,KSA,C1,scope,covered,direct_textual,0,1
4d3d3d4961131060d059,KSA,C1,condition,covered,absent,0,0
4d3d3d4961131060d059,KSA,C1,exception,broader,absent,0,1
4d3d3d4961131060d059,KSA,C1,temporal,broader,direct_textual,0,1
4d3d3d4961131060d059,KSA,C1,consequence,covered,absent,0,0
4d4ae698884eb0d8bd3d,QAT,C2,addressee,covered,direct_textual,0,1
4d4ae698884eb0d8bd3d,QAT,C2,modality,covered,direct_textual,0,1
4d4ae698884eb0d8bd3d,QAT,C2,action,covered,direct_textual,0,1
4d4ae698884eb0d8bd3d,QAT,C2,scope,partial,conceptual,0,1
4d4ae698884eb0d8bd3d,QAT,C2,condition,narrower,direct_textual,0,1
4d4ae698884eb0d8bd3d,QAT,C2,exception,covered,absent,0,0
4d4ae698884eb0d8bd3d,QAT,C2,temporal,covered,absent,0,0
4d4ae698884eb0d8bd3d,QAT,C2,consequence,broader,direct_textual,0,1
4e31c5d8b0852655f0fc,OMN,C5,addressee,uncovered,absent,0,0
4e31c5d8b0852655f0fc,OMN,C5,modality,uncovered,absent,0,0
4e31c5d8b0852655f0fc,OMN,C5,action,uncovered,absent,0,0
4e31c5d8b0852655f0fc,OMN,C5,scope,uncovered,absent,0,0
4e31c5d8b0852655f0fc,OMN,C5,condition,uncovered,absent,0,0
4e31c5d8b0852655f0fc,OMN,C5,exception,uncovered,absent,0,0
4e31c5d8b0852655f0fc,OMN,C5,temporal,uncovered,absent,0,0
4e31c5d8b0852655f0fc,OMN,C5,consequence,uncovered,absent,0,0
4e987468183f560da0dc,KSA,C2,addressee,uncovered,absent,1,0
4e987468183f560da0dc,KSA,C2,modality,uncovered,absent,1,0
4e987468183f560da0dc,KSA,C2,action,uncovered,absent,1,0
4e987468183f560da0dc,KSA,C2,scope,uncovered,absent,1,0
4e987468183f560da0dc,KSA,C2,condition,uncovered,absent,1,0
4e987468183f560da0dc,KSA,C2,exception,partial,distributed,1,1
4e987468183f560da0dc,KSA,C2,temporal,uncovered,absent,1,0
4e987468183f560da0dc,KSA,C2,consequence,uncovered,absent,1,0
4efeba57490ab583c947,KSA,C5,addressee,uncovered,absent,0,0
4efeba57490ab583c947,KSA,C5,modality,uncovered,absent,0,0
4efeba57490ab583c947,KSA,C5,action,uncovered,absent,0,0
4efeba57490ab583c947,KSA,C5,scope,uncovered,absent,0,0
4efeba57490ab583c947,KSA,C5,condition,uncovered,absent,0,0
4efeba57490ab583c947,KSA,C5,exception,uncovered,absent,0,0
4efeba57490ab583c947,KSA,C5,temporal,uncovered,absent,0,0
4efeba57490ab583c947,KSA,C5,consequence,uncovered,absent,0,0
4f601490d6c543f1216a,QAT,C2,addressee,covered,direct_textual,1,1
4f601490d6c543f1216a,QAT,C2,modality,covered,direct_textual,1,1
4f601490d6c543f1216a,QAT,C2,action,partial,distributed,1,1
4f601490d6c543f1216a,QAT,C2,scope,covered,direct_textual,1,1
4f601490d6c543f1216a,QAT,C2,condition,covered,direct_textual,1,1
4f601490d6c543f1216a,QAT,C2,exception,covered,absent,0,0
4f601490d6c543f1216a,QAT,C2,temporal,covered,absent,0,0
4f601490d6c543f1216a,QAT,C2,consequence,covered,absent,0,0
4f978c45f40eb594479d,KSA,C5,addressee,uncovered,absent,0,0
4f978c45f40eb594479d,KSA,C5,modality,uncovered,absent,0,0
4f978c45f40eb594479d,KSA,C5,action,uncovered,absent,0,0
4f978c45f40eb594479d,KSA,C5,scope,uncovered,absent,0,0
4f978c45f40eb594479d,KSA,C5,condition,uncovered,absent,0,0
4f978c45f40eb594479d,KSA,C5,exception,covered,absent,0,0
4f978c45f40eb594479d,KSA,C5,temporal,covered,absent,0,0
4f978c45f40eb594479d,KSA,C5,consequence,covered,absent,0,0
4fe580677d4337359a7a,OMN,C2,addressee,covered,direct_textual,0,1
4fe580677d4337359a7a,OMN,C2,modality,covered,direct_textual,0,1
4fe580677d4337359a7a,OMN,C2,action,covered,direct_textual,0,1
4fe580677d4337359a7a,OMN,C2,scope,covered,distributed,0,1
4fe580677d4337359a7a,OMN,C2,condition,partial,distributed,0,1
4fe580677d4337359a7a,OMN,C2,exception,covered,absent,0,0
4fe580677d4337359a7a,OMN,C2,temporal,partial,distributed,0,1
4fe580677d4337359a7a,OMN,C2,consequence,covered,absent,0,0
503a3bcdb99cddde11b0,QAT,C3,addressee,covered,conceptual,0,1
503a3bcdb99cddde11b0,QAT,C3,modality,weaker_modality,direct_textual,0,1
503a3bcdb99cddde11b0,QAT,C3,action,partial,conceptual,0,1
503a3bcdb99cddde11b0,QAT,C3,scope,partial,distributed,0,1
503a3bcdb99cddde11b0,QAT,C3,condition,covered,absent,0,0
503a3bcdb99cddde11b0,QAT,C3,exception,covered,absent,0,0
503a3bcdb99cddde11b0,QAT,C3,temporal,covered,absent,0,0
503a3bcdb99cddde11b0,QAT,C3,consequence,covered,absent,0,0
505fd79e40e152183790,BHR,C2,addressee,covered,direct_textual,0,1
505fd79e40e152183790,BHR,C2,modality,covered,direct_textual,0,1
505fd79e40e152183790,BHR,C2,action,covered,distributed,0,1
505fd79e40e152183790,BHR,C2,scope,partial,distributed,0,1
505fd79e40e152183790,BHR,C2,condition,broader,direct_textual,0,1
505fd79e40e152183790,BHR,C2,exception,covered,absent,0,0
505fd79e40e152183790,BHR,C2,temporal,covered,distributed,0,1
505fd79e40e152183790,BHR,C2,consequence,covered,absent,0,0
50657b23c59398c32a6f,BHR,C2,addressee,covered,distributed,0,1
50657b23c59398c32a6f,BHR,C2,modality,covered,direct_textual,0,1
50657b23c59398c32a6f,BHR,C2,action,covered,direct_textual,0,1
50657b23c59398c32a6f,BHR,C2,scope,covered,absent,0,0
50657b23c59398c32a6f,BHR,C2,condition,covered,direct_textual,0,1
50657b23c59398c32a6f,BHR,C2,exception,uncovered,absent,0,1
50657b23c59398c32a6f,BHR,C2,temporal,narrower,direct_textual,0,1
50657b23c59398c32a6f,BHR,C2,consequence,covered,absent,0,0
50dc96aabe5fb8e67780,KSA,C2,addressee,covered,distributed,0,1
50dc96aabe5fb8e67780,KSA,C2,modality,uncovered,direct_textual,0,1
50dc96aabe5fb8e67780,KSA,C2,action,uncovered,absent,0,0
50dc96aabe5fb8e67780,KSA,C2,scope,covered,direct_textual,0,1
50dc96aabe5fb8e67780,KSA,C2,condition,uncovered,absent,0,0
50dc96aabe5fb8e67780,KSA,C2,exception,covered,absent,0,0
50dc96aabe5fb8e67780,KSA,C2,temporal,covered,absent,0,0
50dc96aabe5fb8e67780,KSA,C2,consequence,covered,absent,0,0
51035674b1e30ee1ff5f,QAT,C4,addressee,covered,direct_textual,1,1
51035674b1e30ee1ff5f,QAT,C4,modality,covered,direct_textual,1,1
51035674b1e30ee1ff5f,QAT,C4,action,covered,direct_textual,1,1
51035674b1e30ee1ff5f,QAT,C4,scope,broader,direct_textual,1,1
51035674b1e30ee1ff5f,QAT,C4,condition,uncovered,absent,1,0
51035674b1e30ee1ff5f,QAT,C4,exception,covered,absent,0,0
51035674b1e30ee1ff5f,QAT,C4,temporal,covered,direct_textual,1,1
51035674b1e30ee1ff5f,QAT,C4,consequence,covered,absent,1,0
5105c2fc200e9d1c19e6,KWT,C2,addressee,uncovered,direct_textual,0,1
5105c2fc200e9d1c19e6,KWT,C2,modality,covered,direct_textual,0,1
5105c2fc200e9d1c19e6,KWT,C2,action,uncovered,direct_textual,0,1
5105c2fc200e9d1c19e6,KWT,C2,scope,uncovered,direct_textual,0,1
5105c2fc200e9d1c19e6,KWT,C2,condition,partial,direct_textual,0,1
5105c2fc200e9d1c19e6,KWT,C2,exception,covered,absent,0,0
5105c2fc200e9d1c19e6,KWT,C2,temporal,covered,absent,0,0
5105c2fc200e9d1c19e6,KWT,C2,consequence,covered,absent,0,0
52780396169b32ae213f,KWT,C4,addressee,broader,direct_textual,0,1
52780396169b32ae213f,KWT,C4,modality,covered,direct_textual,0,1
52780396169b32ae213f,KWT,C4,action,partial,direct_textual,0,1
52780396169b32ae213f,KWT,C4,scope,uncovered,absent,0,0
52780396169b32ae213f,KWT,C4,condition,covered,absent,0,0
52780396169b32ae213f,KWT,C4,exception,covered,absent,0,0
52780396169b32ae213f,KWT,C4,temporal,narrower,direct_textual,0,1
52780396169b32ae213f,KWT,C4,consequence,covered,absent,0,0
5358eacafd80f8ebd596,OMN,C3,addressee,covered,conceptual,0,1
5358eacafd80f8ebd596,OMN,C3,modality,weaker_modality,direct_textual,0,1
5358eacafd80f8ebd596,OMN,C3,action,uncovered,absent,0,0
5358eacafd80f8ebd596,OMN,C3,scope,uncovered,absent,0,0
5358eacafd80f8ebd596,OMN,C3,condition,uncovered,direct_textual,0,1
5358eacafd80f8ebd596,OMN,C3,exception,covered,absent,0,0
5358eacafd80f8ebd596,OMN,C3,temporal,covered,absent,0,0
5358eacafd80f8ebd596,OMN,C3,consequence,covered,absent,0,0
539d98daf7d4e4183cc9,KWT,C5,addressee,uncovered,absent,0,0
539d98daf7d4e4183cc9,KWT,C5,modality,uncovered,absent,0,0
539d98daf7d4e4183cc9,KWT,C5,action,uncovered,absent,0,0
539d98daf7d4e4183cc9,KWT,C5,scope,uncovered,absent,0,0
539d98daf7d4e4183cc9,KWT,C5,condition,uncovered,absent,0,0
539d98daf7d4e4183cc9,KWT,C5,exception,covered,absent,0,0
539d98daf7d4e4183cc9,KWT,C5,temporal,covered,absent,0,0
539d98daf7d4e4183cc9,KWT,C5,consequence,covered,absent,0,0
53ac5433236f50c210eb,UAE,C5,addressee,uncovered,direct_textual,1,1
53ac5433236f50c210eb,UAE,C5,modality,uncovered,absent,0,1
53ac5433236f50c210eb,UAE,C5,action,uncovered,absent,0,1
53ac5433236f50c210eb,UAE,C5,scope,uncovered,absent,0,1
53ac5433236f50c210eb,UAE,C5,condition,uncovered,absent,0,1
53ac5433236f50c210eb,UAE,C5,exception,uncovered,absent,0,1
53ac5433236f50c210eb,UAE,C5,temporal,uncovered,absent,0,1
53ac5433236f50c210eb,UAE,C5,consequence,uncovered,absent,0,1
53c37132ad387c8c8f3b,KSA,C1,addressee,covered,direct_textual,1,1
53c37132ad387c8c8f3b,KSA,C1,modality,covered,direct_textual,1,1
53c37132ad387c8c8f3b,KSA,C1,action,covered,distributed,1,1
53c37132ad387c8c8f3b,KSA,C1,scope,covered,distributed,1,1
53c37132ad387c8c8f3b,KSA,C1,condition,covered,distributed,1,1
53c37132ad387c8c8f3b,KSA,C1,exception,covered,absent,0,0
53c37132ad387c8c8f3b,KSA,C1,temporal,covered,absent,0,0
53c37132ad387c8c8f3b,KSA,C1,consequence,covered,absent,1,0
540d064083926eece800,KSA,C2,addressee,covered,direct_textual,1,1
540d064083926eece800,KSA,C2,modality,covered,direct_textual,1,1
540d064083926eece800,KSA,C2,action,uncovered,direct_textual,1,1
540d064083926eece800,KSA,C2,scope,covered,absent,0,0
540d064083926eece800,KSA,C2,condition,partial,direct_textual,1,1
540d064083926eece800,KSA,C2,exception,broader,direct_textual,1,1
540d064083926eece800,KSA,C2,temporal,covered,direct_textual,1,1
540d064083926eece800,KSA,C2,consequence,covered,absent,0,0
54637340ccc5a18534ec,KSA,C3,addressee,covered,direct_textual,1,1
54637340ccc5a18534ec,KSA,C3,modality,weaker_modality,direct_textual,1,1
54637340ccc5a18534ec,KSA,C3,action,uncovered,absent,1,1
54637340ccc5a18534ec,KSA,C3,scope,narrower,direct_textual,1,1
54637340ccc5a18534ec,KSA,C3,condition,partial,conceptual,1,1
54637340ccc5a18534ec,KSA,C3,exception,covered,absent,1,0
54637340ccc5a18534ec,KSA,C3,temporal,covered,absent,1,0
54637340ccc5a18534ec,KSA,C3,consequence,covered,absent,1,0
548bec787d3311d59e0b,KWT,C5,addressee,uncovered,absent,0,0
548bec787d3311d59e0b,KWT,C5,modality,uncovered,absent,0,0
548bec787d3311d59e0b,KWT,C5,action,uncovered,absent,0,0
548bec787d3311d59e0b,KWT,C5,scope,uncovered,absent,0,0
548bec787d3311d59e0b,KWT,C5,condition,uncovered,absent,0,0
548bec787d3311d59e0b,KWT,C5,exception,uncovered,absent,0,0
548bec787d3311d59e0b,KWT,C5,temporal,uncovered,absent,0,0
548bec787d3311d59e0b,KWT,C5,consequence,uncovered,absent,0,0
552a3e4d33837692fd9c,KSA,C2,addressee,uncovered,absent,0,0
552a3e4d33837692fd9c,KSA,C2,modality,uncovered,absent,0,0
552a3e4d33837692fd9c,KSA,C2,action,uncovered,absent,0,0
552a3e4d33837692fd9c,KSA,C2,scope,uncovered,absent,0,0
552a3e4d33837692fd9c,KSA,C2,condition,covered,direct_textual,0,1
552a3e4d33837692fd9c,KSA,C2,exception,uncovered,absent,0,0
552a3e4d33837692fd9c,KSA,C2,temporal,covered,absent,0,0
552a3e4d33837692fd9c,KSA,C2,consequence,covered,absent,0,0
553c40f2dd91b40fe986,QAT,C2,addressee,covered,direct_textual,1,1
553c40f2dd91b40fe986,QAT,C2,modality,covered,direct_textual,1,1
553c40f2dd91b40fe986,QAT,C2,action,covered,direct_textual,1,1
553c40f2dd91b40fe986,QAT,C2,scope,covered,distributed,1,1
553c40f2dd91b40fe986,QAT,C2,condition,narrower,direct_textual,1,1
553c40f2dd91b40fe986,QAT,C2,exception,broader,absent,1,1
553c40f2dd91b40fe986,QAT,C2,temporal,uncovered,absent,1,1
553c40f2dd91b40fe986,QAT,C2,consequence,covered,absent,1,0
55f0c6d96da06ca79ff8,QAT,C5,addressee,uncovered,absent,0,0
55f0c6d96da06ca79ff8,QAT,C5,modality,uncovered,absent,0,0
55f0c6d96da06ca79ff8,QAT,C5,action,uncovered,absent,0,0
55f0c6d96da06ca79ff8,QAT,C5,scope,uncovered,absent,0,0
55f0c6d96da06ca79ff8,QAT,C5,condition,uncovered,absent,0,0
55f0c6d96da06ca79ff8,QAT,C5,exception,uncovered,absent,0,0
55f0c6d96da06ca79ff8,QAT,C5,temporal,uncovered,absent,0,0
55f0c6d96da06ca79ff8,QAT,C5,consequence,uncovered,absent,0,0
5640b6ac056b57e769b5,KWT,C5,addressee,uncovered,absent,0,0
5640b6ac056b57e769b5,KWT,C5,modality,uncovered,absent,0,0
5640b6ac056b57e769b5,KWT,C5,action,uncovered,absent,0,0
5640b6ac056b57e769b5,KWT,C5,scope,uncovered,absent,0,0
5640b6ac056b57e769b5,KWT,C5,condition,uncovered,absent,0,0
5640b6ac056b57e769b5,KWT,C5,exception,uncovered,absent,0,0
5640b6ac056b57e769b5,KWT,C5,temporal,uncovered,absent,0,0
5640b6ac056b57e769b5,KWT,C5,consequence,uncovered,absent,0,0
5668d79f8074f4a322c8,KWT,C5,addressee,uncovered,absent,0,0
5668d79f8074f4a322c8,KWT,C5,modality,uncovered,absent,0,0
5668d79f8074f4a322c8,KWT,C5,action,uncovered,absent,0,0
5668d79f8074f4a322c8,KWT,C5,scope,uncovered,absent,0,0
5668d79f8074f4a322c8,KWT,C5,condition,uncovered,absent,0,0
5668d79f8074f4a322c8,KWT,C5,exception,uncovered,absent,0,0
5668d79f8074f4a322c8,KWT,C5,temporal,covered,absent,0,0
5668d79f8074f4a322c8,KWT,C5,consequence,covered,absent,0,0
568840b835488cbc8a0c,OMN,C4,addressee,narrower,direct_textual,0,1
568840b835488cbc8a0c,OMN,C4,modality,covered,conceptual,0,1
568840b835488cbc8a0c,OMN,C4,action,covered,distributed,0,1
568840b835488cbc8a0c,OMN,C4,scope,covered,distributed,0,1
568840b835488cbc8a0c,OMN,C4,condition,uncovered,absent,0,1
568840b835488cbc8a0c,OMN,C4,exception,covered,absent,0,0
568840b835488cbc8a0c,OMN,C4,temporal,covered,absent,0,0
568840b835488cbc8a0c,OMN,C4,consequence,broader,direct_textual,0,1
56d81f7c680915bb858c,KWT,C2,addressee,covered,conceptual,0,1
56d81f7c680915bb858c,KWT,C2,modality,uncovered,absent,0,0
56d81f7c680915bb858c,KWT,C2,action,uncovered,absent,0,0
56d81f7c680915bb858c,KWT,C2,scope,covered,absent,0,0
56d81f7c680915bb858c,KWT,C2,condition,uncovered,absent,0,0
56d81f7c680915bb858c,KWT,C2,exception,covered,absent,0,0
56d81f7c680915bb858c,KWT,C2,temporal,covered,absent,0,0
56d81f7c680915bb858c,KWT,C2,consequence,covered,absent,0,0
570ba67e75677d2efe46,QAT,C4,addressee,uncovered,direct_textual,1,1
570ba67e75677d2efe46,QAT,C4,modality,uncovered,direct_textual,1,1
570ba67e75677d2efe46,QAT,C4,action,partial,conceptual,1,1
570ba67e75677d2efe46,QAT,C4,scope,narrower,direct_textual,1,1
570ba67e75677d2efe46,QAT,C4,condition,partial,direct_textual,1,1
570ba67e75677d2efe46,QAT,C4,exception,covered,absent,0,0
570ba67e75677d2efe46,QAT,C4,temporal,covered,absent,0,0
570ba67e75677d2efe46,QAT,C4,consequence,partial,direct_textual,1,1
572617f8b9fb73073f9e,OMN,C4,addressee,covered,direct_textual,1,1
572617f8b9fb73073f9e,OMN,C4,modality,covered,direct_textual,1,1
572617f8b9fb73073f9e,OMN,C4,action,partial,distributed,1,1
572617f8b9fb73073f9e,OMN,C4,scope,narrower,distributed,1,1
572617f8b9fb73073f9e,OMN,C4,condition,uncovered,absent,0,0
572617f8b9fb73073f9e,OMN,C4,exception,covered,absent,0,0
572617f8b9fb73073f9e,OMN,C4,temporal,narrower,direct_textual,1,1
572617f8b9fb73073f9e,OMN,C4,consequence,covered,absent,0,0
576ab1d074964615d664,KWT,C3,addressee,covered,direct_textual,0,1
576ab1d074964615d664,KWT,C3,modality,weaker_modality,distributed,0,1
576ab1d074964615d664,KWT,C3,action,covered,direct_textual,0,1
576ab1d074964615d664,KWT,C3,scope,covered,direct_textual,0,1
576ab1d074964615d664,KWT,C3,condition,uncovered,absent,0,0
576ab1d074964615d664,KWT,C3,exception,covered,absent,0,0
576ab1d074964615d664,KWT,C3,temporal,uncovered,absent,0,0
576ab1d074964615d664,KWT,C3,consequence,covered,absent,0,0
57905ac6276a3d32fe43,UAE,C4,addressee,broader,direct_textual,1,1
57905ac6276a3d32fe43,UAE,C4,modality,uncovered,absent,0,0
57905ac6276a3d32fe43,UAE,C4,action,uncovered,absent,0,0
57905ac6276a3d32fe43,UAE,C4,scope,partial,conceptual,1,1
57905ac6276a3d32fe43,UAE,C4,condition,uncovered,absent,0,0
57905ac6276a3d32fe43,UAE,C4,exception,covered,absent,0,0
57905ac6276a3d32fe43,UAE,C4,temporal,covered,absent,0,0
57905ac6276a3d32fe43,UAE,C4,consequence,covered,absent,0,0
57a134b3969c19c8232a,KSA,C4,addressee,narrower,direct_textual,0,1
57a134b3969c19c8232a,KSA,C4,modality,covered,direct_textual,0,1
57a134b3969c19c8232a,KSA,C4,action,uncovered,absent,0,0
57a134b3969c19c8232a,KSA,C4,scope,partial,direct_textual,0,1
57a134b3969c19c8232a,KSA,C4,condition,partial,direct_textual,0,1
57a134b3969c19c8232a,KSA,C4,exception,uncovered,absent,0,0
57a134b3969c19c8232a,KSA,C4,temporal,covered,absent,0,0
57a134b3969c19c8232a,KSA,C4,consequence,covered,absent,0,0
58747ddca921ddad7436,KWT,C4,addressee,narrower,direct_textual,1,1
58747ddca921ddad7436,KWT,C4,modality,covered,direct_textual,1,1
58747ddca921ddad7436,KWT,C4,action,covered,distributed,1,1
58747ddca921ddad7436,KWT,C4,scope,partial,distributed,1,1
58747ddca921ddad7436,KWT,C4,condition,uncovered,absent,1,0
58747ddca921ddad7436,KWT,C4,exception,covered,absent,1,0
58747ddca921ddad7436,KWT,C4,temporal,covered,distributed,1,1
58747ddca921ddad7436,KWT,C4,consequence,covered,absent,1,0
58d6abad3a00928f1a53,OMN,C2,addressee,covered,direct_textual,0,1
58d6abad3a00928f1a53,OMN,C2,modality,uncovered,absent,0,0
58d6abad3a00928f1a53,OMN,C2,action,uncovered,absent,0,0
58d6abad3a00928f1a53,OMN,C2,scope,uncovered,absent,0,0
58d6abad3a00928f1a53,OMN,C2,condition,uncovered,absent,0,0
58d6abad3a00928f1a53,OMN,C2,exception,uncovered,absent,0,0
58d6abad3a00928f1a53,OMN,C2,temporal,uncovered,absent,0,0
58d6abad3a00928f1a53,OMN,C2,consequence,uncovered,absent,0,0
58f9207944c03d0bbf3e,UAE,C4,addressee,covered,direct_textual,1,1
58f9207944c03d0bbf3e,UAE,C4,modality,covered,direct_textual,1,1
58f9207944c03d0bbf3e,UAE,C4,action,partial,distributed,1,1
58f9207944c03d0bbf3e,UAE,C4,scope,narrower,distributed,1,1
58f9207944c03d0bbf3e,UAE,C4,condition,narrower,distributed,1,1
58f9207944c03d0bbf3e,UAE,C4,exception,narrower,direct_textual,1,1
58f9207944c03d0bbf3e,UAE,C4,temporal,broader,distributed,1,1
58f9207944c03d0bbf3e,UAE,C4,consequence,covered,absent,1,0
590d0d71d5108413260a,BHR,C4,addressee,covered,direct_textual,1,1
590d0d71d5108413260a,BHR,C4,modality,covered,direct_textual,1,1
590d0d71d5108413260a,BHR,C4,action,partial,direct_textual,1,1
590d0d71d5108413260a,BHR,C4,scope,broader,direct_textual,1,1
590d0d71d5108413260a,BHR,C4,condition,uncovered,absent,0,1
590d0d71d5108413260a,BHR,C4,exception,covered,absent,0,1
590d0d71d5108413260a,BHR,C4,temporal,covered,absent,0,1
590d0d71d5108413260a,BHR,C4,consequence,covered,absent,0,1
59ad355fbb07e6ae4314,BHR,C3,addressee,narrower,direct_textual,0,1
59ad355fbb07e6ae4314,BHR,C3,modality,weaker_modality,direct_textual,0,1
59ad355fbb07e6ae4314,BHR,C3,action,uncovered,absent,0,0
59ad355fbb07e6ae4314,BHR,C3,scope,narrower,direct_textual,0,1
59ad355fbb07e6ae4314,BHR,C3,condition,narrower,direct_textual,0,1
59ad355fbb07e6ae4314,BHR,C3,exception,covered,absent,0,0
59ad355fbb07e6ae4314,BHR,C3,temporal,narrower,direct_textual,0,1
59ad355fbb07e6ae4314,BHR,C3,consequence,covered,absent,0,0
5a2f4ee4b2a4e864a8db,KWT,C3,addressee,narrower,conceptual,0,1
5a2f4ee4b2a4e864a8db,KWT,C3,modality,weaker_modality,direct_textual,0,1
5a2f4ee4b2a4e864a8db,KWT,C3,action,partial,distributed,0,1
5a2f4ee4b2a4e864a8db,KWT,C3,scope,covered,direct_textual,0,1
5a2f4ee4b2a4e864a8db,KWT,C3,condition,narrower,direct_textual,0,1
5a2f4ee4b2a4e864a8db,KWT,C3,exception,covered,absent,0,0
5a2f4ee4b2a4e864a8db,KWT,C3,temporal,covered,absent,0,0
5a2f4ee4b2a4e864a8db,KWT,C3,consequence,covered,absent,0,0
5a578dda24e407139bbe,QAT,C5,addressee,uncovered,absent,0,0
5a578dda24e407139bbe,QAT,C5,modality,uncovered,absent,0,0
5a578dda24e407139bbe,QAT,C5,action,uncovered,absent,0,0
5a578dda24e407139bbe,QAT,C5,scope,uncovered,absent,0,0
5a578dda24e407139bbe,QAT,C5,condition,uncovered,absent,0,0
5a578dda24e407139bbe,QAT,C5,exception,uncovered,absent,0,0
5a578dda24e407139bbe,QAT,C5,temporal,uncovered,absent,0,0
5a578dda24e407139bbe,QAT,C5,consequence,uncovered,absent,0,0
5a73be7f011a940aa274,KSA,C5,addressee,uncovered,absent,0,0
5a73be7f011a940aa274,KSA,C5,modality,uncovered,absent,0,0
5a73be7f011a940aa274,KSA,C5,action,uncovered,absent,0,0
5a73be7f011a940aa274,KSA,C5,scope,uncovered,absent,0,0
5a73be7f011a940aa274,KSA,C5,condition,uncovered,absent,0,0
5a73be7f011a940aa274,KSA,C5,exception,uncovered,absent,0,0
5a73be7f011a940aa274,KSA,C5,temporal,uncovered,absent,0,0
5a73be7f011a940aa274,KSA,C5,consequence,uncovered,absent,0,0
5a9dd1f9d65617fe8d5f,KSA,C4,addressee,covered,direct_textual,0,1
5a9dd1f9d65617fe8d5f,KSA,C4,modality,covered,direct_textual,0,1
5a9dd1f9d65617fe8d5f,KSA,C4,action,covered,direct_textual,0,1
5a9dd1f9d65617fe8d5f,KSA,C4,scope,narrower,direct_textual,0,1
5a9dd1f9d65617fe8d5f,KSA,C4,condition,partial,conceptual,0,1
5a9dd1f9d65617fe8d5f,KSA,C4,exception,narrower,direct_textual,0,1
5a9dd1f9d65617fe8d5f,KSA,C4,temporal,covered,absent,0,0
5a9dd1f9d65617fe8d5f,KSA,C4,consequence,covered,absent,0,0
5ad2b630199f00a352ab,BHR,C3,addressee,covered,direct_textual,0,1
5ad2b630199f00a352ab,BHR,C3,modality,weaker_modality,distributed,0,1
5ad2b630199f00a352ab,BHR,C3,action,partial,direct_textual,0,1
5ad2b630199f00a352ab,BHR,C3,scope,covered,conceptual,0,1
5ad2b630199f00a352ab,BHR,C3,condition,uncovered,absent,0,0
5ad2b630199f00a352ab,BHR,C3,exception,covered,absent,0,0
5ad2b630199f00a352ab,BHR,C3,temporal,covered,absent,0,0
5ad2b630199f00a352ab,BHR,C3,consequence,covered,absent,0,0
5b1cc0e8886523310411,BHR,C5,addressee,uncovered,absent,0,0
5b1cc0e8886523310411,BHR,C5,modality,uncovered,absent,0,0
5b1cc0e8886523310411,BHR,C5,action,uncovered,absent,0,0
5b1cc0e8886523310411,BHR,C5,scope,uncovered,absent,0,0
5b1cc0e8886523310411,BHR,C5,condition,uncovered,absent,0,0
5b1cc0e8886523310411,BHR,C5,exception,uncovered,absent,0,0
5b1cc0e8886523310411,BHR,C5,temporal,uncovered,absent,0,0
5b1cc0e8886523310411,BHR,C5,consequence,uncovered,absent,0,0
5bd65c2251f5b6aae155,QAT,C5,addressee,uncovered,absent,0,0
5bd65c2251f5b6aae155,QAT,C5,modality,uncovered,absent,0,0
5bd65c2251f5b6aae155,QAT,C5,action,uncovered,absent,0,0
5bd65c2251f5b6aae155,QAT,C5,scope,uncovered,absent,0,0
5bd65c2251f5b6aae155,QAT,C5,condition,uncovered,absent,0,0
5bd65c2251f5b6aae155,QAT,C5,exception,uncovered,absent,0,0
5bd65c2251f5b6aae155,QAT,C5,temporal,uncovered,absent,0,0
5bd65c2251f5b6aae155,QAT,C5,consequence,uncovered,absent,0,0
5bf44876e391ce2cdb6b,OMN,C2,addressee,covered,direct_textual,0,1
5bf44876e391ce2cdb6b,OMN,C2,modality,covered,direct_textual,0,1
5bf44876e391ce2cdb6b,OMN,C2,action,uncovered,absent,0,0
5bf44876e391ce2cdb6b,OMN,C2,scope,uncovered,absent,0,0
5bf44876e391ce2cdb6b,OMN,C2,condition,covered,absent,0,0
5bf44876e391ce2cdb6b,OMN,C2,exception,covered,absent,0,0
5bf44876e391ce2cdb6b,OMN,C2,temporal,covered,absent,0,0
5bf44876e391ce2cdb6b,OMN,C2,consequence,covered,absent,0,0
5bf99f3e5600f42ff4d2,UAE,C5,addressee,uncovered,absent,0,0
5bf99f3e5600f42ff4d2,UAE,C5,modality,uncovered,absent,0,0
5bf99f3e5600f42ff4d2,UAE,C5,action,uncovered,absent,0,0
5bf99f3e5600f42ff4d2,UAE,C5,scope,uncovered,absent,0,0
5bf99f3e5600f42ff4d2,UAE,C5,condition,uncovered,absent,0,0
5bf99f3e5600f42ff4d2,UAE,C5,exception,uncovered,absent,0,0
5bf99f3e5600f42ff4d2,UAE,C5,temporal,uncovered,absent,0,0
5bf99f3e5600f42ff4d2,UAE,C5,consequence,uncovered,absent,0,0
5c23a52b99dc84015613,QAT,C2,addressee,covered,direct_textual,1,1
5c23a52b99dc84015613,QAT,C2,modality,covered,direct_textual,1,1
5c23a52b99dc84015613,QAT,C2,action,partial,distributed,1,1
5c23a52b99dc84015613,QAT,C2,scope,covered,absent,0,0
5c23a52b99dc84015613,QAT,C2,condition,partial,distributed,1,1
5c23a52b99dc84015613,QAT,C2,exception,covered,absent,0,0
5c23a52b99dc84015613,QAT,C2,temporal,narrower,direct_textual,1,1
5c23a52b99dc84015613,QAT,C2,consequence,covered,absent,0,0
5c4ef4b3dca48a3b7987,OMN,C5,addressee,uncovered,absent,0,0
5c4ef4b3dca48a3b7987,OMN,C5,modality,uncovered,absent,0,0
5c4ef4b3dca48a3b7987,OMN,C5,action,uncovered,absent,0,0
5c4ef4b3dca48a3b7987,OMN,C5,scope,uncovered,absent,0,0
5c4ef4b3dca48a3b7987,OMN,C5,condition,uncovered,absent,0,0
5c4ef4b3dca48a3b7987,OMN,C5,exception,uncovered,absent,0,0
5c4ef4b3dca48a3b7987,OMN,C5,temporal,uncovered,absent,0,0
5c4ef4b3dca48a3b7987,OMN,C5,consequence,uncovered,absent,0,0
5c855a8112b80b60537d,UAE,C1,addressee,covered,direct_textual,1,1
5c855a8112b80b60537d,UAE,C1,modality,covered,direct_textual,1,1
5c855a8112b80b60537d,UAE,C1,action,covered,direct_textual,1,1
5c855a8112b80b60537d,UAE,C1,scope,covered,conceptual,1,1
5c855a8112b80b60537d,UAE,C1,condition,narrower,direct_textual,1,1
5c855a8112b80b60537d,UAE,C1,exception,narrower,distributed,1,1
5c855a8112b80b60537d,UAE,C1,temporal,covered,direct_textual,1,1
5c855a8112b80b60537d,UAE,C1,consequence,broader,direct_textual,1,1
5d0e76111dd1b98ee524,BHR,C4,addressee,covered,direct_textual,1,1
5d0e76111dd1b98ee524,BHR,C4,modality,covered,direct_textual,1,1
5d0e76111dd1b98ee524,BHR,C4,action,covered,direct_textual,1,1
5d0e76111dd1b98ee524,BHR,C4,scope,narrower,distributed,1,1
5d0e76111dd1b98ee524,BHR,C4,condition,covered,direct_textual,1,1
5d0e76111dd1b98ee524,BHR,C4,exception,covered,absent,1,0
5d0e76111dd1b98ee524,BHR,C4,temporal,covered,direct_textual,1,1
5d0e76111dd1b98ee524,BHR,C4,consequence,broader,direct_textual,1,1
5d244c94dc97407ba1bc,UAE,C5,addressee,uncovered,absent,0,0
5d244c94dc97407ba1bc,UAE,C5,modality,uncovered,absent,0,0
5d244c94dc97407ba1bc,UAE,C5,action,uncovered,absent,0,0
5d244c94dc97407ba1bc,UAE,C5,scope,uncovered,absent,0,0
5d244c94dc97407ba1bc,UAE,C5,condition,uncovered,absent,0,0
5d244c94dc97407ba1bc,UAE,C5,exception,uncovered,absent,0,0
5d244c94dc97407ba1bc,UAE,C5,temporal,uncovered,absent,0,0
5d244c94dc97407ba1bc,UAE,C5,consequence,uncovered,absent,0,0
5d5595fafd2f8c801e20,BHR,C5,addressee,uncovered,absent,0,0
5d5595fafd2f8c801e20,BHR,C5,modality,uncovered,absent,0,0
5d5595fafd2f8c801e20,BHR,C5,action,uncovered,absent,0,0
5d5595fafd2f8c801e20,BHR,C5,scope,uncovered,absent,0,0
5d5595fafd2f8c801e20,BHR,C5,condition,uncovered,absent,0,0
5d5595fafd2f8c801e20,BHR,C5,exception,uncovered,absent,0,0
5d5595fafd2f8c801e20,BHR,C5,temporal,uncovered,absent,0,0
5d5595fafd2f8c801e20,BHR,C5,consequence,uncovered,absent,0,0
5d6c8a3ea4294c4b575a,KSA,C3,addressee,covered,distributed,0,1
5d6c8a3ea4294c4b575a,KSA,C3,modality,weaker_modality,distributed,0,1
5d6c8a3ea4294c4b575a,KSA,C3,action,covered,distributed,0,1
5d6c8a3ea4294c4b575a,KSA,C3,scope,covered,absent,0,0
5d6c8a3ea4294c4b575a,KSA,C3,condition,covered,absent,0,0
5d6c8a3ea4294c4b575a,KSA,C3,exception,covered,absent,0,0
5d6c8a3ea4294c4b575a,KSA,C3,temporal,covered,absent,0,0
5d6c8a3ea4294c4b575a,KSA,C3,consequence,covered,absent,0,0
5d6ff31ce4626151e4fd,KSA,C2,addressee,covered,direct_textual,0,1
5d6ff31ce4626151e4fd,KSA,C2,modality,covered,direct_textual,0,1
5d6ff31ce4626151e4fd,KSA,C2,action,covered,direct_textual,0,1
5d6ff31ce4626151e4fd,KSA,C2,scope,covered,direct_textual,0,1
5d6ff31ce4626151e4fd,KSA,C2,condition,broader,direct_textual,0,1
5d6ff31ce4626151e4fd,KSA,C2,exception,uncovered,absent,0,0
5d6ff31ce4626151e4fd,KSA,C2,temporal,covered,direct_textual,0,1
5d6ff31ce4626151e4fd,KSA,C2,consequence,covered,absent,0,0
5dce6c972de95a93ae88,KWT,C5,addressee,uncovered,absent,0,0
5dce6c972de95a93ae88,KWT,C5,modality,uncovered,absent,0,0
5dce6c972de95a93ae88,KWT,C5,action,uncovered,absent,0,0
5dce6c972de95a93ae88,KWT,C5,scope,uncovered,absent,0,0
5dce6c972de95a93ae88,KWT,C5,condition,uncovered,absent,0,0
5dce6c972de95a93ae88,KWT,C5,exception,uncovered,absent,0,0
5dce6c972de95a93ae88,KWT,C5,temporal,uncovered,absent,0,0
5dce6c972de95a93ae88,KWT,C5,consequence,uncovered,absent,0,0
5e530b368df8eb74780f,QAT,C4,addressee,covered,direct_textual,0,1
5e530b368df8eb74780f,QAT,C4,modality,covered,direct_textual,0,1
5e530b368df8eb74780f,QAT,C4,action,uncovered,direct_textual,0,1
5e530b368df8eb74780f,QAT,C4,scope,narrower,direct_textual,0,1
5e530b368df8eb74780f,QAT,C4,condition,covered,conceptual,0,1
5e530b368df8eb74780f,QAT,C4,exception,uncovered,direct_textual,0,1
5e530b368df8eb74780f,QAT,C4,temporal,covered,absent,0,0
5e530b368df8eb74780f,QAT,C4,consequence,covered,absent,0,0
5e6260e97150e6a55546,OMN,C2,addressee,covered,direct_textual,0,1
5e6260e97150e6a55546,OMN,C2,modality,uncovered,absent,0,0
5e6260e97150e6a55546,OMN,C2,action,uncovered,absent,0,0
5e6260e97150e6a55546,OMN,C2,scope,covered,direct_textual,0,1
5e6260e97150e6a55546,OMN,C2,condition,partial,distributed,0,1
5e6260e97150e6a55546,OMN,C2,exception,uncovered,absent,0,0
5e6260e97150e6a55546,OMN,C2,temporal,covered,absent,0,0
5e6260e97150e6a55546,OMN,C2,consequence,covered,absent,0,0
5e626e663b27d63c744e,UAE,C3,addressee,covered,direct_textual,0,1
5e626e663b27d63c744e,UAE,C3,modality,weaker_modality,direct_textual,0,1
5e626e663b27d63c744e,UAE,C3,action,partial,direct_textual,0,1
5e626e663b27d63c744e,UAE,C3,scope,covered,absent,0,0
5e626e663b27d63c744e,UAE,C3,condition,covered,direct_textual,0,1
5e626e663b27d63c744e,UAE,C3,exception,narrower,direct_textual,0,1
5e626e663b27d63c744e,UAE,C3,temporal,covered,absent,0,0
5e626e663b27d63c744e,UAE,C3,consequence,covered,absent,0,0
5e95b0f044680b8d69c6,OMN,C4,addressee,covered,direct_textual,0,1
5e95b0f044680b8d69c6,OMN,C4,modality,covered,direct_textual,0,1
5e95b0f044680b8d69c6,OMN,C4,action,partial,direct_textual,0,1
5e95b0f044680b8d69c6,OMN,C4,scope,broader,direct_textual,0,1
5e95b0f044680b8d69c6,OMN,C4,condition,broader,direct_textual,0,1
5e95b0f044680b8d69c6,OMN,C4,exception,broader,absent,0,1
5e95b0f044680b8d69c6,OMN,C4,temporal,broader,direct_textual,0,1
5e95b0f044680b8d69c6,OMN,C4,consequence,covered,absent,0,0
5edb036aec3f8be96739,KSA,C1,addressee,covered,direct_textual,0,1
5edb036aec3f8be96739,KSA,C1,modality,covered,direct_textual,0,1
5edb036aec3f8be96739,KSA,C1,action,covered,direct_textual,0,1
5edb036aec3f8be96739,KSA,C1,scope,covered,direct_textual,0,1
5edb036aec3f8be96739,KSA,C1,condition,broader,direct_textual,0,1
5edb036aec3f8be96739,KSA,C1,exception,covered,absent,0,1
5edb036aec3f8be96739,KSA,C1,temporal,covered,direct_textual,0,1
5edb036aec3f8be96739,KSA,C1,consequence,covered,absent,0,1
5ef740bc76cbc48dc092,KWT,C3,addressee,covered,direct_textual,0,1
5ef740bc76cbc48dc092,KWT,C3,modality,weaker_modality,direct_textual,0,1
5ef740bc76cbc48dc092,KWT,C3,action,partial,conceptual,0,1
5ef740bc76cbc48dc092,KWT,C3,scope,uncovered,absent,0,0
5ef740bc76cbc48dc092,KWT,C3,condition,partial,direct_textual,0,1
5ef740bc76cbc48dc092,KWT,C3,exception,covered,absent,0,0
5ef740bc76cbc48dc092,KWT,C3,temporal,uncovered,absent,0,0
5ef740bc76cbc48dc092,KWT,C3,consequence,covered,absent,0,0
5f30ababa37da568704d,QAT,C4,addressee,broader,direct_textual,1,1
5f30ababa37da568704d,QAT,C4,modality,covered,direct_textual,1,1
5f30ababa37da568704d,QAT,C4,action,partial,conceptual,1,1
5f30ababa37da568704d,QAT,C4,scope,uncovered,absent,1,0
5f30ababa37da568704d,QAT,C4,condition,uncovered,absent,1,0
5f30ababa37da568704d,QAT,C4,exception,partial,direct_textual,1,1
5f30ababa37da568704d,QAT,C4,temporal,covered,absent,1,0
5f30ababa37da568704d,QAT,C4,consequence,covered,absent,1,0
5fec60e0bb7d7aa7df04,KWT,C4,addressee,covered,conceptual,0,1
5fec60e0bb7d7aa7df04,KWT,C4,modality,covered,direct_textual,0,1
5fec60e0bb7d7aa7df04,KWT,C4,action,partial,distributed,0,1
5fec60e0bb7d7aa7df04,KWT,C4,scope,narrower,direct_textual,0,1
5fec60e0bb7d7aa7df04,KWT,C4,condition,covered,absent,0,0
5fec60e0bb7d7aa7df04,KWT,C4,exception,covered,absent,0,0
5fec60e0bb7d7aa7df04,KWT,C4,temporal,uncovered,absent,0,0
5fec60e0bb7d7aa7df04,KWT,C4,consequence,covered,absent,0,0
5ffb542ef6078b53fa40,KSA,C2,addressee,covered,direct_textual,0,1
5ffb542ef6078b53fa40,KSA,C2,modality,covered,direct_textual,0,1
5ffb542ef6078b53fa40,KSA,C2,action,uncovered,direct_textual,0,0
5ffb542ef6078b53fa40,KSA,C2,scope,uncovered,direct_textual,0,0
5ffb542ef6078b53fa40,KSA,C2,condition,covered,absent,0,0
5ffb542ef6078b53fa40,KSA,C2,exception,uncovered,absent,0,0
5ffb542ef6078b53fa40,KSA,C2,temporal,covered,absent,0,0
5ffb542ef6078b53fa40,KSA,C2,consequence,covered,absent,0,0
605363d8f1860f86865a,BHR,C2,addressee,uncovered,absent,0,0
605363d8f1860f86865a,BHR,C2,modality,uncovered,absent,0,0
605363d8f1860f86865a,BHR,C2,action,uncovered,absent,0,0
605363d8f1860f86865a,BHR,C2,scope,uncovered,absent,0,0
605363d8f1860f86865a,BHR,C2,condition,partial,distributed,0,1
605363d8f1860f86865a,BHR,C2,exception,covered,absent,0,0
605363d8f1860f86865a,BHR,C2,temporal,covered,absent,0,0
605363d8f1860f86865a,BHR,C2,consequence,covered,absent,0,0
60578ddb280aeca8fc44,OMN,C4,addressee,covered,conceptual,0,1
60578ddb280aeca8fc44,OMN,C4,modality,covered,direct_textual,0,1
60578ddb280aeca8fc44,OMN,C4,action,partial,distributed,0,1
60578ddb280aeca8fc44,OMN,C4,scope,broader,conceptual,0,1
60578ddb280aeca8fc44,OMN,C4,condition,uncovered,absent,0,0
60578ddb280aeca8fc44,OMN,C4,exception,covered,absent,0,0
60578ddb280aeca8fc44,OMN,C4,temporal,covered,absent,0,0
60578ddb280aeca8fc44,OMN,C4,consequence,covered,absent,0,0
606fa369776c1c75f86d,BHR,C1,addressee,covered,direct_textual,0,1
606fa369776c1c75f86d,BHR,C1,modality,covered,conceptual,0,1
606fa369776c1c75f86d,BHR,C1,action,covered,direct_textual,0,1
606fa369776c1c75f86d,BHR,C1,scope,covered,direct_textual,0,1
606fa369776c1c75f86d,BHR,C1,condition,covered,direct_textual,0,1
606fa369776c1c75f86d,BHR,C1,exception,narrower,direct_textual,0,1
606fa369776c1c75f86d,BHR,C1,temporal,broader,direct_textual,0,1
606fa369776c1c75f86d,BHR,C1,consequence,broader,direct_textual,0,1
60c37f733a63eb27f6ff,UAE,C2,addressee,covered,direct_textual,0,1
60c37f733a63eb27f6ff,UAE,C2,modality,uncovered,absent,0,0
60c37f733a63eb27f6ff,UAE,C2,action,uncovered,absent,0,0
60c37f733a63eb27f6ff,UAE,C2,scope,uncovered,absent,0,0
60c37f733a63eb27f6ff,UAE,C2,condition,uncovered,absent,0,0
60c37f733a63eb27f6ff,UAE,C2,exception,partial,conceptual,0,1
60c37f733a63eb27f6ff,UAE,C2,temporal,covered,absent,0,0
60c37f733a63eb27f6ff,UAE,C2,consequence,covered,absent,0,0
60cba59367c6b5f71d5c,KWT,C5,addressee,uncovered,absent,0,0
60cba59367c6b5f71d5c,KWT,C5,modality,uncovered,absent,0,0
60cba59367c6b5f71d5c,KWT,C5,action,uncovered,absent,0,0
60cba59367c6b5f71d5c,KWT,C5,scope,uncovered,absent,0,0
60cba59367c6b5f71d5c,KWT,C5,condition,uncovered,absent,0,0
60cba59367c6b5f71d5c,KWT,C5,exception,uncovered,absent,0,0
60cba59367c6b5f71d5c,KWT,C5,temporal,uncovered,absent,0,0
60cba59367c6b5f71d5c,KWT,C5,consequence,uncovered,absent,0,0
60f3ca8161d8c8176449,QAT,C4,addressee,covered,direct_textual,1,1
60f3ca8161d8c8176449,QAT,C4,modality,covered,direct_textual,1,1
60f3ca8161d8c8176449,QAT,C4,action,partial,distributed,1,1
60f3ca8161d8c8176449,QAT,C4,scope,broader,direct_textual,1,1
60f3ca8161d8c8176449,QAT,C4,condition,uncovered,absent,1,0
60f3ca8161d8c8176449,QAT,C4,exception,covered,absent,1,0
60f3ca8161d8c8176449,QAT,C4,temporal,covered,absent,1,0
60f3ca8161d8c8176449,QAT,C4,consequence,covered,absent,1,0
611b7976b614913b69d7,QAT,C2,addressee,partial,direct_textual,0,1
611b7976b614913b69d7,QAT,C2,modality,covered,direct_textual,0,1
611b7976b614913b69d7,QAT,C2,action,covered,distributed,0,1
611b7976b614913b69d7,QAT,C2,scope,partial,direct_textual,0,1
611b7976b614913b69d7,QAT,C2,condition,uncovered,absent,0,0
611b7976b614913b69d7,QAT,C2,exception,covered,absent,0,0
611b7976b614913b69d7,QAT,C2,temporal,covered,absent,0,0
611b7976b614913b69d7,QAT,C2,consequence,covered,absent,0,0
6151660c4352001b1ae5,QAT,C5,addressee,uncovered,absent,0,0
6151660c4352001b1ae5,QAT,C5,modality,uncovered,absent,0,0
6151660c4352001b1ae5,QAT,C5,action,uncovered,absent,0,0
6151660c4352001b1ae5,QAT,C5,scope,uncovered,absent,0,0
6151660c4352001b1ae5,QAT,C5,condition,uncovered,absent,0,0
6151660c4352001b1ae5,QAT,C5,exception,uncovered,absent,0,0
6151660c4352001b1ae5,QAT,C5,temporal,uncovered,absent,0,0
6151660c4352001b1ae5,QAT,C5,consequence,uncovered,absent,0,0
61d0b1e69eb57d1721b3,UAE,C5,addressee,uncovered,absent,0,0
61d0b1e69eb57d1721b3,UAE,C5,modality,uncovered,absent,0,0
61d0b1e69eb57d1721b3,UAE,C5,action,uncovered,absent,0,0
61d0b1e69eb57d1721b3,UAE,C5,scope,uncovered,absent,0,0
61d0b1e69eb57d1721b3,UAE,C5,condition,uncovered,absent,0,0
61d0b1e69eb57d1721b3,UAE,C5,exception,uncovered,absent,0,0
61d0b1e69eb57d1721b3,UAE,C5,temporal,uncovered,absent,0,0
61d0b1e69eb57d1721b3,UAE,C5,consequence,uncovered,absent,0,0
61d49a47646f44ce8155,UAE,C2,addressee,covered,conceptual,0,1
61d49a47646f44ce8155,UAE,C2,modality,uncovered,absent,0,0
61d49a47646f44ce8155,UAE,C2,action,uncovered,absent,0,0
61d49a47646f44ce8155,UAE,C2,scope,partial,direct_textual,0,1
61d49a47646f44ce8155,UAE,C2,condition,uncovered,absent,0,0
61d49a47646f44ce8155,UAE,C2,exception,covered,absent,0,0
61d49a47646f44ce8155,UAE,C2,temporal,covered,absent,0,0
61d49a47646f44ce8155,UAE,C2,consequence,covered,absent,0,0
61f75d020b9fb110ed15,UAE,C5,addressee,uncovered,absent,0,0
61f75d020b9fb110ed15,UAE,C5,modality,uncovered,absent,0,0
61f75d020b9fb110ed15,UAE,C5,action,uncovered,absent,0,0
61f75d020b9fb110ed15,UAE,C5,scope,covered,absent,0,0
61f75d020b9fb110ed15,UAE,C5,condition,covered,absent,0,0
61f75d020b9fb110ed15,UAE,C5,exception,covered,absent,0,0
61f75d020b9fb110ed15,UAE,C5,temporal,uncovered,absent,0,0
61f75d020b9fb110ed15,UAE,C5,consequence,covered,absent,0,0
625f539aff404d8c4257,OMN,C2,addressee,covered,direct_textual,1,1
625f539aff404d8c4257,OMN,C2,modality,covered,direct_textual,1,1
625f539aff404d8c4257,OMN,C2,action,partial,distributed,1,1
625f539aff404d8c4257,OMN,C2,scope,covered,direct_textual,1,1
625f539aff404d8c4257,OMN,C2,condition,partial,distributed,1,1
625f539aff404d8c4257,OMN,C2,exception,covered,absent,0,0
625f539aff404d8c4257,OMN,C2,temporal,narrower,direct_textual,1,1
625f539aff404d8c4257,OMN,C2,consequence,covered,absent,0,0
630bf8b66fc663fd48f2,KWT,C5,addressee,uncovered,absent,0,0
630bf8b66fc663fd48f2,KWT,C5,modality,uncovered,absent,0,0
630bf8b66fc663fd48f2,KWT,C5,action,uncovered,absent,0,0
630bf8b66fc663fd48f2,KWT,C5,scope,uncovered,absent,0,0
630bf8b66fc663fd48f2,KWT,C5,condition,uncovered,absent,0,0
630bf8b66fc663fd48f2,KWT,C5,exception,uncovered,absent,0,0
630bf8b66fc663fd48f2,KWT,C5,temporal,uncovered,absent,0,0
630bf8b66fc663fd48f2,KWT,C5,consequence,uncovered,absent,0,0
638c0aa45d39cea3f070,OMN,C3,addressee,covered,direct_textual,0,1
638c0aa45d39cea3f070,OMN,C3,modality,weaker_modality,direct_textual,0,1
638c0aa45d39cea3f070,OMN,C3,action,covered,direct_textual,0,1
638c0aa45d39cea3f070,OMN,C3,scope,covered,direct_textual,0,1
638c0aa45d39cea3f070,OMN,C3,condition,narrower,direct_textual,0,1
638c0aa45d39cea3f070,OMN,C3,exception,broader,distributed,0,1
638c0aa45d39cea3f070,OMN,C3,temporal,uncovered,absent,0,0
638c0aa45d39cea3f070,OMN,C3,consequence,covered,absent,0,0
648c786a42f06d94a631,KWT,C5,addressee,uncovered,absent,0,0
648c786a42f06d94a631,KWT,C5,modality,uncovered,absent,0,0
648c786a42f06d94a631,KWT,C5,action,uncovered,absent,0,0
648c786a42f06d94a631,KWT,C5,scope,uncovered,absent,0,0
648c786a42f06d94a631,KWT,C5,condition,uncovered,absent,0,0
648c786a42f06d94a631,KWT,C5,exception,uncovered,absent,0,0
648c786a42f06d94a631,KWT,C5,temporal,uncovered,absent,0,0
648c786a42f06d94a631,KWT,C5,consequence,uncovered,absent,0,0
64c3b5728e8d129d8b42,KSA,C2,addressee,covered,direct_textual,1,1
64c3b5728e8d129d8b42,KSA,C2,modality,uncovered,absent,0,0
64c3b5728e8d129d8b42,KSA,C2,action,uncovered,absent,0,0
64c3b5728e8d129d8b42,KSA,C2,scope,uncovered,absent,0,0
64c3b5728e8d129d8b42,KSA,C2,condition,covered,absent,0,0
64c3b5728e8d129d8b42,KSA,C2,exception,covered,absent,0,0
64c3b5728e8d129d8b42,KSA,C2,temporal,covered,absent,0,0
64c3b5728e8d129d8b42,KSA,C2,consequence,covered,absent,0,0
64dc1425696925f3774e,KSA,C2,addressee,covered,direct_textual,0,1
64dc1425696925f3774e,KSA,C2,modality,covered,direct_textual,0,1
64dc1425696925f3774e,KSA,C2,action,partial,distributed,0,1
64dc1425696925f3774e,KSA,C2,scope,partial,conceptual,0,1
64dc1425696925f3774e,KSA,C2,condition,covered,direct_textual,0,1
64dc1425696925f3774e,KSA,C2,exception,uncovered,absent,0,0
64dc1425696925f3774e,KSA,C2,temporal,covered,direct_textual,0,1
64dc1425696925f3774e,KSA,C2,consequence,uncovered,absent,0,0
6549d4627006a814be99,BHR,C1,addressee,covered,direct_textual,1,1
6549d4627006a814be99,BHR,C1,modality,covered,direct_textual,1,1
6549d4627006a814be99,BHR,C1,action,covered,direct_textual,1,1
6549d4627006a814be99,BHR,C1,scope,covered,direct_textual,1,1
6549d4627006a814be99,BHR,C1,condition,narrower,direct_textual,1,1
6549d4627006a814be99,BHR,C1,exception,narrower,direct_textual,1,1
6549d4627006a814be99,BHR,C1,temporal,covered,direct_textual,1,1
6549d4627006a814be99,BHR,C1,consequence,broader,direct_textual,1,1
654cab930880471f1a9f,UAE,C2,addressee,covered,direct_textual,0,1
654cab930880471f1a9f,UAE,C2,modality,covered,direct_textual,0,1
654cab930880471f1a9f,UAE,C2,action,uncovered,absent,0,0
654cab930880471f1a9f,UAE,C2,scope,covered,direct_textual,0,1
654cab930880471f1a9f,UAE,C2,condition,uncovered,direct_textual,0,1
654cab930880471f1a9f,UAE,C2,exception,partial,direct_textual,0,1
654cab930880471f1a9f,UAE,C2,temporal,broader,direct_textual,0,1
654cab930880471f1a9f,UAE,C2,consequence,covered,absent,0,0
66f23f92aecaef7e04e7,UAE,C1,addressee,covered,direct_textual,0,1
66f23f92aecaef7e04e7,UAE,C1,modality,covered,direct_textual,0,1
66f23f92aecaef7e04e7,UAE,C1,action,covered,direct_textual,0,1
66f23f92aecaef7e04e7,UAE,C1,scope,covered,direct_textual,0,1
66f23f92aecaef7e04e7,UAE,C1,condition,covered,direct_textual,0,1
66f23f92aecaef7e04e7,UAE,C1,exception,covered,absent,0,0
66f23f92aecaef7e04e7,UAE,C1,temporal,broader,direct_textual,0,1
66f23f92aecaef7e04e7,UAE,C1,consequence,covered,absent,0,0
66f67cf2488a0eeb0488,OMN,C3,addressee,partial,direct_textual,0,1
66f67cf2488a0eeb0488,OMN,C3,modality,weaker_modality,conceptual,0,1
66f67cf2488a0eeb0488,OMN,C3,action,covered,direct_textual,0,1
66f67cf2488a0eeb0488,OMN,C3,scope,partial,direct_textual,0,1
66f67cf2488a0eeb0488,OMN,C3,condition,partial,direct_textual,0,1
66f67cf2488a0eeb0488,OMN,C3,exception,uncovered,direct_textual,0,1
66f67cf2488a0eeb0488,OMN,C3,temporal,covered,absent,0,0
66f67cf2488a0eeb0488,OMN,C3,consequence,covered,absent,0,0
678899e3d554110f6dfa,QAT,C2,addressee,covered,direct_textual,0,1
678899e3d554110f6dfa,QAT,C2,modality,covered,direct_textual,0,1
678899e3d554110f6dfa,QAT,C2,action,partial,conceptual,0,1
678899e3d554110f6dfa,QAT,C2,scope,partial,distributed,0,1
678899e3d554110f6dfa,QAT,C2,condition,uncovered,absent,0,0
678899e3d554110f6dfa,QAT,C2,exception,covered,absent,0,0
678899e3d554110f6dfa,QAT,C2,temporal,covered,absent,0,0
678899e3d554110f6dfa,QAT,C2,consequence,covered,absent,0,0
6842f70085ebb99c3a28,QAT,C3,addressee,covered,direct_textual,0,1
6842f70085ebb99c3a28,QAT,C3,modality,weaker_modality,direct_textual,0,1
6842f70085ebb99c3a28,QAT,C3,action,uncovered,absent,0,0
6842f70085ebb99c3a28,QAT,C3,scope,uncovered,absent,0,0
6842f70085ebb99c3a28,QAT,C3,condition,partial,conceptual,0,1
6842f70085ebb99c3a28,QAT,C3,exception,covered,absent,0,0
6842f70085ebb99c3a28,QAT,C3,temporal,covered,absent,0,0
6842f70085ebb99c3a28,QAT,C3,consequence,broader,direct_textual,0,1
68536ca793825c3579c8,UAE,C5,addressee,uncovered,absent,0,0
68536ca793825c3579c8,UAE,C5,modality,uncovered,absent,0,0
68536ca793825c3579c8,UAE,C5,action,uncovered,absent,0,0
68536ca793825c3579c8,UAE,C5,scope,uncovered,absent,0,0
68536ca793825c3579c8,UAE,C5,condition,uncovered,absent,0,0
68536ca793825c3579c8,UAE,C5,exception,uncovered,absent,0,0
68536ca793825c3579c8,UAE,C5,temporal,uncovered,absent,0,0
68536ca793825c3579c8,UAE,C5,consequence,uncovered,absent,0,0
6875fdce1d93dae8f464,QAT,C2,addressee,covered,conceptual,1,1
6875fdce1d93dae8f464,QAT,C2,modality,covered,direct_textual,1,1
6875fdce1d93dae8f464,QAT,C2,action,partial,direct_textual,1,1
6875fdce1d93dae8f464,QAT,C2,scope,uncovered,absent,0,0
6875fdce1d93dae8f464,QAT,C2,condition,narrower,direct_textual,1,1
6875fdce1d93dae8f464,QAT,C2,exception,covered,absent,0,0
6875fdce1d93dae8f464,QAT,C2,temporal,covered,absent,0,0
6875fdce1d93dae8f464,QAT,C2,consequence,covered,absent,0,0
6894935bcd28c2f57842,UAE,C5,addressee,uncovered,absent,0,0
6894935bcd28c2f57842,UAE,C5,modality,uncovered,absent,0,0
6894935bcd28c2f57842,UAE,C5,action,uncovered,absent,0,0
6894935bcd28c2f57842,UAE,C5,scope,uncovered,absent,0,0
6894935bcd28c2f57842,UAE,C5,condition,uncovered,absent,0,0
6894935bcd28c2f57842,UAE,C5,exception,uncovered,absent,0,0
6894935bcd28c2f57842,UAE,C5,temporal,uncovered,absent,0,0
6894935bcd28c2f57842,UAE,C5,consequence,uncovered,absent,0,0
68baaf1f948aef1864db,BHR,C3,addressee,broader,distributed,0,1
68baaf1f948aef1864db,BHR,C3,modality,weaker_modality,distributed,0,1
68baaf1f948aef1864db,BHR,C3,action,covered,direct_textual,0,1
68baaf1f948aef1864db,BHR,C3,scope,partial,distributed,0,1
68baaf1f948aef1864db,BHR,C3,condition,partial,distributed,0,1
68baaf1f948aef1864db,BHR,C3,exception,covered,absent,0,0
68baaf1f948aef1864db,BHR,C3,temporal,covered,absent,0,0
68baaf1f948aef1864db,BHR,C3,consequence,covered,absent,0,0
68c6f1d8bb4ea701e9ad,KWT,C5,addressee,uncovered,direct_textual,1,1
68c6f1d8bb4ea701e9ad,KWT,C5,modality,uncovered,absent,0,0
68c6f1d8bb4ea701e9ad,KWT,C5,action,uncovered,direct_textual,1,1
68c6f1d8bb4ea701e9ad,KWT,C5,scope,uncovered,absent,0,0
68c6f1d8bb4ea701e9ad,KWT,C5,condition,uncovered,absent,0,0
68c6f1d8bb4ea701e9ad,KWT,C5,exception,uncovered,absent,0,0
68c6f1d8bb4ea701e9ad,KWT,C5,temporal,uncovered,absent,0,0
68c6f1d8bb4ea701e9ad,KWT,C5,consequence,uncovered,absent,0,0
68dd577e4f633a29b5af,UAE,C2,addressee,covered,conceptual,0,1
68dd577e4f633a29b5af,UAE,C2,modality,covered,direct_textual,0,1
68dd577e4f633a29b5af,UAE,C2,action,partial,conceptual,0,1
68dd577e4f633a29b5af,UAE,C2,scope,covered,direct_textual,0,1
68dd577e4f633a29b5af,UAE,C2,condition,uncovered,absent,0,1
68dd577e4f633a29b5af,UAE,C2,exception,covered,absent,0,0
68dd577e4f633a29b5af,UAE,C2,temporal,covered,absent,0,0
68dd577e4f633a29b5af,UAE,C2,consequence,covered,absent,0,0
68ea6b57f06037e3642a,QAT,C2,addressee,covered,direct_textual,1,1
68ea6b57f06037e3642a,QAT,C2,modality,covered,direct_textual,1,1
68ea6b57f06037e3642a,QAT,C2,action,uncovered,absent,1,0
68ea6b57f06037e3642a,QAT,C2,scope,covered,direct_textual,1,1
68ea6b57f06037e3642a,QAT,C2,condition,covered,absent,1,0
68ea6b57f06037e3642a,QAT,C2,exception,covered,absent,1,0
68ea6b57f06037e3642a,QAT,C2,temporal,uncovered,absent,1,0
68ea6b57f06037e3642a,QAT,C2,consequence,covered,absent,1,0
69213474f266630e7d2e,KWT,C4,addressee,narrower,conceptual,0,1
69213474f266630e7d2e,KWT,C4,modality,covered,direct_textual,0,1
69213474f266630e7d2e,KWT,C4,action,covered,direct_textual,0,1
69213474f266630e7d2e,KWT,C4,scope,covered,direct_textual,0,1
69213474f266630e7d2e,KWT,C4,condition,covered,direct_textual,0,1
69213474f266630e7d2e,KWT,C4,exception,uncovered,absent,0,0
69213474f266630e7d2e,KWT,C4,temporal,narrower,direct_textual,0,1
69213474f266630e7d2e,KWT,C4,consequence,covered,absent,0,0
69272b07c429fc49bf1c,UAE,C4,addressee,covered,direct_textual,0,1
69272b07c429fc49bf1c,UAE,C4,modality,covered,direct_textual,0,1
69272b07c429fc49bf1c,UAE,C4,action,partial,direct_textual,0,1
69272b07c429fc49bf1c,UAE,C4,scope,broader,direct_textual,0,1
69272b07c429fc49bf1c,UAE,C4,condition,broader,direct_textual,0,1
69272b07c429fc49bf1c,UAE,C4,exception,covered,absent,0,1
69272b07c429fc49bf1c,UAE,C4,temporal,covered,absent,0,1
69272b07c429fc49bf1c,UAE,C4,consequence,broader,direct_textual,0,1
694de8523e73c6e9de25,BHR,C4,addressee,narrower,direct_textual,0,1
694de8523e73c6e9de25,BHR,C4,modality,covered,direct_textual,0,1
694de8523e73c6e9de25,BHR,C4,action,narrower,direct_textual,0,1
694de8523e73c6e9de25,BHR,C4,scope,covered,distributed,0,1
694de8523e73c6e9de25,BHR,C4,condition,narrower,direct_textual,0,1
694de8523e73c6e9de25,BHR,C4,exception,covered,absent,0,0
694de8523e73c6e9de25,BHR,C4,temporal,covered,absent,0,0
694de8523e73c6e9de25,BHR,C4,consequence,covered,absent,0,0
694fdda8aaa61bc10f04,BHR,C2,addressee,uncovered,direct_textual,0,1
694fdda8aaa61bc10f04,BHR,C2,modality,covered,direct_textual,0,1
694fdda8aaa61bc10f04,BHR,C2,action,uncovered,direct_textual,0,1
694fdda8aaa61bc10f04,BHR,C2,scope,partial,distributed,0,1
694fdda8aaa61bc10f04,BHR,C2,condition,uncovered,direct_textual,0,1
694fdda8aaa61bc10f04,BHR,C2,exception,covered,absent,0,0
694fdda8aaa61bc10f04,BHR,C2,temporal,covered,absent,0,0
694fdda8aaa61bc10f04,BHR,C2,consequence,covered,absent,0,0
6979a8b3ae4965aaa6cb,KSA,C2,addressee,covered,direct_textual,1,1
6979a8b3ae4965aaa6cb,KSA,C2,modality,covered,direct_textual,1,1
6979a8b3ae4965aaa6cb,KSA,C2,action,uncovered,absent,0,0
6979a8b3ae4965aaa6cb,KSA,C2,scope,partial,distributed,1,1
6979a8b3ae4965aaa6cb,KSA,C2,condition,uncovered,absent,0,0
6979a8b3ae4965aaa6cb,KSA,C2,exception,covered,absent,0,0
6979a8b3ae4965aaa6cb,KSA,C2,temporal,uncovered,absent,0,0
6979a8b3ae4965aaa6cb,KSA,C2,consequence,covered,absent,0,0
69b58e021830f95887d2,QAT,C5,addressee,uncovered,absent,0,0
69b58e021830f95887d2,QAT,C5,modality,uncovered,absent,0,0
69b58e021830f95887d2,QAT,C5,action,uncovered,absent,0,0
69b58e021830f95887d2,QAT,C5,scope,uncovered,absent,0,0
69b58e021830f95887d2,QAT,C5,condition,uncovered,absent,0,0
69b58e021830f95887d2,QAT,C5,exception,uncovered,absent,0,0
69b58e021830f95887d2,QAT,C5,temporal,uncovered,absent,0,0
69b58e021830f95887d2,QAT,C5,consequence,uncovered,absent,0,0
6a203dbc97051b044d33,OMN,C2,addressee,partial,direct_textual,1,1
6a203dbc97051b044d33,OMN,C2,modality,covered,direct_textual,1,1
6a203dbc97051b044d33,OMN,C2,action,covered,direct_textual,1,1
6a203dbc97051b044d33,OMN,C2,scope,partial,direct_textual,1,1
6a203dbc97051b044d33,OMN,C2,condition,uncovered,absent,0,0
6a203dbc97051b044d33,OMN,C2,exception,uncovered,absent,0,0
6a203dbc97051b044d33,OMN,C2,temporal,uncovered,absent,0,0
6a203dbc97051b044d33,OMN,C2,consequence,uncovered,absent,0,0
6a494d6e002b2eb6891f,KSA,C5,addressee,uncovered,absent,0,0
6a494d6e002b2eb6891f,KSA,C5,modality,uncovered,absent,0,0
6a494d6e002b2eb6891f,KSA,C5,action,uncovered,absent,0,0
6a494d6e002b2eb6891f,KSA,C5,scope,uncovered,absent,0,0
6a494d6e002b2eb6891f,KSA,C5,condition,uncovered,absent,0,0
6a494d6e002b2eb6891f,KSA,C5,exception,covered,absent,0,0
6a494d6e002b2eb6891f,KSA,C5,temporal,covered,absent,0,0
6a494d6e002b2eb6891f,KSA,C5,consequence,covered,absent,0,0
6a58939d7763a7f75783,BHR,C5,addressee,uncovered,absent,0,0
6a58939d7763a7f75783,BHR,C5,modality,uncovered,absent,0,0
6a58939d7763a7f75783,BHR,C5,action,uncovered,absent,0,0
6a58939d7763a7f75783,BHR,C5,scope,uncovered,absent,0,0
6a58939d7763a7f75783,BHR,C5,condition,uncovered,absent,0,0
6a58939d7763a7f75783,BHR,C5,exception,uncovered,absent,0,0
6a58939d7763a7f75783,BHR,C5,temporal,uncovered,absent,0,0
6a58939d7763a7f75783,BHR,C5,consequence,uncovered,absent,0,0
6a624b00ca0fbf0e1a36,QAT,C2,addressee,covered,direct_textual,1,1
6a624b00ca0fbf0e1a36,QAT,C2,modality,covered,direct_textual,1,1
6a624b00ca0fbf0e1a36,QAT,C2,action,partial,conceptual,1,1
6a624b00ca0fbf0e1a36,QAT,C2,scope,covered,direct_textual,1,1
6a624b00ca0fbf0e1a36,QAT,C2,condition,narrower,direct_textual,1,1
6a624b00ca0fbf0e1a36,QAT,C2,exception,uncovered,absent,0,0
6a624b00ca0fbf0e1a36,QAT,C2,temporal,uncovered,absent,0,0
6a624b00ca0fbf0e1a36,QAT,C2,consequence,covered,absent,0,0
6acc001fab7ae67d5cc1,BHR,C2,addressee,partial,conceptual,0,1
6acc001fab7ae67d5cc1,BHR,C2,modality,covered,direct_textual,0,1
6acc001fab7ae67d5cc1,BHR,C2,action,covered,conceptual,0,1
6acc001fab7ae67d5cc1,BHR,C2,scope,partial,direct_textual,0,1
6acc001fab7ae67d5cc1,BHR,C2,condition,partial,direct_textual,0,1
6acc001fab7ae67d5cc1,BHR,C2,exception,narrower,direct_textual,0,1
6acc001fab7ae67d5cc1,BHR,C2,temporal,broader,direct_textual,0,1
6acc001fab7ae67d5cc1,BHR,C2,consequence,covered,absent,0,0
6af2229e2f91a6aac0c2,QAT,C4,addressee,covered,direct_textual,0,1
6af2229e2f91a6aac0c2,QAT,C4,modality,covered,direct_textual,0,1
6af2229e2f91a6aac0c2,QAT,C4,action,covered,direct_textual,0,1
6af2229e2f91a6aac0c2,QAT,C4,scope,narrower,direct_textual,0,1
6af2229e2f91a6aac0c2,QAT,C4,condition,broader,distributed,0,1
6af2229e2f91a6aac0c2,QAT,C4,exception,partial,direct_textual,0,1
6af2229e2f91a6aac0c2,QAT,C4,temporal,covered,absent,0,0
6af2229e2f91a6aac0c2,QAT,C4,consequence,covered,absent,0,0
6af394f25623adb2683f,OMN,C5,addressee,uncovered,absent,0,0
6af394f25623adb2683f,OMN,C5,modality,uncovered,absent,0,0
6af394f25623adb2683f,OMN,C5,action,uncovered,absent,0,0
6af394f25623adb2683f,OMN,C5,scope,uncovered,absent,0,0
6af394f25623adb2683f,OMN,C5,condition,uncovered,absent,0,0
6af394f25623adb2683f,OMN,C5,exception,uncovered,absent,0,0
6af394f25623adb2683f,OMN,C5,temporal,uncovered,absent,0,0
6af394f25623adb2683f,OMN,C5,consequence,uncovered,absent,0,0
6af42ed49c6921bbd552,QAT,C2,addressee,covered,direct_textual,1,1
6af42ed49c6921bbd552,QAT,C2,modality,covered,direct_textual,1,1
6af42ed49c6921bbd552,QAT,C2,action,uncovered,direct_textual,1,1
6af42ed49c6921bbd552,QAT,C2,scope,uncovered,absent,1,0
6af42ed49c6921bbd552,QAT,C2,condition,partial,conceptual,1,1
6af42ed49c6921bbd552,QAT,C2,exception,covered,absent,1,0
6af42ed49c6921bbd552,QAT,C2,temporal,covered,absent,1,0
6af42ed49c6921bbd552,QAT,C2,consequence,broader,direct_textual,1,1
6c10ace17c016a01ce33,OMN,C2,addressee,uncovered,absent,0,0
6c10ace17c016a01ce33,OMN,C2,modality,uncovered,absent,0,0
6c10ace17c016a01ce33,OMN,C2,action,covered,distributed,0,1
6c10ace17c016a01ce33,OMN,C2,scope,uncovered,absent,0,0
6c10ace17c016a01ce33,OMN,C2,condition,covered,absent,0,0
6c10ace17c016a01ce33,OMN,C2,exception,covered,absent,0,0
6c10ace17c016a01ce33,OMN,C2,temporal,covered,absent,0,0
6c10ace17c016a01ce33,OMN,C2,consequence,covered,absent,0,0
6c5aedb2f7f9734477b6,UAE,C5,addressee,uncovered,absent,0,0
6c5aedb2f7f9734477b6,UAE,C5,modality,uncovered,absent,0,0
6c5aedb2f7f9734477b6,UAE,C5,action,uncovered,absent,0,0
6c5aedb2f7f9734477b6,UAE,C5,scope,uncovered,absent,0,0
6c5aedb2f7f9734477b6,UAE,C5,condition,uncovered,absent,0,0
6c5aedb2f7f9734477b6,UAE,C5,exception,uncovered,absent,0,0
6c5aedb2f7f9734477b6,UAE,C5,temporal,uncovered,absent,0,0
6c5aedb2f7f9734477b6,UAE,C5,consequence,uncovered,absent,0,0
6c92f79f3d90e3d86287,KWT,C5,addressee,uncovered,absent,0,0
6c92f79f3d90e3d86287,KWT,C5,modality,uncovered,absent,0,0
6c92f79f3d90e3d86287,KWT,C5,action,uncovered,absent,0,0
6c92f79f3d90e3d86287,KWT,C5,scope,uncovered,absent,0,0
6c92f79f3d90e3d86287,KWT,C5,condition,uncovered,absent,0,0
6c92f79f3d90e3d86287,KWT,C5,exception,uncovered,absent,0,0
6c92f79f3d90e3d86287,KWT,C5,temporal,uncovered,absent,0,0
6c92f79f3d90e3d86287,KWT,C5,consequence,uncovered,absent,0,0
6d956b14386c859de5db,OMN,C3,addressee,covered,direct_textual,1,1
6d956b14386c859de5db,OMN,C3,modality,weaker_modality,direct_textual,1,1
6d956b14386c859de5db,OMN,C3,action,uncovered,absent,1,0
6d956b14386c859de5db,OMN,C3,scope,uncovered,absent,1,0
6d956b14386c859de5db,OMN,C3,condition,narrower,direct_textual,1,1
6d956b14386c859de5db,OMN,C3,exception,covered,absent,1,0
6d956b14386c859de5db,OMN,C3,temporal,narrower,direct_textual,1,1
6d956b14386c859de5db,OMN,C3,consequence,broader,direct_textual,1,1
6e7f92ec349444cc19e2,KSA,C4,addressee,covered,direct_textual,0,1
6e7f92ec349444cc19e2,KSA,C4,modality,covered,direct_textual,0,1
6e7f92ec349444cc19e2,KSA,C4,action,partial,distributed,0,1
6e7f92ec349444cc19e2,KSA,C4,scope,broader,direct_textual,0,1
6e7f92ec349444cc19e2,KSA,C4,condition,broader,direct_textual,0,1
6e7f92ec349444cc19e2,KSA,C4,exception,partial,direct_textual,0,1
6e7f92ec349444cc19e2,KSA,C4,temporal,covered,absent,0,0
6e7f92ec349444cc19e2,KSA,C4,consequence,covered,absent,0,0
6ec774378c6a6bcf97f5,QAT,C5,addressee,uncovered,absent,0,0
6ec774378c6a6bcf97f5,QAT,C5,modality,uncovered,absent,0,0
6ec774378c6a6bcf97f5,QAT,C5,action,uncovered,absent,0,0
6ec774378c6a6bcf97f5,QAT,C5,scope,uncovered,absent,0,0
6ec774378c6a6bcf97f5,QAT,C5,condition,uncovered,absent,0,0
6ec774378c6a6bcf97f5,QAT,C5,exception,covered,absent,0,0
6ec774378c6a6bcf97f5,QAT,C5,temporal,covered,absent,0,0
6ec774378c6a6bcf97f5,QAT,C5,consequence,covered,absent,0,0
6ed3c02e59c09d4e538b,OMN,C2,addressee,covered,direct_textual,1,1
6ed3c02e59c09d4e538b,OMN,C2,modality,covered,direct_textual,1,1
6ed3c02e59c09d4e538b,OMN,C2,action,partial,conceptual,1,1
6ed3c02e59c09d4e538b,OMN,C2,scope,partial,conceptual,1,1
6ed3c02e59c09d4e538b,OMN,C2,condition,covered,absent,0,0
6ed3c02e59c09d4e538b,OMN,C2,exception,covered,absent,0,0
6ed3c02e59c09d4e538b,OMN,C2,temporal,covered,absent,0,0
6ed3c02e59c09d4e538b,OMN,C2,consequence,covered,absent,0,0
6f10612e743f3429753b,BHR,C2,addressee,covered,direct_textual,0,1
6f10612e743f3429753b,BHR,C2,modality,covered,conceptual,0,1
6f10612e743f3429753b,BHR,C2,action,partial,direct_textual,0,1
6f10612e743f3429753b,BHR,C2,scope,partial,distributed,0,1
6f10612e743f3429753b,BHR,C2,condition,broader,direct_textual,0,1
6f10612e743f3429753b,BHR,C2,exception,uncovered,absent,0,1
6f10612e743f3429753b,BHR,C2,temporal,broader,direct_textual,0,1
6f10612e743f3429753b,BHR,C2,consequence,broader,direct_textual,0,1
6f1433eedd1c25ada9f8,KSA,C2,addressee,covered,direct_textual,1,1
6f1433eedd1c25ada9f8,KSA,C2,modality,covered,direct_textual,1,1
6f1433eedd1c25ada9f8,KSA,C2,action,uncovered,absent,1,0
6f1433eedd1c25ada9f8,KSA,C2,scope,covered,direct_textual,1,1
6f1433eedd1c25ada9f8,KSA,C2,condition,narrower,direct_textual,1,1
6f1433eedd1c25ada9f8,KSA,C2,exception,covered,absent,1,0
6f1433eedd1c25ada9f8,KSA,C2,temporal,covered,absent,1,0
6f1433eedd1c25ada9f8,KSA,C2,consequence,covered,absent,1,0
6f259f85ff486b9a53cf,KSA,C2,addressee,covered,direct_textual,1,1
6f259f85ff486b9a53cf,KSA,C2,modality,covered,direct_textual,1,1
6f259f85ff486b9a53cf,KSA,C2,action,partial,distributed,1,1
6f259f85ff486b9a53cf,KSA,C2,scope,partial,direct_textual,1,1
6f259f85ff486b9a53cf,KSA,C2,condition,uncovered,absent,0,0
6f259f85ff486b9a53cf,KSA,C2,exception,weaker_modality,direct_textual,1,1
6f259f85ff486b9a53cf,KSA,C2,temporal,covered,absent,0,0
6f259f85ff486b9a53cf,KSA,C2,consequence,covered,absent,0,0
6f415639318ed93d5086,UAE,C4,addressee,covered,direct_textual,1,1
6f415639318ed93d5086,UAE,C4,modality,covered,direct_textual,1,1
6f415639318ed93d5086,UAE,C4,action,partial,direct_textual,1,1
6f415639318ed93d5086,UAE,C4,scope,narrower,direct_textual,1,1
6f415639318ed93d5086,UAE,C4,condition,uncovered,direct_textual,1,1
6f415639318ed93d5086,UAE,C4,exception,covered,absent,0,0
6f415639318ed93d5086,UAE,C4,temporal,covered,absent,0,0
6f415639318ed93d5086,UAE,C4,consequence,broader,direct_textual,1,1
6f4b2f03e302b90bdc82,BHR,C3,addressee,covered,direct_textual,0,1
6f4b2f03e302b90bdc82,BHR,C3,modality,weaker_modality,direct_textual,0,1
6f4b2f03e302b90bdc82,BHR,C3,action,partial,direct_textual,0,1
6f4b2f03e302b90bdc82,BHR,C3,scope,narrower,distributed,0,1
6f4b2f03e302b90bdc82,BHR,C3,condition,narrower,direct_textual,0,1
6f4b2f03e302b90bdc82,BHR,C3,exception,broader,direct_textual,0,1
6f4b2f03e302b90bdc82,BHR,C3,temporal,broader,direct_textual,0,1
6f4b2f03e302b90bdc82,BHR,C3,consequence,broader,direct_textual,0,1
6f7307590a272f7ba555,BHR,C2,addressee,covered,direct_textual,1,1
6f7307590a272f7ba555,BHR,C2,modality,covered,direct_textual,1,1
6f7307590a272f7ba555,BHR,C2,action,covered,distributed,1,1
6f7307590a272f7ba555,BHR,C2,scope,covered,direct_textual,1,1
6f7307590a272f7ba555,BHR,C2,condition,partial,distributed,1,1
6f7307590a272f7ba555,BHR,C2,exception,covered,absent,0,0
6f7307590a272f7ba555,BHR,C2,temporal,covered,absent,0,0
6f7307590a272f7ba555,BHR,C2,consequence,covered,absent,0,0
6f93b7028d1a968fa70e,QAT,C5,addressee,uncovered,absent,0,0
6f93b7028d1a968fa70e,QAT,C5,modality,uncovered,absent,0,0
6f93b7028d1a968fa70e,QAT,C5,action,uncovered,absent,0,0
6f93b7028d1a968fa70e,QAT,C5,scope,uncovered,absent,0,0
6f93b7028d1a968fa70e,QAT,C5,condition,uncovered,absent,0,0
6f93b7028d1a968fa70e,QAT,C5,exception,uncovered,absent,0,0
6f93b7028d1a968fa70e,QAT,C5,temporal,uncovered,absent,0,0
6f93b7028d1a968fa70e,QAT,C5,consequence,uncovered,absent,0,0
6faa55e396685942b303,OMN,C5,addressee,uncovered,absent,0,0
6faa55e396685942b303,OMN,C5,modality,uncovered,absent,0,0
6faa55e396685942b303,OMN,C5,action,uncovered,absent,0,0
6faa55e396685942b303,OMN,C5,scope,covered,absent,0,0
6faa55e396685942b303,OMN,C5,condition,uncovered,absent,0,0
6faa55e396685942b303,OMN,C5,exception,covered,absent,0,0
6faa55e396685942b303,OMN,C5,temporal,covered,absent,0,0
6faa55e396685942b303,OMN,C5,consequence,covered,absent,0,0
6fc9e6164b2bd8e7f70c,BHR,C4,addressee,uncovered,direct_textual,1,1
6fc9e6164b2bd8e7f70c,BHR,C4,modality,covered,direct_textual,1,1
6fc9e6164b2bd8e7f70c,BHR,C4,action,uncovered,direct_textual,1,1
6fc9e6164b2bd8e7f70c,BHR,C4,scope,broader,direct_textual,1,1
6fc9e6164b2bd8e7f70c,BHR,C4,condition,uncovered,direct_textual,1,1
6fc9e6164b2bd8e7f70c,BHR,C4,exception,covered,absent,1,0
6fc9e6164b2bd8e7f70c,BHR,C4,temporal,uncovered,absent,1,0
6fc9e6164b2bd8e7f70c,BHR,C4,consequence,covered,absent,1,0
6fdfa2445c1643f4290f,OMN,C4,addressee,narrower,direct_textual,1,1
6fdfa2445c1643f4290f,OMN,C4,modality,uncovered,direct_textual,1,1
6fdfa2445c1643f4290f,OMN,C4,action,uncovered,direct_textual,1,1
6fdfa2445c1643f4290f,OMN,C4,scope,covered,absent,0,0
6fdfa2445c1643f4290f,OMN,C4,condition,partial,conceptual,1,1
6fdfa2445c1643f4290f,OMN,C4,exception,covered,absent,0,0
6fdfa2445c1643f4290f,OMN,C4,temporal,covered,absent,0,0
6fdfa2445c1643f4290f,OMN,C4,consequence,covered,absent,0,0
70fc88f8bfc5893439ff,BHR,C3,addressee,covered,direct_textual,1,1
70fc88f8bfc5893439ff,BHR,C3,modality,weaker_modality,direct_textual,1,1
70fc88f8bfc5893439ff,BHR,C3,action,covered,direct_textual,1,1
70fc88f8bfc5893439ff,BHR,C3,scope,covered,direct_textual,1,1
70fc88f8bfc5893439ff,BHR,C3,condition,covered,conceptual,1,1
70fc88f8bfc5893439ff,BHR,C3,exception,narrower,direct_textual,1,1
70fc88f8bfc5893439ff,BHR,C3,temporal,broader,direct_textual,1,1
70fc88f8bfc5893439ff,BHR,C3,consequence,broader,direct_textual,1,1
710d12b20516657f89d0,QAT,C5,addressee,uncovered,absent,0,0
710d12b20516657f89d0,QAT,C5,modality,uncovered,absent,0,0
710d12b20516657f89d0,QAT,C5,action,uncovered,absent,0,0
710d12b20516657f89d0,QAT,C5,scope,uncovered,absent,0,0
710d12b20516657f89d0,QAT,C5,condition,uncovered,absent,0,0
710d12b20516657f89d0,QAT,C5,exception,uncovered,absent,0,0
710d12b20516657f89d0,QAT,C5,temporal,uncovered,absent,0,0
710d12b20516657f89d0,QAT,C5,consequence,uncovered,absent,0,0
7114a3ce4ce0e7ae0a83,KSA,C2,addressee,covered,conceptual,1,1
7114a3ce4ce0e7ae0a83,KSA,C2,modality,covered,direct_textual,1,1
7114a3ce4ce0e7ae0a83,KSA,C2,action,partial,direct_textual,1,1
7114a3ce4ce0e7ae0a83,KSA,C2,scope,uncovered,absent,1,1
7114a3ce4ce0e7ae0a83,KSA,C2,condition,broader,direct_textual,1,1
7114a3ce4ce0e7ae0a83,KSA,C2,exception,broader,direct_textual,1,1
7114a3ce4ce0e7ae0a83,KSA,C2,temporal,covered,absent,0,0
7114a3ce4ce0e7ae0a83,KSA,C2,consequence,covered,absent,0,0
7145b2293a2bcbb02320,BHR,C4,addressee,covered,direct_textual,0,1
7145b2293a2bcbb02320,BHR,C4,modality,covered,direct_textual,0,1
7145b2293a2bcbb02320,BHR,C4,action,covered,direct_textual,0,1
7145b2293a2bcbb02320,BHR,C4,scope,narrower,direct_textual,0,1
7145b2293a2bcbb02320,BHR,C4,condition,covered,direct_textual,0,1
7145b2293a2bcbb02320,BHR,C4,exception,broader,direct_textual,0,1
7145b2293a2bcbb02320,BHR,C4,temporal,uncovered,absent,0,1
7145b2293a2bcbb02320,BHR,C4,consequence,broader,direct_textual,0,1
716c23a323345d103383,OMN,C2,addressee,covered,direct_textual,1,1
716c23a323345d103383,OMN,C2,modality,partial,direct_textual,1,1
716c23a323345d103383,OMN,C2,action,uncovered,direct_textual,1,1
716c23a323345d103383,OMN,C2,scope,uncovered,direct_textual,1,1
716c23a323345d103383,OMN,C2,condition,partial,direct_textual,1,1
716c23a323345d103383,OMN,C2,exception,covered,absent,0,0
716c23a323345d103383,OMN,C2,temporal,covered,absent,0,0
716c23a323345d103383,OMN,C2,consequence,covered,absent,0,0
72824439e7e5aecb5b16,BHR,C2,addressee,uncovered,absent,0,0
72824439e7e5aecb5b16,BHR,C2,modality,uncovered,absent,0,0
72824439e7e5aecb5b16,BHR,C2,action,uncovered,absent,0,0
72824439e7e5aecb5b16,BHR,C2,scope,partial,direct_textual,0,1
72824439e7e5aecb5b16,BHR,C2,condition,covered,absent,0,0
72824439e7e5aecb5b16,BHR,C2,exception,covered,absent,0,0
72824439e7e5aecb5b16,BHR,C2,temporal,covered,absent,0,0
72824439e7e5aecb5b16,BHR,C2,consequence,covered,absent,0,0
7288e45893bb32ca6d04,BHR,C4,addressee,covered,conceptual,0,1
7288e45893bb32ca6d04,BHR,C4,modality,covered,conceptual,0,1
7288e45893bb32ca6d04,BHR,C4,action,narrower,distributed,0,1
7288e45893bb32ca6d04,BHR,C4,scope,narrower,distributed,0,1
7288e45893bb32ca6d04,BHR,C4,condition,uncovered,direct_textual,0,1
7288e45893bb32ca6d04,BHR,C4,exception,covered,absent,0,0
7288e45893bb32ca6d04,BHR,C4,temporal,covered,absent,0,0
7288e45893bb32ca6d04,BHR,C4,consequence,covered,absent,0,0
72f8b128b49589378d54,OMN,C5,addressee,uncovered,absent,0,0
72f8b128b49589378d54,OMN,C5,modality,uncovered,absent,0,0
72f8b128b49589378d54,OMN,C5,action,uncovered,absent,0,0
72f8b128b49589378d54,OMN,C5,scope,uncovered,absent,0,0
72f8b128b49589378d54,OMN,C5,condition,uncovered,absent,0,0
72f8b128b49589378d54,OMN,C5,exception,uncovered,absent,0,0
72f8b128b49589378d54,OMN,C5,temporal,covered,absent,0,0
72f8b128b49589378d54,OMN,C5,consequence,covered,absent,0,0
73807f329c0ae2d8d8d3,KSA,C2,addressee,partial,direct_textual,1,1
73807f329c0ae2d8d8d3,KSA,C2,modality,covered,direct_textual,1,1
73807f329c0ae2d8d8d3,KSA,C2,action,covered,direct_textual,1,1
73807f329c0ae2d8d8d3,KSA,C2,scope,covered,direct_textual,1,1
73807f329c0ae2d8d8d3,KSA,C2,condition,partial,distributed,1,1
73807f329c0ae2d8d8d3,KSA,C2,exception,covered,absent,0,0
73807f329c0ae2d8d8d3,KSA,C2,temporal,covered,absent,0,0
73807f329c0ae2d8d8d3,KSA,C2,consequence,covered,absent,0,0
738d9d8baba824e749e6,KWT,C5,addressee,uncovered,absent,0,0
738d9d8baba824e749e6,KWT,C5,modality,uncovered,absent,0,0
738d9d8baba824e749e6,KWT,C5,action,uncovered,absent,0,0
738d9d8baba824e749e6,KWT,C5,scope,uncovered,absent,0,0
738d9d8baba824e749e6,KWT,C5,condition,uncovered,absent,0,0
738d9d8baba824e749e6,KWT,C5,exception,uncovered,absent,0,0
738d9d8baba824e749e6,KWT,C5,temporal,uncovered,absent,0,0
738d9d8baba824e749e6,KWT,C5,consequence,uncovered,absent,0,0
74a4c43d282d703e8e19,QAT,C1,proposition,covered,direct_textual,0,1
74a4c43d282d703e8e19,QAT,C1,addressee,covered,direct_textual,0,1
74a4c43d282d703e8e19,QAT,C1,modality,covered,direct_textual,0,1
74a4c43d282d703e8e19,QAT,C1,action,broader,direct_textual,0,1
74a4c43d282d703e8e19,QAT,C1,scope,covered,direct_textual,0,1
74a4c43d282d703e8e19,QAT,C1,condition,covered,distributed,0,1
74a4c43d282d703e8e19,QAT,C1,exception,covered,absent,0,0
74a4c43d282d703e8e19,QAT,C1,temporal,broader,direct_textual,0,1
74a4c43d282d703e8e19,QAT,C1,consequence,covered,absent,0,0
74bfcc52f774dfe5f844,QAT,C5,addressee,uncovered,absent,0,0
74bfcc52f774dfe5f844,QAT,C5,modality,uncovered,absent,0,0
74bfcc52f774dfe5f844,QAT,C5,action,uncovered,absent,0,0
74bfcc52f774dfe5f844,QAT,C5,scope,uncovered,absent,0,0
74bfcc52f774dfe5f844,QAT,C5,condition,uncovered,absent,0,0
74bfcc52f774dfe5f844,QAT,C5,exception,uncovered,absent,0,0
74bfcc52f774dfe5f844,QAT,C5,temporal,uncovered,absent,0,0
74bfcc52f774dfe5f844,QAT,C5,consequence,uncovered,absent,0,0
74d2f570918c33dbc17f,OMN,C4,addressee,broader,direct_textual,1,1
74d2f570918c33dbc17f,OMN,C4,modality,covered,direct_textual,1,1
74d2f570918c33dbc17f,OMN,C4,action,partial,distributed,1,1
74d2f570918c33dbc17f,OMN,C4,scope,uncovered,absent,1,0
74d2f570918c33dbc17f,OMN,C4,condition,covered,absent,0,0
74d2f570918c33dbc17f,OMN,C4,exception,covered,absent,0,0
74d2f570918c33dbc17f,OMN,C4,temporal,covered,absent,0,0
74d2f570918c33dbc17f,OMN,C4,consequence,covered,absent,0,0
74dca2cada906b5360bc,BHR,C5,addressee,uncovered,absent,0,0
74dca2cada906b5360bc,BHR,C5,modality,uncovered,absent,0,0
74dca2cada906b5360bc,BHR,C5,action,uncovered,absent,0,0
74dca2cada906b5360bc,BHR,C5,scope,uncovered,absent,0,0
74dca2cada906b5360bc,BHR,C5,condition,uncovered,absent,0,0
74dca2cada906b5360bc,BHR,C5,exception,covered,absent,0,0
74dca2cada906b5360bc,BHR,C5,temporal,covered,absent,0,0
74dca2cada906b5360bc,BHR,C5,consequence,covered,absent,0,0
755a541abe0da3117354,BHR,C2,addressee,covered,direct_textual,1,1
755a541abe0da3117354,BHR,C2,modality,covered,direct_textual,1,1
755a541abe0da3117354,BHR,C2,action,narrower,direct_textual,1,1
755a541abe0da3117354,BHR,C2,scope,partial,conceptual,1,1
755a541abe0da3117354,BHR,C2,condition,uncovered,absent,1,1
755a541abe0da3117354,BHR,C2,exception,covered,absent,0,0
755a541abe0da3117354,BHR,C2,temporal,broader,direct_textual,1,1
755a541abe0da3117354,BHR,C2,consequence,broader,direct_textual,1,1
756e673d95c3e4bbf554,BHR,C2,addressee,covered,direct_textual,1,1
756e673d95c3e4bbf554,BHR,C2,modality,covered,direct_textual,1,1
756e673d95c3e4bbf554,BHR,C2,action,narrower,conceptual,1,1
756e673d95c3e4bbf554,BHR,C2,scope,uncovered,absent,0,0
756e673d95c3e4bbf554,BHR,C2,condition,uncovered,absent,0,0
756e673d95c3e4bbf554,BHR,C2,exception,covered,absent,0,0
756e673d95c3e4bbf554,BHR,C2,temporal,covered,absent,0,0
756e673d95c3e4bbf554,BHR,C2,consequence,covered,absent,0,0
758df563902f4bf75f9c,UAE,C4,addressee,covered,direct_textual,1,1
758df563902f4bf75f9c,UAE,C4,modality,partial,distributed,1,1
758df563902f4bf75f9c,UAE,C4,action,partial,conceptual,1,1
758df563902f4bf75f9c,UAE,C4,scope,broader,direct_textual,1,1
758df563902f4bf75f9c,UAE,C4,condition,uncovered,absent,1,0
758df563902f4bf75f9c,UAE,C4,exception,uncovered,absent,0,0
758df563902f4bf75f9c,UAE,C4,temporal,broader,direct_textual,1,1
758df563902f4bf75f9c,UAE,C4,consequence,covered,absent,0,0
76c4ed9d95e3b5415a98,KWT,C5,addressee,uncovered,absent,0,0
76c4ed9d95e3b5415a98,KWT,C5,modality,uncovered,absent,0,0
76c4ed9d95e3b5415a98,KWT,C5,action,uncovered,absent,0,0
76c4ed9d95e3b5415a98,KWT,C5,scope,covered,absent,0,0
76c4ed9d95e3b5415a98,KWT,C5,condition,uncovered,absent,0,0
76c4ed9d95e3b5415a98,KWT,C5,exception,covered,absent,0,0
76c4ed9d95e3b5415a98,KWT,C5,temporal,covered,absent,0,0
76c4ed9d95e3b5415a98,KWT,C5,consequence,covered,absent,0,0
771e69472ffd752a3cc0,OMN,C3,proposition,partial,direct_textual,0,1
771e69472ffd752a3cc0,OMN,C3,addressee,covered,direct_textual,0,1
771e69472ffd752a3cc0,OMN,C3,modality,weaker_modality,direct_textual,0,1
771e69472ffd752a3cc0,OMN,C3,action,partial,direct_textual,0,1
771e69472ffd752a3cc0,OMN,C3,scope,narrower,direct_textual,0,1
771e69472ffd752a3cc0,OMN,C3,condition,narrower,direct_textual,0,1
771e69472ffd752a3cc0,OMN,C3,exception,covered,absent,0,0
771e69472ffd752a3cc0,OMN,C3,temporal,covered,absent,0,0
771e69472ffd752a3cc0,OMN,C3,consequence,covered,absent,0,0
774ee6b2868e490656a4,KWT,C4,addressee,covered,direct_textual,0,1
774ee6b2868e490656a4,KWT,C4,modality,covered,direct_textual,0,1
774ee6b2868e490656a4,KWT,C4,action,covered,direct_textual,0,1
774ee6b2868e490656a4,KWT,C4,scope,broader,direct_textual,0,1
774ee6b2868e490656a4,KWT,C4,condition,covered,absent,0,0
774ee6b2868e490656a4,KWT,C4,exception,covered,absent,0,0
774ee6b2868e490656a4,KWT,C4,temporal,uncovered,absent,0,1
774ee6b2868e490656a4,KWT,C4,consequence,covered,absent,0,0
77862b071bcca4bd7b2c,BHR,C4,addressee,narrower,direct_textual,1,1
77862b071bcca4bd7b2c,BHR,C4,modality,covered,direct_textual,1,1
77862b071bcca4bd7b2c,BHR,C4,action,covered,conceptual,1,1
77862b071bcca4bd7b2c,BHR,C4,scope,covered,direct_textual,1,1
77862b071bcca4bd7b2c,BHR,C4,condition,partial,distributed,1,1
77862b071bcca4bd7b2c,BHR,C4,exception,uncovered,absent,1,0
77862b071bcca4bd7b2c,BHR,C4,temporal,covered,absent,0,0
77862b071bcca4bd7b2c,BHR,C4,consequence,covered,absent,1,0
778850f893e9c2a60700,BHR,C2,addressee,covered,direct_textual,0,1
778850f893e9c2a60700,BHR,C2,modality,covered,direct_textual,0,1
778850f893e9c2a60700,BHR,C2,action,uncovered,absent,0,0
778850f893e9c2a60700,BHR,C2,scope,uncovered,absent,0,0
778850f893e9c2a60700,BHR,C2,condition,covered,absent,0,0
778850f893e9c2a60700,BHR,C2,exception,covered,absent,0,0
778850f893e9c2a60700,BHR,C2,temporal,covered,absent,0,0
778850f893e9c2a60700,BHR,C2,consequence,covered,absent,0,0
77acd9b06054de1629ea,BHR,C3,addressee,covered,direct_textual,0,1
77acd9b06054de1629ea,BHR,C3,modality,weaker_modality,direct_textual,0,1
77acd9b06054de1629ea,BHR,C3,action,partial,conceptual,0,1
77acd9b06054de1629ea,BHR,C3,scope,broader,direct_textual,0,1
77acd9b06054de1629ea,BHR,C3,condition,narrower,direct_textual,0,1
77acd9b06054de1629ea,BHR,C3,exception,covered,absent,0,0
77acd9b06054de1629ea,BHR,C3,temporal,covered,absent,0,0
77acd9b06054de1629ea,BHR,C3,consequence,covered,absent,0,0
786f77a4f8c6d66971d6,OMN,C2,addressee,covered,direct_textual,0,1
786f77a4f8c6d66971d6,OMN,C2,modality,covered,direct_textual,0,1
786f77a4f8c6d66971d6,OMN,C2,action,covered,direct_textual,0,1
786f77a4f8c6d66971d6,OMN,C2,scope,covered,distributed,0,1
786f77a4f8c6d66971d6,OMN,C2,condition,uncovered,absent,0,0
786f77a4f8c6d66971d6,OMN,C2,temporal,narrower,direct_textual,0,1
786f77a4f8c6d66971d6,OMN,C2,exception,covered,absent,0,0
786f77a4f8c6d66971d6,OMN,C2,consequence,covered,absent,0,0
787cfa8f5c43ae32bb57,BHR,C1,addressee,covered,direct_textual,0,1
787cfa8f5c43ae32bb57,BHR,C1,modality,covered,direct_textual,0,1
787cfa8f5c43ae32bb57,BHR,C1,action,covered,distributed,0,1
787cfa8f5c43ae32bb57,BHR,C1,scope,covered,distributed,0,1
787cfa8f5c43ae32bb57,BHR,C1,condition,covered,distributed,0,1
787cfa8f5c43ae32bb57,BHR,C1,exception,covered,absent,0,0
787cfa8f5c43ae32bb57,BHR,C1,temporal,covered,direct_textual,0,1
787cfa8f5c43ae32bb57,BHR,C1,consequence,covered,absent,0,0
79232f0941cc0eebc4ee,BHR,C2,addressee,covered,absent,0,0
79232f0941cc0eebc4ee,BHR,C2,modality,uncovered,absent,0,0
79232f0941cc0eebc4ee,BHR,C2,action,uncovered,absent,0,0
79232f0941cc0eebc4ee,BHR,C2,scope,uncovered,absent,0,0
79232f0941cc0eebc4ee,BHR,C2,condition,uncovered,absent,0,1
79232f0941cc0eebc4ee,BHR,C2,exception,uncovered,absent,0,0
79232f0941cc0eebc4ee,BHR,C2,temporal,covered,absent,0,0
79232f0941cc0eebc4ee,BHR,C2,consequence,covered,absent,0,0
7954f59b219a3d0de4de,QAT,C4,addressee,narrower,direct_textual,0,1
7954f59b219a3d0de4de,QAT,C4,modality,broader,conceptual,0,1
7954f59b219a3d0de4de,QAT,C4,action,covered,direct_textual,0,1
7954f59b219a3d0de4de,QAT,C4,scope,covered,conceptual,0,1
7954f59b219a3d0de4de,QAT,C4,condition,broader,direct_textual,0,1
7954f59b219a3d0de4de,QAT,C4,exception,uncovered,absent,0,0
7954f59b219a3d0de4de,QAT,C4,temporal,covered,absent,0,0
7954f59b219a3d0de4de,QAT,C4,consequence,covered,absent,0,0
797e01623d627a6bbff5,OMN,C5,addressee,uncovered,absent,0,0
797e01623d627a6bbff5,OMN,C5,modality,uncovered,absent,0,0
797e01623d627a6bbff5,OMN,C5,action,uncovered,absent,0,0
797e01623d627a6bbff5,OMN,C5,scope,uncovered,absent,0,0
797e01623d627a6bbff5,OMN,C5,condition,uncovered,absent,0,0
797e01623d627a6bbff5,OMN,C5,exception,uncovered,absent,0,0
797e01623d627a6bbff5,OMN,C5,temporal,uncovered,absent,0,0
797e01623d627a6bbff5,OMN,C5,consequence,uncovered,absent,0,0
79a3847e06a1da9c371d,OMN,C2,addressee,covered,direct_textual,1,1
79a3847e06a1da9c371d,OMN,C2,modality,covered,direct_textual,1,1
79a3847e06a1da9c371d,OMN,C2,action,partial,direct_textual,1,1
79a3847e06a1da9c371d,OMN,C2,scope,covered,direct_textual,1,1
79a3847e06a1da9c371d,OMN,C2,condition,uncovered,absent,0,0
79a3847e06a1da9c371d,OMN,C2,exception,covered,absent,0,0
79a3847e06a1da9c371d,OMN,C2,temporal,covered,absent,0,0
79a3847e06a1da9c371d,OMN,C2,consequence,covered,absent,0,0
79d7bf73a07e2b9dface,UAE,C4,addressee,broader,direct_textual,0,1
79d7bf73a07e2b9dface,UAE,C4,modality,covered,direct_textual,0,1
79d7bf73a07e2b9dface,UAE,C4,action,covered,direct_textual,0,1
79d7bf73a07e2b9dface,UAE,C4,scope,covered,absent,0,0
79d7bf73a07e2b9dface,UAE,C4,condition,narrower,direct_textual,0,1
79d7bf73a07e2b9dface,UAE,C4,exception,broader,distributed,0,1
79d7bf73a07e2b9dface,UAE,C4,temporal,covered,absent,0,0
79d7bf73a07e2b9dface,UAE,C4,consequence,covered,absent,0,0
79f546de93626119dd13,KSA,C1,addressee,covered,direct_textual,1,1
79f546de93626119dd13,KSA,C1,modality,covered,direct_textual,1,1
79f546de93626119dd13,KSA,C1,action,covered,direct_textual,1,1
79f546de93626119dd13,KSA,C1,scope,covered,direct_textual,1,1
79f546de93626119dd13,KSA,C1,condition,covered,direct_textual,1,1
79f546de93626119dd13,KSA,C1,exception,narrower,distributed,1,1
79f546de93626119dd13,KSA,C1,temporal,covered,absent,0,0
79f546de93626119dd13,KSA,C1,consequence,covered,absent,0,0
7a0dd1ed924f7f709d08,KSA,C1,addressee,covered,direct_textual,1,1
7a0dd1ed924f7f709d08,KSA,C1,modality,covered,direct_textual,1,1
7a0dd1ed924f7f709d08,KSA,C1,action,covered,direct_textual,1,1
7a0dd1ed924f7f709d08,KSA,C1,scope,covered,direct_textual,1,1
7a0dd1ed924f7f709d08,KSA,C1,condition,broader,absent,1,1
7a0dd1ed924f7f709d08,KSA,C1,exception,covered,absent,1,1
7a0dd1ed924f7f709d08,KSA,C1,temporal,covered,absent,1,1
7a0dd1ed924f7f709d08,KSA,C1,consequence,covered,absent,1,1
7a625a376cf37b89eb46,KSA,C1,addressee,covered,direct_textual,0,1
7a625a376cf37b89eb46,KSA,C1,modality,broader,direct_textual,0,1
7a625a376cf37b89eb46,KSA,C1,action,covered,distributed,0,1
7a625a376cf37b89eb46,KSA,C1,scope,covered,distributed,0,1
7a625a376cf37b89eb46,KSA,C1,condition,narrower,direct_textual,0,1
7a625a376cf37b89eb46,KSA,C1,exception,covered,absent,0,0
7a625a376cf37b89eb46,KSA,C1,temporal,covered,absent,0,0
7a625a376cf37b89eb46,KSA,C1,consequence,covered,absent,0,0
7ab6321e4d2796f9a80d,UAE,C2,addressee,covered,direct_textual,0,1
7ab6321e4d2796f9a80d,UAE,C2,modality,covered,direct_textual,0,1
7ab6321e4d2796f9a80d,UAE,C2,action,uncovered,absent,0,0
7ab6321e4d2796f9a80d,UAE,C2,scope,uncovered,absent,0,0
7ab6321e4d2796f9a80d,UAE,C2,condition,uncovered,absent,0,0
7ab6321e4d2796f9a80d,UAE,C2,exception,uncovered,absent,0,0
7ab6321e4d2796f9a80d,UAE,C2,temporal,covered,absent,0,0
7ab6321e4d2796f9a80d,UAE,C2,consequence,covered,absent,0,0
7add62f8e02e0c633a0d,UAE,C5,addressee,uncovered,absent,0,0
7add62f8e02e0c633a0d,UAE,C5,modality,uncovered,absent,0,0
7add62f8e02e0c633a0d,UAE,C5,action,uncovered,absent,0,0
7add62f8e02e0c633a0d,UAE,C5,scope,uncovered,absent,0,0
7add62f8e02e0c633a0d,UAE,C5,condition,uncovered,absent,0,0
7add62f8e02e0c633a0d,UAE,C5,exception,uncovered,absent,0,0
7add62f8e02e0c633a0d,UAE,C5,temporal,uncovered,absent,0,0
7add62f8e02e0c633a0d,UAE,C5,consequence,uncovered,absent,0,0
7c2bf0474a4240ebb2e7,BHR,C4,addressee,covered,direct_textual,1,1
7c2bf0474a4240ebb2e7,BHR,C4,modality,covered,direct_textual,1,1
7c2bf0474a4240ebb2e7,BHR,C4,action,uncovered,absent,1,1
7c2bf0474a4240ebb2e7,BHR,C4,scope,narrower,direct_textual,1,1
7c2bf0474a4240ebb2e7,BHR,C4,condition,uncovered,absent,1,1
7c2bf0474a4240ebb2e7,BHR,C4,exception,broader,direct_textual,1,1
7c2bf0474a4240ebb2e7,BHR,C4,temporal,covered,direct_textual,1,1
7c2bf0474a4240ebb2e7,BHR,C4,consequence,broader,direct_textual,1,1
7c42c68a03e649748f5e,KWT,C2,addressee,covered,conceptual,0,1
7c42c68a03e649748f5e,KWT,C2,modality,covered,direct_textual,0,1
7c42c68a03e649748f5e,KWT,C2,action,uncovered,absent,0,0
7c42c68a03e649748f5e,KWT,C2,scope,uncovered,absent,0,0
7c42c68a03e649748f5e,KWT,C2,condition,covered,absent,0,0
7c42c68a03e649748f5e,KWT,C2,exception,covered,absent,0,0
7c42c68a03e649748f5e,KWT,C2,temporal,covered,absent,0,0
7c42c68a03e649748f5e,KWT,C2,consequence,covered,absent,0,0
7c8ee9e72f7aed790373,KWT,C2,addressee,covered,conceptual,0,1
7c8ee9e72f7aed790373,KWT,C2,modality,covered,direct_textual,0,1
7c8ee9e72f7aed790373,KWT,C2,action,narrower,distributed,0,1
7c8ee9e72f7aed790373,KWT,C2,scope,uncovered,absent,0,0
7c8ee9e72f7aed790373,KWT,C2,condition,partial,direct_textual,0,1
7c8ee9e72f7aed790373,KWT,C2,exception,covered,absent,0,0
7c8ee9e72f7aed790373,KWT,C2,temporal,covered,absent,0,0
7c8ee9e72f7aed790373,KWT,C2,consequence,covered,absent,0,0
7cb043f15dde0119406a,KSA,C4,addressee,covered,direct_textual,1,1
7cb043f15dde0119406a,KSA,C4,modality,covered,direct_textual,1,1
7cb043f15dde0119406a,KSA,C4,action,narrower,distributed,1,1
7cb043f15dde0119406a,KSA,C4,scope,narrower,distributed,1,1
7cb043f15dde0119406a,KSA,C4,condition,covered,direct_textual,1,1
7cb043f15dde0119406a,KSA,C4,exception,covered,absent,0,0
7cb043f15dde0119406a,KSA,C4,temporal,covered,direct_textual,1,1
7cb043f15dde0119406a,KSA,C4,consequence,broader,direct_textual,1,1
7cb65a3aa0e68a9ef74d,KSA,C2,addressee,covered,direct_textual,1,1
7cb65a3aa0e68a9ef74d,KSA,C2,modality,uncovered,absent,0,0
7cb65a3aa0e68a9ef74d,KSA,C2,action,uncovered,absent,0,0
7cb65a3aa0e68a9ef74d,KSA,C2,scope,covered,direct_textual,1,1
7cb65a3aa0e68a9ef74d,KSA,C2,condition,covered,absent,0,0
7cb65a3aa0e68a9ef74d,KSA,C2,exception,covered,absent,0,0
7cb65a3aa0e68a9ef74d,KSA,C2,temporal,covered,absent,0,0
7cb65a3aa0e68a9ef74d,KSA,C2,consequence,covered,absent,0,0
7cd418fc273595d084cb,KSA,C4,addressee,covered,direct_textual,0,1
7cd418fc273595d084cb,KSA,C4,modality,uncovered,absent,0,0
7cd418fc273595d084cb,KSA,C4,action,uncovered,absent,0,0
7cd418fc273595d084cb,KSA,C4,scope,broader,direct_textual,0,1
7cd418fc273595d084cb,KSA,C4,condition,covered,absent,0,0
7cd418fc273595d084cb,KSA,C4,exception,covered,absent,0,0
7cd418fc273595d084cb,KSA,C4,temporal,covered,absent,0,0
7cd418fc273595d084cb,KSA,C4,consequence,covered,absent,0,0
7d0d8a8125d6b53a2fde,UAE,C1,addressee,covered,distributed,0,1
7d0d8a8125d6b53a2fde,UAE,C1,modality,covered,direct_textual,0,1
7d0d8a8125d6b53a2fde,UAE,C1,action,narrower,direct_textual,0,1
7d0d8a8125d6b53a2fde,UAE,C1,scope,covered,direct_textual,0,1
7d0d8a8125d6b53a2fde,UAE,C1,condition,covered,distributed,0,1
7d0d8a8125d6b53a2fde,UAE,C1,exception,covered,direct_textual,0,1
7d0d8a8125d6b53a2fde,UAE,C1,temporal,covered,absent,0,0
7d0d8a8125d6b53a2fde,UAE,C1,consequence,covered,absent,0,0
7d701de0e0f82ed47d19,KSA,C5,addressee,uncovered,absent,0,0
7d701de0e0f82ed47d19,KSA,C5,modality,uncovered,absent,0,0
7d701de0e0f82ed47d19,KSA,C5,action,uncovered,absent,0,0
7d701de0e0f82ed47d19,KSA,C5,scope,uncovered,absent,0,0
7d701de0e0f82ed47d19,KSA,C5,condition,uncovered,absent,0,0
7d701de0e0f82ed47d19,KSA,C5,exception,covered,absent,0,0
7d701de0e0f82ed47d19,KSA,C5,temporal,covered,absent,0,0
7d701de0e0f82ed47d19,KSA,C5,consequence,covered,absent,0,0
7e0a08955362f8fe0fb1,OMN,C4,addressee,covered,conceptual,0,1
7e0a08955362f8fe0fb1,OMN,C4,modality,covered,direct_textual,0,1
7e0a08955362f8fe0fb1,OMN,C4,action,covered,direct_textual,0,1
7e0a08955362f8fe0fb1,OMN,C4,scope,narrower,distributed,0,1
7e0a08955362f8fe0fb1,OMN,C4,condition,partial,conceptual,0,1
7e0a08955362f8fe0fb1,OMN,C4,exception,covered,absent,0,0
7e0a08955362f8fe0fb1,OMN,C4,temporal,covered,absent,0,0
7e0a08955362f8fe0fb1,OMN,C4,consequence,covered,absent,0,0
7e2d2ad8fcc9331d0604,OMN,C2,addressee,covered,conceptual,1,1
7e2d2ad8fcc9331d0604,OMN,C2,modality,covered,direct_textual,1,1
7e2d2ad8fcc9331d0604,OMN,C2,action,partial,direct_textual,1,1
7e2d2ad8fcc9331d0604,OMN,C2,scope,uncovered,absent,0,0
7e2d2ad8fcc9331d0604,OMN,C2,condition,uncovered,absent,0,0
7e2d2ad8fcc9331d0604,OMN,C2,exception,covered,absent,0,0
7e2d2ad8fcc9331d0604,OMN,C2,temporal,covered,absent,0,0
7e2d2ad8fcc9331d0604,OMN,C2,consequence,covered,absent,0,0
7e58c338270b9fcd176c,BHR,C1,addressee,covered,direct_textual,1,1
7e58c338270b9fcd176c,BHR,C1,modality,covered,conceptual,1,1
7e58c338270b9fcd176c,BHR,C1,action,covered,conceptual,1,1
7e58c338270b9fcd176c,BHR,C1,scope,covered,direct_textual,1,1
7e58c338270b9fcd176c,BHR,C1,condition,broader,direct_textual,1,1
7e58c338270b9fcd176c,BHR,C1,exception,covered,absent,1,0
7e58c338270b9fcd176c,BHR,C1,temporal,covered,absent,1,0
7e58c338270b9fcd176c,BHR,C1,consequence,covered,absent,1,0
7ea3fb706504fcfaec49,UAE,C4,addressee,covered,distributed,0,1
7ea3fb706504fcfaec49,UAE,C4,modality,covered,direct_textual,0,1
7ea3fb706504fcfaec49,UAE,C4,action,narrower,direct_textual,0,1
7ea3fb706504fcfaec49,UAE,C4,scope,narrower,direct_textual,0,1
7ea3fb706504fcfaec49,UAE,C4,condition,narrower,direct_textual,0,1
7ea3fb706504fcfaec49,UAE,C4,exception,covered,absent,0,0
7ea3fb706504fcfaec49,UAE,C4,temporal,covered,absent,0,0
7ea3fb706504fcfaec49,UAE,C4,consequence,covered,absent,0,0
7eebc8b0bd8ba7f61c7d,QAT,C3,addressee,covered,conceptual,1,1
7eebc8b0bd8ba7f61c7d,QAT,C3,modality,weaker_modality,direct_textual,1,1
7eebc8b0bd8ba7f61c7d,QAT,C3,action,partial,direct_textual,1,1
7eebc8b0bd8ba7f61c7d,QAT,C3,scope,narrower,direct_textual,1,1
7eebc8b0bd8ba7f61c7d,QAT,C3,condition,covered,absent,0,0
7eebc8b0bd8ba7f61c7d,QAT,C3,exception,covered,absent,0,0
7eebc8b0bd8ba7f61c7d,QAT,C3,temporal,uncovered,absent,0,0
7eebc8b0bd8ba7f61c7d,QAT,C3,consequence,covered,absent,0,0
7f6ccdd29f7baec7c302,OMN,C2,addressee,covered,direct_textual,1,1
7f6ccdd29f7baec7c302,OMN,C2,modality,covered,direct_textual,1,1
7f6ccdd29f7baec7c302,OMN,C2,action,uncovered,absent,1,0
7f6ccdd29f7baec7c302,OMN,C2,scope,uncovered,absent,1,0
7f6ccdd29f7baec7c302,OMN,C2,condition,narrower,direct_textual,1,1
7f6ccdd29f7baec7c302,OMN,C2,exception,broader,direct_textual,1,1
7f6ccdd29f7baec7c302,OMN,C2,temporal,covered,absent,0,0
7f6ccdd29f7baec7c302,OMN,C2,consequence,covered,absent,0,0
7fc64848fd351b8e5af5,OMN,C4,addressee,covered,direct_textual,0,1
7fc64848fd351b8e5af5,OMN,C4,modality,covered,direct_textual,0,1
7fc64848fd351b8e5af5,OMN,C4,action,covered,direct_textual,0,1
7fc64848fd351b8e5af5,OMN,C4,scope,broader,conceptual,0,1
7fc64848fd351b8e5af5,OMN,C4,condition,broader,absent,0,0
7fc64848fd351b8e5af5,OMN,C4,exception,covered,absent,0,0
7fc64848fd351b8e5af5,OMN,C4,temporal,covered,absent,0,0
7fc64848fd351b8e5af5,OMN,C4,consequence,covered,absent,0,0
8096a16d58615070236b,QAT,C4,addressee,covered,direct_textual,1,1
8096a16d58615070236b,QAT,C4,modality,covered,direct_textual,1,1
8096a16d58615070236b,QAT,C4,action,partial,distributed,1,1
8096a16d58615070236b,QAT,C4,scope,broader,direct_textual,1,1
8096a16d58615070236b,QAT,C4,condition,narrower,direct_textual,1,1
8096a16d58615070236b,QAT,C4,exception,covered,absent,0,0
8096a16d58615070236b,QAT,C4,temporal,covered,absent,0,0
8096a16d58615070236b,QAT,C4,consequence,covered,absent,0,0
80acba51ea0a6c3686a0,BHR,C3,addressee,covered,direct_textual,1,1
80acba51ea0a6c3686a0,BHR,C3,modality,weaker_modality,distributed,1,1
80acba51ea0a6c3686a0,BHR,C3,action,covered,direct_textual,1,1
80acba51ea0a6c3686a0,BHR,C3,scope,covered,direct_textual,1,1
80acba51ea0a6c3686a0,BHR,C3,condition,partial,distributed,1,1
80acba51ea0a6c3686a0,BHR,C3,exception,covered,direct_textual,1,1
80acba51ea0a6c3686a0,BHR,C3,temporal,partial,direct_textual,1,1
80acba51ea0a6c3686a0,BHR,C3,consequence,covered,absent,1,0
80dce71399d1ca159648,BHR,C4,addressee,covered,direct_textual,1,1
80dce71399d1ca159648,BHR,C4,modality,covered,direct_textual,1,1
80dce71399d1ca159648,BHR,C4,action,narrower,direct_textual,1,1
80dce71399d1ca159648,BHR,C4,scope,broader,direct_textual,1,1
80dce71399d1ca159648,BHR,C4,condition,partial,direct_textual,1,1
80dce71399d1ca159648,BHR,C4,exception,covered,absent,0,0
80dce71399d1ca159648,BHR,C4,temporal,covered,absent,0,0
80dce71399d1ca159648,BHR,C4,consequence,covered,absent,0,0
815a4ebf8eab435d40f9,KSA,C2,addressee,covered,direct_textual,1,1
815a4ebf8eab435d40f9,KSA,C2,modality,covered,direct_textual,1,1
815a4ebf8eab435d40f9,KSA,C2,action,partial,distributed,1,1
815a4ebf8eab435d40f9,KSA,C2,scope,uncovered,absent,0,0
815a4ebf8eab435d40f9,KSA,C2,condition,uncovered,conceptual,1,1
815a4ebf8eab435d40f9,KSA,C2,exception,covered,absent,1,0
815a4ebf8eab435d40f9,KSA,C2,temporal,uncovered,absent,0,0
815a4ebf8eab435d40f9,KSA,C2,consequence,covered,absent,1,0
81688c7007490debd49a,KSA,C2,addressee,uncovered,direct_textual,1,1
81688c7007490debd49a,KSA,C2,modality,covered,conceptual,1,1
81688c7007490debd49a,KSA,C2,action,partial,direct_textual,1,1
81688c7007490debd49a,KSA,C2,scope,partial,distributed,1,1
81688c7007490debd49a,KSA,C2,condition,uncovered,direct_textual,1,1
81688c7007490debd49a,KSA,C2,exception,broader,direct_textual,1,1
81688c7007490debd49a,KSA,C2,temporal,covered,absent,0,0
81688c7007490debd49a,KSA,C2,consequence,covered,absent,0,0
819c0c0c759c4e3ae8e6,OMN,C2,addressee,uncovered,absent,0,0
819c0c0c759c4e3ae8e6,OMN,C2,modality,uncovered,absent,0,0
819c0c0c759c4e3ae8e6,OMN,C2,action,uncovered,absent,0,0
819c0c0c759c4e3ae8e6,OMN,C2,scope,covered,absent,0,0
819c0c0c759c4e3ae8e6,OMN,C2,condition,covered,absent,0,0
819c0c0c759c4e3ae8e6,OMN,C2,exception,covered,absent,0,0
819c0c0c759c4e3ae8e6,OMN,C2,temporal,covered,absent,0,0
819c0c0c759c4e3ae8e6,OMN,C2,consequence,covered,absent,0,0
81a47fbc417c6e70dfe6,BHR,C4,addressee,covered,direct_textual,0,1
81a47fbc417c6e70dfe6,BHR,C4,modality,covered,direct_textual,0,1
81a47fbc417c6e70dfe6,BHR,C4,action,partial,distributed,0,1
81a47fbc417c6e70dfe6,BHR,C4,scope,narrower,direct_textual,0,1
81a47fbc417c6e70dfe6,BHR,C4,condition,uncovered,absent,0,0
81a47fbc417c6e70dfe6,BHR,C4,exception,covered,absent,0,0
81a47fbc417c6e70dfe6,BHR,C4,temporal,broader,direct_textual,0,1
81a47fbc417c6e70dfe6,BHR,C4,consequence,covered,absent,0,0
82bd3f57dd7d4a32c0f5,UAE,C4,addressee,covered,direct_textual,1,1
82bd3f57dd7d4a32c0f5,UAE,C4,modality,covered,direct_textual,1,1
82bd3f57dd7d4a32c0f5,UAE,C4,action,partial,distributed,1,1
82bd3f57dd7d4a32c0f5,UAE,C4,scope,broader,direct_textual,1,1
82bd3f57dd7d4a32c0f5,UAE,C4,condition,covered,absent,0,0
82bd3f57dd7d4a32c0f5,UAE,C4,exception,covered,absent,0,0
82bd3f57dd7d4a32c0f5,UAE,C4,temporal,covered,absent,0,0
82bd3f57dd7d4a32c0f5,UAE,C4,consequence,covered,absent,0,0
82d4cfb10d1f032d582d,BHR,C5,addressee,uncovered,absent,0,0
82d4cfb10d1f032d582d,BHR,C5,modality,uncovered,absent,0,0
82d4cfb10d1f032d582d,BHR,C5,action,uncovered,absent,0,0
82d4cfb10d1f032d582d,BHR,C5,scope,uncovered,absent,0,0
82d4cfb10d1f032d582d,BHR,C5,condition,uncovered,absent,0,0
82d4cfb10d1f032d582d,BHR,C5,exception,uncovered,absent,0,0
82d4cfb10d1f032d582d,BHR,C5,temporal,covered,absent,0,0
82d4cfb10d1f032d582d,BHR,C5,consequence,covered,absent,0,0
834f902c322713b0d93d,BHR,C5,addressee,uncovered,absent,0,0
834f902c322713b0d93d,BHR,C5,modality,uncovered,absent,0,0
834f902c322713b0d93d,BHR,C5,action,uncovered,absent,0,0
834f902c322713b0d93d,BHR,C5,scope,uncovered,absent,0,0
834f902c322713b0d93d,BHR,C5,condition,uncovered,absent,0,0
834f902c322713b0d93d,BHR,C5,exception,uncovered,absent,0,0
834f902c322713b0d93d,BHR,C5,temporal,uncovered,absent,0,0
834f902c322713b0d93d,BHR,C5,consequence,uncovered,absent,0,0
836ae29770834990ae8c,UAE,C1,addressee,covered,direct_textual,0,1
836ae29770834990ae8c,UAE,C1,modality,covered,direct_textual,0,1
836ae29770834990ae8c,UAE,C1,action,covered,distributed,0,1
836ae29770834990ae8c,UAE,C1,scope,covered,distributed,0,1
836ae29770834990ae8c,UAE,C1,condition,narrower,conceptual,0,1
836ae29770834990ae8c,UAE,C1,exception,covered,absent,0,0
836ae29770834990ae8c,UAE,C1,temporal,covered,absent,0,0
836ae29770834990ae8c,UAE,C1,consequence,covered,absent,0,0
83b175c0c24a930fbf29,BHR,C2,addressee,uncovered,direct_textual,1,1
83b175c0c24a930fbf29,BHR,C2,modality,uncovered,direct_textual,1,1
83b175c0c24a930fbf29,BHR,C2,action,uncovered,direct_textual,1,1
83b175c0c24a930fbf29,BHR,C2,scope,uncovered,direct_textual,1,1
83b175c0c24a930fbf29,BHR,C2,condition,narrower,direct_textual,1,1
83b175c0c24a930fbf29,BHR,C2,exception,uncovered,absent,1,0
83b175c0c24a930fbf29,BHR,C2,temporal,uncovered,direct_textual,1,1
83b175c0c24a930fbf29,BHR,C2,consequence,covered,absent,1,0
83b4936d4864af6ee34d,KSA,C2,addressee,covered,direct_textual,0,1
83b4936d4864af6ee34d,KSA,C2,modality,covered,direct_textual,0,1
83b4936d4864af6ee34d,KSA,C2,action,covered,distributed,0,1
83b4936d4864af6ee34d,KSA,C2,scope,covered,direct_textual,0,1
83b4936d4864af6ee34d,KSA,C2,condition,partial,distributed,0,1
83b4936d4864af6ee34d,KSA,C2,exception,covered,absent,0,0
83b4936d4864af6ee34d,KSA,C2,temporal,covered,absent,0,0
83b4936d4864af6ee34d,KSA,C2,consequence,covered,absent,0,0
84b79792356e3080b48b,KWT,C4,addressee,narrower,direct_textual,0,1
84b79792356e3080b48b,KWT,C4,modality,covered,direct_textual,0,1
84b79792356e3080b48b,KWT,C4,action,covered,direct_textual,0,1
84b79792356e3080b48b,KWT,C4,scope,narrower,direct_textual,0,1
84b79792356e3080b48b,KWT,C4,condition,uncovered,absent,0,0
84b79792356e3080b48b,KWT,C4,exception,narrower,direct_textual,0,1
84b79792356e3080b48b,KWT,C4,temporal,broader,direct_textual,0,1
84b79792356e3080b48b,KWT,C4,consequence,broader,direct_textual,0,1
84c0d10fcabbb6ddd4d3,KWT,C5,addressee,uncovered,absent,0,0
84c0d10fcabbb6ddd4d3,KWT,C5,modality,uncovered,absent,0,0
84c0d10fcabbb6ddd4d3,KWT,C5,action,uncovered,absent,0,0
84c0d10fcabbb6ddd4d3,KWT,C5,scope,uncovered,absent,0,0
84c0d10fcabbb6ddd4d3,KWT,C5,condition,uncovered,absent,0,0
84c0d10fcabbb6ddd4d3,KWT,C5,exception,uncovered,absent,0,0
84c0d10fcabbb6ddd4d3,KWT,C5,temporal,uncovered,absent,0,0
84c0d10fcabbb6ddd4d3,KWT,C5,consequence,uncovered,absent,0,0
84c46e0a86798cf27162,UAE,C3,addressee,uncovered,absent,0,0
84c46e0a86798cf27162,UAE,C3,modality,weaker_modality,direct_textual,0,1
84c46e0a86798cf27162,UAE,C3,action,covered,direct_textual,0,1
84c46e0a86798cf27162,UAE,C3,scope,covered,direct_textual,0,1
84c46e0a86798cf27162,UAE,C3,condition,covered,direct_textual,0,1
84c46e0a86798cf27162,UAE,C3,exception,covered,absent,0,0
84c46e0a86798cf27162,UAE,C3,temporal,covered,absent,0,0
84c46e0a86798cf27162,UAE,C3,consequence,covered,absent,0,0
857ea83cc16c5b0c4d63,BHR,C2,addressee,covered,direct_textual,1,1
857ea83cc16c5b0c4d63,BHR,C2,modality,covered,direct_textual,1,1
857ea83cc16c5b0c4d63,BHR,C2,action,covered,distributed,1,1
857ea83cc16c5b0c4d63,BHR,C2,scope,covered,direct_textual,1,1
857ea83cc16c5b0c4d63,BHR,C2,condition,partial,distributed,1,1
857ea83cc16c5b0c4d63,BHR,C2,exception,covered,distributed,1,1
857ea83cc16c5b0c4d63,BHR,C2,temporal,covered,absent,0,0
857ea83cc16c5b0c4d63,BHR,C2,consequence,covered,absent,0,0
859db7af892e95329ab7,OMN,C4,addressee,covered,direct_textual,0,1
859db7af892e95329ab7,OMN,C4,modality,covered,direct_textual,0,1
859db7af892e95329ab7,OMN,C4,action,partial,distributed,0,1
859db7af892e95329ab7,OMN,C4,scope,narrower,direct_textual,0,1
859db7af892e95329ab7,OMN,C4,condition,broader,absent,0,1
859db7af892e95329ab7,OMN,C4,exception,covered,absent,0,0
859db7af892e95329ab7,OMN,C4,temporal,covered,absent,0,0
859db7af892e95329ab7,OMN,C4,consequence,covered,absent,0,0
85b0c88f134535b70c35,QAT,C5,addressee,uncovered,absent,0,0
85b0c88f134535b70c35,QAT,C5,modality,uncovered,absent,0,0
85b0c88f134535b70c35,QAT,C5,action,uncovered,absent,0,0
85b0c88f134535b70c35,QAT,C5,scope,uncovered,absent,0,0
85b0c88f134535b70c35,QAT,C5,condition,covered,absent,0,0
85b0c88f134535b70c35,QAT,C5,exception,covered,absent,0,0
85b0c88f134535b70c35,QAT,C5,temporal,covered,absent,0,0
85b0c88f134535b70c35,QAT,C5,consequence,covered,absent,0,0
85e1c0ecd74e915af700,QAT,C2,addressee,uncovered,absent,0,0
85e1c0ecd74e915af700,QAT,C2,modality,covered,direct_textual,0,1
85e1c0ecd74e915af700,QAT,C2,action,partial,direct_textual,0,1
85e1c0ecd74e915af700,QAT,C2,scope,uncovered,absent,0,0
85e1c0ecd74e915af700,QAT,C2,condition,covered,direct_textual,0,1
85e1c0ecd74e915af700,QAT,C2,exception,broader,direct_textual,0,1
85e1c0ecd74e915af700,QAT,C2,temporal,covered,absent,0,0
85e1c0ecd74e915af700,QAT,C2,consequence,covered,absent,0,0
867cdda296c148b2add8,UAE,C2,addressee,covered,direct_textual,1,1
867cdda296c148b2add8,UAE,C2,modality,covered,direct_textual,1,1
867cdda296c148b2add8,UAE,C2,action,covered,direct_textual,1,1
867cdda296c148b2add8,UAE,C2,scope,covered,direct_textual,1,1
867cdda296c148b2add8,UAE,C2,condition,partial,distributed,1,1
867cdda296c148b2add8,UAE,C2,exception,covered,absent,0,0
867cdda296c148b2add8,UAE,C2,temporal,covered,absent,0,0
867cdda296c148b2add8,UAE,C2,consequence,covered,absent,0,0
86c6de9bdd45901457d8,QAT,C2,addressee,partial,direct_textual,0,1
86c6de9bdd45901457d8,QAT,C2,modality,covered,direct_textual,0,1
86c6de9bdd45901457d8,QAT,C2,action,partial,direct_textual,0,1
86c6de9bdd45901457d8,QAT,C2,scope,covered,direct_textual,0,1
86c6de9bdd45901457d8,QAT,C2,condition,uncovered,direct_textual,0,1
86c6de9bdd45901457d8,QAT,C2,exception,narrower,direct_textual,0,1
86c6de9bdd45901457d8,QAT,C2,temporal,covered,absent,0,0
86c6de9bdd45901457d8,QAT,C2,consequence,covered,absent,0,0
87799ed4c3664d484c8c,UAE,C4,addressee,covered,direct_textual,0,1
87799ed4c3664d484c8c,UAE,C4,modality,covered,direct_textual,0,1
87799ed4c3664d484c8c,UAE,C4,action,partial,distributed,0,1
87799ed4c3664d484c8c,UAE,C4,scope,narrower,distributed,0,1
87799ed4c3664d484c8c,UAE,C4,condition,narrower,distributed,0,1
87799ed4c3664d484c8c,UAE,C4,exception,narrower,direct_textual,0,1
87799ed4c3664d484c8c,UAE,C4,temporal,covered,absent,0,0
87799ed4c3664d484c8c,UAE,C4,consequence,covered,absent,0,0
877a7e537967dd95768c,BHR,C5,addressee,uncovered,absent,0,0
877a7e537967dd95768c,BHR,C5,modality,uncovered,direct_textual,1,1
877a7e537967dd95768c,BHR,C5,action,uncovered,direct_textual,1,1
877a7e537967dd95768c,BHR,C5,scope,uncovered,direct_textual,1,1
877a7e537967dd95768c,BHR,C5,condition,uncovered,absent,1,1
877a7e537967dd95768c,BHR,C5,exception,uncovered,absent,0,0
877a7e537967dd95768c,BHR,C5,temporal,uncovered,absent,0,0
877a7e537967dd95768c,BHR,C5,consequence,uncovered,absent,0,0
8784b38227ee91b5f90e,UAE,C2,addressee,covered,direct_textual,0,1
8784b38227ee91b5f90e,UAE,C2,modality,uncovered,absent,0,1
8784b38227ee91b5f90e,UAE,C2,action,uncovered,absent,0,1
8784b38227ee91b5f90e,UAE,C2,scope,partial,direct_textual,0,1
8784b38227ee91b5f90e,UAE,C2,condition,uncovered,absent,0,1
8784b38227ee91b5f90e,UAE,C2,exception,covered,absent,0,0
8784b38227ee91b5f90e,UAE,C2,temporal,covered,absent,0,0
8784b38227ee91b5f90e,UAE,C2,consequence,covered,absent,0,0
88516f5de28664706490,BHR,C5,addressee,uncovered,absent,0,0
88516f5de28664706490,BHR,C5,modality,uncovered,absent,0,0
88516f5de28664706490,BHR,C5,action,uncovered,absent,0,0
88516f5de28664706490,BHR,C5,scope,uncovered,absent,0,0
88516f5de28664706490,BHR,C5,condition,uncovered,absent,0,0
88516f5de28664706490,BHR,C5,exception,uncovered,absent,0,0
88516f5de28664706490,BHR,C5,temporal,uncovered,absent,0,0
88516f5de28664706490,BHR,C5,consequence,uncovered,absent,0,0
887daf4297f4db02024e,QAT,C2,addressee,covered,direct_textual,0,1
887daf4297f4db02024e,QAT,C2,modality,covered,direct_textual,0,1
887daf4297f4db02024e,QAT,C2,action,partial,distributed,0,1
887daf4297f4db02024e,QAT,C2,scope,covered,direct_textual,0,1
887daf4297f4db02024e,QAT,C2,condition,uncovered,absent,0,0
887daf4297f4db02024e,QAT,C2,exception,covered,absent,0,0
887daf4297f4db02024e,QAT,C2,temporal,covered,absent,0,0
887daf4297f4db02024e,QAT,C2,consequence,covered,absent,0,0
88dbda9e88cd380ada73,KSA,C2,addressee,covered,direct_textual,0,1
88dbda9e88cd380ada73,KSA,C2,modality,covered,direct_textual,0,1
88dbda9e88cd380ada73,KSA,C2,action,partial,direct_textual,0,1
88dbda9e88cd380ada73,KSA,C2,scope,partial,distributed,0,1
88dbda9e88cd380ada73,KSA,C2,condition,uncovered,absent,0,0
88dbda9e88cd380ada73,KSA,C2,exception,partial,conceptual,0,1
88dbda9e88cd380ada73,KSA,C2,temporal,covered,absent,0,0
88dbda9e88cd380ada73,KSA,C2,consequence,covered,absent,0,0
88eb172ec434fc0a0982,UAE,C2,addressee,uncovered,absent,0,0
88eb172ec434fc0a0982,UAE,C2,modality,uncovered,absent,0,0
88eb172ec434fc0a0982,UAE,C2,action,uncovered,absent,0,0
88eb172ec434fc0a0982,UAE,C2,scope,uncovered,absent,0,0
88eb172ec434fc0a0982,UAE,C2,condition,uncovered,absent,0,0
88eb172ec434fc0a0982,UAE,C2,exception,uncovered,absent,0,0
88eb172ec434fc0a0982,UAE,C2,temporal,covered,absent,0,0
88eb172ec434fc0a0982,UAE,C2,consequence,covered,absent,0,0
8973c55a16641ede7edb,KWT,C5,addressee,uncovered,absent,0,0
8973c55a16641ede7edb,KWT,C5,modality,uncovered,absent,0,0
8973c55a16641ede7edb,KWT,C5,action,uncovered,absent,0,0
8973c55a16641ede7edb,KWT,C5,scope,uncovered,absent,0,0
8973c55a16641ede7edb,KWT,C5,condition,uncovered,absent,0,0
8973c55a16641ede7edb,KWT,C5,exception,uncovered,absent,0,0
8973c55a16641ede7edb,KWT,C5,temporal,uncovered,absent,0,0
8973c55a16641ede7edb,KWT,C5,consequence,uncovered,absent,0,0
89b182620ceb7a630ee4,KWT,C3,addressee,covered,direct_textual,0,1
89b182620ceb7a630ee4,KWT,C3,modality,weaker_modality,distributed,0,1
89b182620ceb7a630ee4,KWT,C3,action,covered,direct_textual,0,1
89b182620ceb7a630ee4,KWT,C3,scope,covered,direct_textual,0,1
89b182620ceb7a630ee4,KWT,C3,condition,partial,distributed,0,1
89b182620ceb7a630ee4,KWT,C3,exception,covered,absent,0,0
89b182620ceb7a630ee4,KWT,C3,temporal,narrower,direct_textual,0,1
89b182620ceb7a630ee4,KWT,C3,consequence,covered,absent,0,0
8a5ee7eda3e514ebba92,KSA,C5,addressee,uncovered,absent,0,0
8a5ee7eda3e514ebba92,KSA,C5,modality,uncovered,absent,0,0
8a5ee7eda3e514ebba92,KSA,C5,action,uncovered,absent,0,0
8a5ee7eda3e514ebba92,KSA,C5,scope,uncovered,absent,0,0
8a5ee7eda3e514ebba92,KSA,C5,condition,uncovered,absent,0,0
8a5ee7eda3e514ebba92,KSA,C5,exception,uncovered,absent,0,0
8a5ee7eda3e514ebba92,KSA,C5,temporal,uncovered,absent,0,0
8a5ee7eda3e514ebba92,KSA,C5,consequence,uncovered,absent,0,0
8a9cafba73c997b67313,BHR,C2,addressee,covered,conceptual,1,1
8a9cafba73c997b67313,BHR,C2,modality,covered,direct_textual,1,1
8a9cafba73c997b67313,BHR,C2,action,partial,distributed,1,1
8a9cafba73c997b67313,BHR,C2,scope,covered,direct_textual,1,1
8a9cafba73c997b67313,BHR,C2,condition,broader,direct_textual,1,1
8a9cafba73c997b67313,BHR,C2,exception,covered,absent,1,0
8a9cafba73c997b67313,BHR,C2,temporal,covered,absent,1,0
8a9cafba73c997b67313,BHR,C2,consequence,covered,absent,1,0
8ad8228222d358470cb3,UAE,C2,addressee,covered,direct_textual,1,1
8ad8228222d358470cb3,UAE,C2,modality,covered,direct_textual,1,1
8ad8228222d358470cb3,UAE,C2,action,uncovered,absent,1,1
8ad8228222d358470cb3,UAE,C2,scope,covered,direct_textual,1,1
8ad8228222d358470cb3,UAE,C2,condition,covered,direct_textual,1,1
8ad8228222d358470cb3,UAE,C2,exception,covered,absent,0,0
8ad8228222d358470cb3,UAE,C2,temporal,broader,direct_textual,1,1
8ad8228222d358470cb3,UAE,C2,consequence,broader,direct_textual,1,1
8afcf987df21961edad3,BHR,C4,proposition,covered,direct_textual,0,1
8afcf987df21961edad3,BHR,C4,addressee,broader,direct_textual,0,1
8afcf987df21961edad3,BHR,C4,modality,covered,direct_textual,0,1
8afcf987df21961edad3,BHR,C4,action,covered,direct_textual,0,1
8afcf987df21961edad3,BHR,C4,scope,covered,direct_textual,0,1
8afcf987df21961edad3,BHR,C4,condition,uncovered,absent,0,0
8afcf987df21961edad3,BHR,C4,exception,narrower,direct_textual,0,1
8afcf987df21961edad3,BHR,C4,temporal,covered,absent,0,0
8afcf987df21961edad3,BHR,C4,consequence,covered,absent,0,0
8b237b4cd5e46d43901b,KWT,C3,addressee,uncovered,direct_textual,0,1
8b237b4cd5e46d43901b,KWT,C3,modality,weaker_modality,direct_textual,0,1
8b237b4cd5e46d43901b,KWT,C3,action,partial,conceptual,0,1
8b237b4cd5e46d43901b,KWT,C3,scope,partial,conceptual,0,1
8b237b4cd5e46d43901b,KWT,C3,condition,narrower,direct_textual,0,1
8b237b4cd5e46d43901b,KWT,C3,exception,covered,absent,0,0
8b237b4cd5e46d43901b,KWT,C3,temporal,covered,absent,0,0
8b237b4cd5e46d43901b,KWT,C3,consequence,covered,absent,0,0
8b8352877cdd31e245bd,UAE,C5,addressee,uncovered,absent,0,0
8b8352877cdd31e245bd,UAE,C5,modality,uncovered,absent,0,0
8b8352877cdd31e245bd,UAE,C5,action,uncovered,absent,0,0
8b8352877cdd31e245bd,UAE,C5,scope,uncovered,direct_textual,0,1
8b8352877cdd31e245bd,UAE,C5,condition,uncovered,absent,0,0
8b8352877cdd31e245bd,UAE,C5,exception,uncovered,absent,0,0
8b8352877cdd31e245bd,UAE,C5,temporal,uncovered,absent,0,0
8b8352877cdd31e245bd,UAE,C5,consequence,uncovered,absent,0,0
8be99876f982cede6670,OMN,C4,proposition,partial,direct_textual,0,1
8be99876f982cede6670,OMN,C4,addressee,broader,direct_textual,0,1
8be99876f982cede6670,OMN,C4,modality,covered,direct_textual,0,1
8be99876f982cede6670,OMN,C4,action,covered,direct_textual,0,1
8be99876f982cede6670,OMN,C4,scope,covered,direct_textual,0,1
8be99876f982cede6670,OMN,C4,condition,uncovered,absent,0,0
8be99876f982cede6670,OMN,C4,exception,covered,absent,0,0
8be99876f982cede6670,OMN,C4,temporal,covered,absent,0,0
8be99876f982cede6670,OMN,C4,consequence,covered,absent,0,0
8c731bade4de4e296954,KSA,C1,addressee,covered,direct_textual,1,1
8c731bade4de4e296954,KSA,C1,modality,covered,direct_textual,1,1
8c731bade4de4e296954,KSA,C1,action,covered,direct_textual,1,1
8c731bade4de4e296954,KSA,C1,scope,covered,conceptual,1,1
8c731bade4de4e296954,KSA,C1,condition,narrower,direct_textual,1,1
8c731bade4de4e296954,KSA,C1,exception,covered,absent,1,0
8c731bade4de4e296954,KSA,C1,temporal,narrower,direct_textual,1,1
8c731bade4de4e296954,KSA,C1,consequence,covered,absent,1,0
8cf04e75ed8c024ed7a8,KSA,C5,addressee,uncovered,absent,0,0
8cf04e75ed8c024ed7a8,KSA,C5,modality,uncovered,absent,0,0
8cf04e75ed8c024ed7a8,KSA,C5,action,uncovered,absent,0,0
8cf04e75ed8c024ed7a8,KSA,C5,scope,uncovered,absent,0,0
8cf04e75ed8c024ed7a8,KSA,C5,condition,uncovered,absent,0,0
8cf04e75ed8c024ed7a8,KSA,C5,exception,uncovered,absent,0,0
8cf04e75ed8c024ed7a8,KSA,C5,temporal,uncovered,absent,0,0
8cf04e75ed8c024ed7a8,KSA,C5,consequence,uncovered,absent,0,0
8d08831525c03be858cb,UAE,C1,addressee,covered,direct_textual,1,1
8d08831525c03be858cb,UAE,C1,modality,covered,direct_textual,1,1
8d08831525c03be858cb,UAE,C1,action,covered,direct_textual,1,1
8d08831525c03be858cb,UAE,C1,scope,covered,direct_textual,1,1
8d08831525c03be858cb,UAE,C1,condition,broader,direct_textual,1,1
8d08831525c03be858cb,UAE,C1,exception,narrower,direct_textual,1,1
8d08831525c03be858cb,UAE,C1,temporal,covered,absent,0,0
8d08831525c03be858cb,UAE,C1,consequence,covered,absent,0,0
8d18c43faeff363dbea6,QAT,C3,addressee,covered,conceptual,0,1
8d18c43faeff363dbea6,QAT,C3,modality,weaker_modality,distributed,0,1
8d18c43faeff363dbea6,QAT,C3,action,partial,direct_textual,0,1
8d18c43faeff363dbea6,QAT,C3,scope,broader,conceptual,0,1
8d18c43faeff363dbea6,QAT,C3,condition,covered,absent,0,0
8d18c43faeff363dbea6,QAT,C3,exception,covered,absent,0,0
8d18c43faeff363dbea6,QAT,C3,temporal,covered,absent,0,0
8d18c43faeff363dbea6,QAT,C3,consequence,covered,absent,0,0
8d6442f80d04142214e7,KSA,C5,addressee,uncovered,absent,0,0
8d6442f80d04142214e7,KSA,C5,modality,uncovered,absent,0,0
8d6442f80d04142214e7,KSA,C5,action,uncovered,absent,0,0
8d6442f80d04142214e7,KSA,C5,scope,uncovered,absent,0,0
8d6442f80d04142214e7,KSA,C5,condition,uncovered,absent,0,0
8d6442f80d04142214e7,KSA,C5,exception,uncovered,absent,0,0
8d6442f80d04142214e7,KSA,C5,temporal,uncovered,absent,0,0
8d6442f80d04142214e7,KSA,C5,consequence,uncovered,absent,0,0
8d8628092151bc0f4256,OMN,C2,addressee,partial,distributed,0,1
8d8628092151bc0f4256,OMN,C2,modality,covered,direct_textual,0,1
8d8628092151bc0f4256,OMN,C2,action,partial,distributed,0,1
8d8628092151bc0f4256,OMN,C2,scope,uncovered,distributed,0,1
8d8628092151bc0f4256,OMN,C2,condition,uncovered,absent,0,1
8d8628092151bc0f4256,OMN,C2,exception,broader,direct_textual,0,1
8d8628092151bc0f4256,OMN,C2,temporal,covered,absent,0,0
8d8628092151bc0f4256,OMN,C2,consequence,covered,absent,0,0
8d91e28382e58b287691,BHR,C2,addressee,covered,conceptual,1,1
8d91e28382e58b287691,BHR,C2,modality,uncovered,direct_textual,1,1
8d91e28382e58b287691,BHR,C2,action,covered,conceptual,1,1
8d91e28382e58b287691,BHR,C2,scope,uncovered,absent,0,0
8d91e28382e58b287691,BHR,C2,condition,uncovered,absent,0,0
8d91e28382e58b287691,BHR,C2,exception,uncovered,absent,0,0
8d91e28382e58b287691,BHR,C2,temporal,uncovered,absent,0,0
8d91e28382e58b287691,BHR,C2,consequence,uncovered,absent,0,0
8d959335960978cd15ec,QAT,C4,addressee,covered,direct_textual,0,1
8d959335960978cd15ec,QAT,C4,modality,covered,direct_textual,0,1
8d959335960978cd15ec,QAT,C4,action,covered,conceptual,0,1
8d959335960978cd15ec,QAT,C4,scope,broader,direct_textual,0,1
8d959335960978cd15ec,QAT,C4,condition,broader,conceptual,0,1
8d959335960978cd15ec,QAT,C4,exception,narrower,direct_textual,0,1
8d959335960978cd15ec,QAT,C4,temporal,broader,direct_textual,0,1
8d959335960978cd15ec,QAT,C4,consequence,covered,absent,0,0
8d95bfee10fbac434132,KSA,C2,addressee,covered,direct_textual,0,1
8d95bfee10fbac434132,KSA,C2,modality,covered,direct_textual,0,1
8d95bfee10fbac434132,KSA,C2,action,covered,distributed,0,1
8d95bfee10fbac434132,KSA,C2,scope,partial,distributed,0,1
8d95bfee10fbac434132,KSA,C2,condition,broader,distributed,0,1
8d95bfee10fbac434132,KSA,C2,exception,covered,absent,0,1
8d95bfee10fbac434132,KSA,C2,temporal,covered,distributed,0,1
8d95bfee10fbac434132,KSA,C2,consequence,covered,absent,0,1
8fe536c381c3e211870d,KWT,C5,addressee,uncovered,absent,0,0
8fe536c381c3e211870d,KWT,C5,modality,uncovered,absent,0,0
8fe536c381c3e211870d,KWT,C5,action,uncovered,absent,0,0
8fe536c381c3e211870d,KWT,C5,scope,uncovered,absent,0,0
8fe536c381c3e211870d,KWT,C5,condition,uncovered,absent,0,0
8fe536c381c3e211870d,KWT,C5,exception,uncovered,absent,0,0
8fe536c381c3e211870d,KWT,C5,temporal,uncovered,absent,0,0
8fe536c381c3e211870d,KWT,C5,consequence,uncovered,absent,0,0
90cfb5f55fccc9ef633e,KWT,C2,addressee,covered,conceptual,1,1
90cfb5f55fccc9ef633e,KWT,C2,modality,uncovered,absent,0,0
90cfb5f55fccc9ef633e,KWT,C2,action,uncovered,absent,0,0
90cfb5f55fccc9ef633e,KWT,C2,scope,covered,absent,0,0
90cfb5f55fccc9ef633e,KWT,C2,condition,uncovered,absent,0,0
90cfb5f55fccc9ef633e,KWT,C2,exception,covered,absent,0,0
90cfb5f55fccc9ef633e,KWT,C2,temporal,covered,absent,0,0
90cfb5f55fccc9ef633e,KWT,C2,consequence,covered,absent,0,0
90ed11c2838073c83dfa,KSA,C4,addressee,covered,direct_textual,1,1
90ed11c2838073c83dfa,KSA,C4,modality,covered,direct_textual,1,1
90ed11c2838073c83dfa,KSA,C4,action,partial,distributed,1,1
90ed11c2838073c83dfa,KSA,C4,scope,narrower,direct_textual,1,1
90ed11c2838073c83dfa,KSA,C4,condition,covered,absent,0,0
90ed11c2838073c83dfa,KSA,C4,exception,covered,absent,0,0
90ed11c2838073c83dfa,KSA,C4,temporal,covered,absent,0,0
90ed11c2838073c83dfa,KSA,C4,consequence,covered,absent,0,0
917bd142ac62fede3437,OMN,C4,addressee,narrower,direct_textual,0,1
917bd142ac62fede3437,OMN,C4,modality,covered,direct_textual,0,1
917bd142ac62fede3437,OMN,C4,action,covered,direct_textual,0,1
917bd142ac62fede3437,OMN,C4,scope,covered,direct_textual,0,1
917bd142ac62fede3437,OMN,C4,condition,uncovered,absent,0,1
917bd142ac62fede3437,OMN,C4,exception,covered,absent,0,1
917bd142ac62fede3437,OMN,C4,temporal,covered,absent,0,1
917bd142ac62fede3437,OMN,C4,consequence,covered,absent,0,1
91f53864a27ab276aefb,KWT,C5,addressee,uncovered,absent,0,0
91f53864a27ab276aefb,KWT,C5,modality,uncovered,absent,0,0
91f53864a27ab276aefb,KWT,C5,action,uncovered,absent,0,0
91f53864a27ab276aefb,KWT,C5,scope,uncovered,absent,0,0
91f53864a27ab276aefb,KWT,C5,condition,uncovered,absent,0,0
91f53864a27ab276aefb,KWT,C5,exception,uncovered,absent,0,0
91f53864a27ab276aefb,KWT,C5,temporal,uncovered,absent,0,0
91f53864a27ab276aefb,KWT,C5,consequence,uncovered,absent,0,0
9251c86e287a1c615a55,KWT,C3,addressee,narrower,direct_textual,0,1
9251c86e287a1c615a55,KWT,C3,modality,weaker_modality,direct_textual,0,1
9251c86e287a1c615a55,KWT,C3,action,partial,conceptual,0,1
9251c86e287a1c615a55,KWT,C3,scope,broader,direct_textual,0,1
9251c86e287a1c615a55,KWT,C3,condition,covered,absent,0,0
9251c86e287a1c615a55,KWT,C3,exception,partial,direct_textual,0,1
9251c86e287a1c615a55,KWT,C3,temporal,covered,absent,0,0
9251c86e287a1c615a55,KWT,C3,consequence,covered,absent,0,0
92c1f6290416845ad2e4,KWT,C5,addressee,uncovered,absent,0,0
92c1f6290416845ad2e4,KWT,C5,modality,uncovered,absent,0,0
92c1f6290416845ad2e4,KWT,C5,action,uncovered,absent,0,0
92c1f6290416845ad2e4,KWT,C5,scope,uncovered,absent,0,0
92c1f6290416845ad2e4,KWT,C5,condition,uncovered,absent,0,0
92c1f6290416845ad2e4,KWT,C5,exception,uncovered,absent,0,0
92c1f6290416845ad2e4,KWT,C5,temporal,uncovered,absent,0,0
92c1f6290416845ad2e4,KWT,C5,consequence,uncovered,absent,0,0
92cef4fcd76f586cec2c,KSA,C2,addressee,covered,direct_textual,0,1
92cef4fcd76f586cec2c,KSA,C2,modality,covered,direct_textual,0,1
92cef4fcd76f586cec2c,KSA,C2,action,uncovered,absent,0,0
92cef4fcd76f586cec2c,KSA,C2,scope,uncovered,absent,0,0
92cef4fcd76f586cec2c,KSA,C2,condition,narrower,direct_textual,0,1
92cef4fcd76f586cec2c,KSA,C2,exception,uncovered,absent,0,0
92cef4fcd76f586cec2c,KSA,C2,temporal,covered,absent,0,0
92cef4fcd76f586cec2c,KSA,C2,consequence,covered,absent,0,0
93520f6a1b17c7c2888d,OMN,C3,addressee,covered,direct_textual,0,1
93520f6a1b17c7c2888d,OMN,C3,modality,weaker_modality,direct_textual,0,1
93520f6a1b17c7c2888d,OMN,C3,action,covered,direct_textual,0,1
93520f6a1b17c7c2888d,OMN,C3,scope,partial,direct_textual,0,1
93520f6a1b17c7c2888d,OMN,C3,condition,covered,absent,0,0
93520f6a1b17c7c2888d,OMN,C3,exception,covered,absent,0,0
93520f6a1b17c7c2888d,OMN,C3,temporal,covered,absent,0,0
93520f6a1b17c7c2888d,OMN,C3,consequence,covered,absent,0,0
9365f9e10848364963d5,BHR,C2,proposition,uncovered,absent,0,0
9365f9e10848364963d5,BHR,C2,addressee,partial,direct_textual,1,1
9365f9e10848364963d5,BHR,C2,modality,covered,direct_textual,1,1
9365f9e10848364963d5,BHR,C2,action,covered,direct_textual,1,1
9365f9e10848364963d5,BHR,C2,scope,covered,direct_textual,1,1
9365f9e10848364963d5,BHR,C2,condition,uncovered,absent,0,0
9365f9e10848364963d5,BHR,C2,exception,uncovered,absent,0,0
9365f9e10848364963d5,BHR,C2,temporal,uncovered,absent,0,0
9365f9e10848364963d5,BHR,C2,consequence,uncovered,absent,0,0
94009605670dfe11ec7b,BHR,C4,addressee,covered,direct_textual,0,1
94009605670dfe11ec7b,BHR,C4,modality,covered,direct_textual,0,1
94009605670dfe11ec7b,BHR,C4,action,partial,distributed,0,1
94009605670dfe11ec7b,BHR,C4,scope,narrower,distributed,0,1
94009605670dfe11ec7b,BHR,C4,condition,narrower,direct_textual,0,1
94009605670dfe11ec7b,BHR,C4,exception,narrower,direct_textual,0,1
94009605670dfe11ec7b,BHR,C4,temporal,broader,direct_textual,0,1
94009605670dfe11ec7b,BHR,C4,consequence,covered,absent,0,0
9438037bbce6771bc579,KWT,C2,addressee,uncovered,absent,0,0
9438037bbce6771bc579,KWT,C2,modality,covered,direct_textual,0,1
9438037bbce6771bc579,KWT,C2,action,partial,direct_textual,0,1
9438037bbce6771bc579,KWT,C2,scope,partial,distributed,0,1
9438037bbce6771bc579,KWT,C2,condition,uncovered,absent,0,0
9438037bbce6771bc579,KWT,C2,exception,covered,absent,0,0
9438037bbce6771bc579,KWT,C2,temporal,covered,absent,0,0
9438037bbce6771bc579,KWT,C2,consequence,covered,absent,0,0
9439f4b26bcc0be22427,UAE,C2,addressee,covered,direct_textual,0,1
9439f4b26bcc0be22427,UAE,C2,modality,covered,direct_textual,0,1
9439f4b26bcc0be22427,UAE,C2,action,partial,distributed,0,1
9439f4b26bcc0be22427,UAE,C2,scope,partial,distributed,0,1
9439f4b26bcc0be22427,UAE,C2,condition,partial,conceptual,0,1
9439f4b26bcc0be22427,UAE,C2,exception,covered,absent,0,0
9439f4b26bcc0be22427,UAE,C2,temporal,covered,absent,0,0
9439f4b26bcc0be22427,UAE,C2,consequence,covered,absent,0,0
943ada6c7b208189d1fd,KSA,C5,addressee,uncovered,absent,0,0
943ada6c7b208189d1fd,KSA,C5,modality,uncovered,absent,0,0
943ada6c7b208189d1fd,KSA,C5,action,uncovered,absent,0,0
943ada6c7b208189d1fd,KSA,C5,scope,uncovered,absent,0,0
943ada6c7b208189d1fd,KSA,C5,condition,uncovered,absent,0,0
943ada6c7b208189d1fd,KSA,C5,exception,uncovered,absent,0,0
943ada6c7b208189d1fd,KSA,C5,temporal,uncovered,absent,0,0
943ada6c7b208189d1fd,KSA,C5,consequence,uncovered,absent,0,0
944136b596a48835579b,OMN,C4,addressee,covered,direct_textual,0,1
944136b596a48835579b,OMN,C4,modality,covered,direct_textual,0,1
944136b596a48835579b,OMN,C4,action,partial,distributed,0,1
944136b596a48835579b,OMN,C4,scope,narrower,direct_textual,0,1
944136b596a48835579b,OMN,C4,condition,covered,direct_textual,0,1
944136b596a48835579b,OMN,C4,exception,narrower,direct_textual,0,1
944136b596a48835579b,OMN,C4,temporal,partial,direct_textual,0,1
944136b596a48835579b,OMN,C4,consequence,covered,absent,0,0
94764416d4b30175ce46,QAT,C3,addressee,covered,direct_textual,0,1
94764416d4b30175ce46,QAT,C3,modality,weaker_modality,direct_textual,0,1
94764416d4b30175ce46,QAT,C3,action,partial,direct_textual,0,1
94764416d4b30175ce46,QAT,C3,scope,uncovered,absent,0,0
94764416d4b30175ce46,QAT,C3,condition,narrower,direct_textual,0,1
94764416d4b30175ce46,QAT,C3,exception,covered,absent,0,0
94764416d4b30175ce46,QAT,C3,temporal,covered,absent,0,0
94764416d4b30175ce46,QAT,C3,consequence,covered,absent,0,0
94e0faf39b37b401a384,OMN,C4,addressee,covered,direct_textual,0,1
94e0faf39b37b401a384,OMN,C4,modality,covered,direct_textual,0,1
94e0faf39b37b401a384,OMN,C4,action,narrower,distributed,0,1
94e0faf39b37b401a384,OMN,C4,scope,narrower,distributed,0,1
94e0faf39b37b401a384,OMN,C4,condition,covered,conceptual,0,1
94e0faf39b37b401a384,OMN,C4,exception,covered,absent,0,0
94e0faf39b37b401a384,OMN,C4,temporal,partial,direct_textual,0,1
94e0faf39b37b401a384,OMN,C4,consequence,covered,absent,0,0
955994634c5f054cb699,OMN,C2,addressee,covered,direct_textual,1,1
955994634c5f054cb699,OMN,C2,modality,uncovered,absent,0,0
955994634c5f054cb699,OMN,C2,action,uncovered,absent,0,0
955994634c5f054cb699,OMN,C2,scope,uncovered,absent,0,0
955994634c5f054cb699,OMN,C2,condition,covered,absent,0,0
955994634c5f054cb699,OMN,C2,exception,covered,absent,0,0
955994634c5f054cb699,OMN,C2,temporal,covered,absent,0,0
955994634c5f054cb699,OMN,C2,consequence,covered,absent,0,0
956b966ad203c753815d,KSA,C5,addressee,uncovered,absent,0,0
956b966ad203c753815d,KSA,C5,modality,uncovered,absent,0,0
956b966ad203c753815d,KSA,C5,action,uncovered,absent,0,0
956b966ad203c753815d,KSA,C5,scope,uncovered,absent,0,0
956b966ad203c753815d,KSA,C5,condition,uncovered,absent,0,0
956b966ad203c753815d,KSA,C5,exception,uncovered,absent,0,0
956b966ad203c753815d,KSA,C5,temporal,uncovered,absent,0,0
956b966ad203c753815d,KSA,C5,consequence,uncovered,absent,0,0
95f285264da670bbfc24,KWT,C2,addressee,covered,direct_textual,1,1
95f285264da670bbfc24,KWT,C2,modality,partial,distributed,1,1
95f285264da670bbfc24,KWT,C2,action,partial,direct_textual,1,1
95f285264da670bbfc24,KWT,C2,scope,uncovered,absent,0,0
95f285264da670bbfc24,KWT,C2,condition,uncovered,absent,0,0
95f285264da670bbfc24,KWT,C2,exception,uncovered,absent,0,0
95f285264da670bbfc24,KWT,C2,temporal,covered,absent,0,0
95f285264da670bbfc24,KWT,C2,consequence,covered,absent,0,0
96ae0c555687a412b0d5,KWT,C5,addressee,uncovered,absent,0,0
96ae0c555687a412b0d5,KWT,C5,modality,uncovered,absent,0,0
96ae0c555687a412b0d5,KWT,C5,action,uncovered,absent,0,0
96ae0c555687a412b0d5,KWT,C5,scope,uncovered,absent,0,0
96ae0c555687a412b0d5,KWT,C5,condition,uncovered,absent,0,0
96ae0c555687a412b0d5,KWT,C5,exception,uncovered,absent,0,0
96ae0c555687a412b0d5,KWT,C5,temporal,uncovered,absent,0,0
96ae0c555687a412b0d5,KWT,C5,consequence,uncovered,absent,0,0
96de55db6775a395f246,OMN,C2,addressee,covered,conceptual,0,1
96de55db6775a395f246,OMN,C2,modality,uncovered,absent,0,0
96de55db6775a395f246,OMN,C2,action,uncovered,absent,0,0
96de55db6775a395f246,OMN,C2,scope,covered,direct_textual,0,1
96de55db6775a395f246,OMN,C2,condition,covered,absent,0,0
96de55db6775a395f246,OMN,C2,exception,covered,absent,0,0
96de55db6775a395f246,OMN,C2,temporal,covered,direct_textual,0,1
96de55db6775a395f246,OMN,C2,consequence,covered,absent,0,0
97a270194952e01ddc20,UAE,C5,addressee,uncovered,absent,0,0
97a270194952e01ddc20,UAE,C5,modality,uncovered,absent,0,0
97a270194952e01ddc20,UAE,C5,action,uncovered,absent,0,0
97a270194952e01ddc20,UAE,C5,scope,uncovered,absent,0,0
97a270194952e01ddc20,UAE,C5,condition,uncovered,absent,0,0
97a270194952e01ddc20,UAE,C5,exception,covered,absent,0,0
97a270194952e01ddc20,UAE,C5,temporal,covered,absent,0,0
97a270194952e01ddc20,UAE,C5,consequence,covered,absent,0,0
97bfdbbc041bfce379fc,KWT,C5,addressee,uncovered,absent,0,0
97bfdbbc041bfce379fc,KWT,C5,modality,uncovered,absent,0,0
97bfdbbc041bfce379fc,KWT,C5,action,uncovered,absent,0,0
97bfdbbc041bfce379fc,KWT,C5,scope,uncovered,absent,0,0
97bfdbbc041bfce379fc,KWT,C5,condition,uncovered,absent,0,0
97bfdbbc041bfce379fc,KWT,C5,exception,uncovered,absent,0,0
97bfdbbc041bfce379fc,KWT,C5,temporal,uncovered,absent,0,0
97bfdbbc041bfce379fc,KWT,C5,consequence,uncovered,absent,0,0
97f83f79f32d2c5e91f7,KSA,C2,addressee,covered,direct_textual,1,1
97f83f79f32d2c5e91f7,KSA,C2,modality,covered,direct_textual,1,1
97f83f79f32d2c5e91f7,KSA,C2,action,covered,distributed,1,1
97f83f79f32d2c5e91f7,KSA,C2,scope,partial,direct_textual,1,1
97f83f79f32d2c5e91f7,KSA,C2,condition,broader,distributed,1,1
97f83f79f32d2c5e91f7,KSA,C2,exception,uncovered,absent,1,1
97f83f79f32d2c5e91f7,KSA,C2,temporal,covered,absent,1,0
97f83f79f32d2c5e91f7,KSA,C2,consequence,covered,absent,1,0
983172cfc8c6139f1a54,OMN,C4,addressee,covered,direct_textual,0,1
983172cfc8c6139f1a54,OMN,C4,modality,covered,direct_textual,0,1
983172cfc8c6139f1a54,OMN,C4,action,narrower,direct_textual,0,1
983172cfc8c6139f1a54,OMN,C4,scope,narrower,direct_textual,0,1
983172cfc8c6139f1a54,OMN,C4,condition,narrower,direct_textual,0,1
983172cfc8c6139f1a54,OMN,C4,exception,covered,absent,0,0
983172cfc8c6139f1a54,OMN,C4,temporal,broader,direct_textual,0,1
983172cfc8c6139f1a54,OMN,C4,consequence,covered,absent,0,0
98d17b2e25d91876d508,QAT,C2,addressee,uncovered,absent,0,0
98d17b2e25d91876d508,QAT,C2,modality,uncovered,absent,0,0
98d17b2e25d91876d508,QAT,C2,action,uncovered,absent,0,0
98d17b2e25d91876d508,QAT,C2,scope,uncovered,absent,0,0
98d17b2e25d91876d508,QAT,C2,condition,covered,absent,0,0
98d17b2e25d91876d508,QAT,C2,exception,covered,absent,0,0
98d17b2e25d91876d508,QAT,C2,temporal,covered,absent,0,0
98d17b2e25d91876d508,QAT,C2,consequence,covered,absent,0,0
993eaccdf8172834b4df,KSA,C1,addressee,covered,direct_textual,0,1
993eaccdf8172834b4df,KSA,C1,modality,covered,direct_textual,0,1
993eaccdf8172834b4df,KSA,C1,action,covered,direct_textual,0,1
993eaccdf8172834b4df,KSA,C1,scope,covered,absent,0,0
993eaccdf8172834b4df,KSA,C1,condition,covered,distributed,0,1
993eaccdf8172834b4df,KSA,C1,exception,broader,direct_textual,0,1
993eaccdf8172834b4df,KSA,C1,temporal,covered,direct_textual,0,1
993eaccdf8172834b4df,KSA,C1,consequence,covered,absent,0,0
9942725ba2385c89ec6d,QAT,C2,addressee,covered,conceptual,1,1
9942725ba2385c89ec6d,QAT,C2,modality,covered,direct_textual,1,1
9942725ba2385c89ec6d,QAT,C2,action,uncovered,absent,1,1
9942725ba2385c89ec6d,QAT,C2,scope,uncovered,absent,1,1
9942725ba2385c89ec6d,QAT,C2,condition,uncovered,absent,1,1
9942725ba2385c89ec6d,QAT,C2,exception,covered,absent,0,0
9942725ba2385c89ec6d,QAT,C2,temporal,broader,direct_textual,1,1
9942725ba2385c89ec6d,QAT,C2,consequence,broader,direct_textual,1,1
99b9dfdfdc3a5c0957b3,OMN,C4,addressee,covered,direct_textual,0,1
99b9dfdfdc3a5c0957b3,OMN,C4,modality,covered,direct_textual,0,1
99b9dfdfdc3a5c0957b3,OMN,C4,action,covered,direct_textual,0,1
99b9dfdfdc3a5c0957b3,OMN,C4,scope,narrower,direct_textual,0,1
99b9dfdfdc3a5c0957b3,OMN,C4,condition,covered,absent,0,0
99b9dfdfdc3a5c0957b3,OMN,C4,exception,covered,absent,0,0
99b9dfdfdc3a5c0957b3,OMN,C4,temporal,covered,absent,0,0
99b9dfdfdc3a5c0957b3,OMN,C4,consequence,covered,absent,0,0
99f20f7c577124760b9a,OMN,C5,addressee,uncovered,absent,0,0
99f20f7c577124760b9a,OMN,C5,modality,uncovered,absent,0,0
99f20f7c577124760b9a,OMN,C5,action,uncovered,absent,0,0
99f20f7c577124760b9a,OMN,C5,scope,uncovered,absent,0,0
99f20f7c577124760b9a,OMN,C5,condition,uncovered,absent,0,0
99f20f7c577124760b9a,OMN,C5,exception,covered,absent,0,0
99f20f7c577124760b9a,OMN,C5,temporal,covered,absent,0,0
99f20f7c577124760b9a,OMN,C5,consequence,covered,absent,0,0
99fa23c43b84d54cdc88,KWT,C4,addressee,narrower,direct_textual,0,1
99fa23c43b84d54cdc88,KWT,C4,modality,uncovered,absent,0,1
99fa23c43b84d54cdc88,KWT,C4,action,narrower,direct_textual,0,1
99fa23c43b84d54cdc88,KWT,C4,scope,partial,conceptual,0,1
99fa23c43b84d54cdc88,KWT,C4,condition,uncovered,absent,0,0
99fa23c43b84d54cdc88,KWT,C4,exception,uncovered,absent,0,0
99fa23c43b84d54cdc88,KWT,C4,temporal,covered,absent,0,0
99fa23c43b84d54cdc88,KWT,C4,consequence,covered,absent,0,0
9a04e2ddb27c89e45212,UAE,C1,addressee,covered,direct_textual,0,1
9a04e2ddb27c89e45212,UAE,C1,modality,covered,direct_textual,0,1
9a04e2ddb27c89e45212,UAE,C1,action,covered,direct_textual,0,1
9a04e2ddb27c89e45212,UAE,C1,scope,covered,direct_textual,0,1
9a04e2ddb27c89e45212,UAE,C1,condition,covered,conceptual,0,1
9a04e2ddb27c89e45212,UAE,C1,exception,narrower,direct_textual,0,1
9a04e2ddb27c89e45212,UAE,C1,temporal,covered,absent,0,0
9a04e2ddb27c89e45212,UAE,C1,consequence,covered,absent,0,0
9a7b9978f00df68f31d1,KSA,C2,addressee,covered,direct_textual,1,1
9a7b9978f00df68f31d1,KSA,C2,modality,covered,direct_textual,1,1
9a7b9978f00df68f31d1,KSA,C2,action,partial,direct_textual,1,1
9a7b9978f00df68f31d1,KSA,C2,scope,covered,direct_textual,1,1
9a7b9978f00df68f31d1,KSA,C2,condition,uncovered,absent,1,0
9a7b9978f00df68f31d1,KSA,C2,exception,covered,absent,1,0
9a7b9978f00df68f31d1,KSA,C2,temporal,partial,direct_textual,1,1
9a7b9978f00df68f31d1,KSA,C2,consequence,covered,absent,1,0
9aa8ac227a6c961a3d0d,BHR,C2,addressee,uncovered,absent,0,0
9aa8ac227a6c961a3d0d,BHR,C2,modality,uncovered,absent,0,0
9aa8ac227a6c961a3d0d,BHR,C2,action,uncovered,absent,0,0
9aa8ac227a6c961a3d0d,BHR,C2,scope,uncovered,absent,0,0
9aa8ac227a6c961a3d0d,BHR,C2,condition,uncovered,absent,0,0
9aa8ac227a6c961a3d0d,BHR,C2,exception,covered,absent,0,0
9aa8ac227a6c961a3d0d,BHR,C2,temporal,covered,absent,0,0
9aa8ac227a6c961a3d0d,BHR,C2,consequence,covered,absent,0,0
9ae00303344478c50604,UAE,C4,addressee,covered,direct_textual,1,1
9ae00303344478c50604,UAE,C4,modality,covered,direct_textual,1,1
9ae00303344478c50604,UAE,C4,action,narrower,direct_textual,1,1
9ae00303344478c50604,UAE,C4,scope,narrower,direct_textual,1,1
9ae00303344478c50604,UAE,C4,condition,partial,distributed,1,1
9ae00303344478c50604,UAE,C4,exception,broader,direct_textual,1,1
9ae00303344478c50604,UAE,C4,temporal,covered,conceptual,1,1
9ae00303344478c50604,UAE,C4,consequence,covered,conceptual,1,1
9b177cc7f00477d0064a,OMN,C5,addressee,uncovered,absent,0,0
9b177cc7f00477d0064a,OMN,C5,modality,uncovered,absent,0,0
9b177cc7f00477d0064a,OMN,C5,action,uncovered,absent,0,0
9b177cc7f00477d0064a,OMN,C5,scope,uncovered,absent,0,0
9b177cc7f00477d0064a,OMN,C5,condition,uncovered,absent,0,0
9b177cc7f00477d0064a,OMN,C5,exception,uncovered,absent,0,0
9b177cc7f00477d0064a,OMN,C5,temporal,uncovered,absent,0,0
9b177cc7f00477d0064a,OMN,C5,consequence,uncovered,absent,0,0
9c1f6f7f21d8bb1ab6c0,BHR,C2,addressee,covered,distributed,0,1
9c1f6f7f21d8bb1ab6c0,BHR,C2,modality,covered,direct_textual,0,1
9c1f6f7f21d8bb1ab6c0,BHR,C2,action,covered,direct_textual,0,1
9c1f6f7f21d8bb1ab6c0,BHR,C2,scope,covered,direct_textual,0,1
9c1f6f7f21d8bb1ab6c0,BHR,C2,condition,covered,absent,0,0
9c1f6f7f21d8bb1ab6c0,BHR,C2,exception,uncovered,absent,0,0
9c1f6f7f21d8bb1ab6c0,BHR,C2,temporal,covered,absent,0,0
9c1f6f7f21d8bb1ab6c0,BHR,C2,consequence,covered,absent,0,0
9c38215fb3d9bfbc8ec0,UAE,C4,addressee,broader,distributed,0,1
9c38215fb3d9bfbc8ec0,UAE,C4,modality,covered,direct_textual,0,1
9c38215fb3d9bfbc8ec0,UAE,C4,action,partial,distributed,0,1
9c38215fb3d9bfbc8ec0,UAE,C4,scope,uncovered,absent,0,0
9c38215fb3d9bfbc8ec0,UAE,C4,condition,covered,absent,0,0
9c38215fb3d9bfbc8ec0,UAE,C4,exception,covered,absent,0,0
9c38215fb3d9bfbc8ec0,UAE,C4,temporal,covered,absent,0,0
9c38215fb3d9bfbc8ec0,UAE,C4,consequence,covered,absent,0,0
9c60f3f03ce783775ae8,BHR,C2,addressee,covered,direct_textual,0,1
9c60f3f03ce783775ae8,BHR,C2,modality,covered,direct_textual,0,1
9c60f3f03ce783775ae8,BHR,C2,action,narrower,direct_textual,0,1
9c60f3f03ce783775ae8,BHR,C2,scope,uncovered,direct_textual,0,1
9c60f3f03ce783775ae8,BHR,C2,condition,covered,absent,0,0
9c60f3f03ce783775ae8,BHR,C2,exception,narrower,direct_textual,0,1
9c60f3f03ce783775ae8,BHR,C2,temporal,partial,direct_textual,0,1
9c60f3f03ce783775ae8,BHR,C2,consequence,partial,direct_textual,0,1
9c90f244ecef75bfb0ba,BHR,C2,addressee,uncovered,absent,0,0
9c90f244ecef75bfb0ba,BHR,C2,modality,uncovered,absent,0,0
9c90f244ecef75bfb0ba,BHR,C2,action,uncovered,absent,0,0
9c90f244ecef75bfb0ba,BHR,C2,scope,partial,direct_textual,1,1
9c90f244ecef75bfb0ba,BHR,C2,condition,uncovered,absent,0,0
9c90f244ecef75bfb0ba,BHR,C2,exception,uncovered,absent,0,0
9c90f244ecef75bfb0ba,BHR,C2,temporal,uncovered,absent,0,0
9c90f244ecef75bfb0ba,BHR,C2,consequence,uncovered,absent,0,0
9cdeee1623f5db9cf5b2,UAE,C5,addressee,uncovered,absent,0,0
9cdeee1623f5db9cf5b2,UAE,C5,modality,uncovered,absent,0,0
9cdeee1623f5db9cf5b2,UAE,C5,action,uncovered,absent,0,0
9cdeee1623f5db9cf5b2,UAE,C5,scope,uncovered,absent,0,0
9cdeee1623f5db9cf5b2,UAE,C5,condition,uncovered,absent,0,0
9cdeee1623f5db9cf5b2,UAE,C5,exception,uncovered,absent,0,0
9cdeee1623f5db9cf5b2,UAE,C5,temporal,uncovered,absent,0,0
9cdeee1623f5db9cf5b2,UAE,C5,consequence,uncovered,absent,0,0
9d0ca2f81fbe0dbf4a39,QAT,C4,addressee,narrower,direct_textual,0,1
9d0ca2f81fbe0dbf4a39,QAT,C4,modality,covered,direct_textual,0,1
9d0ca2f81fbe0dbf4a39,QAT,C4,action,narrower,direct_textual,0,1
9d0ca2f81fbe0dbf4a39,QAT,C4,scope,uncovered,absent,0,0
9d0ca2f81fbe0dbf4a39,QAT,C4,condition,covered,absent,0,0
9d0ca2f81fbe0dbf4a39,QAT,C4,exception,covered,absent,0,0
9d0ca2f81fbe0dbf4a39,QAT,C4,temporal,covered,absent,0,0
9d0ca2f81fbe0dbf4a39,QAT,C4,consequence,covered,absent,0,0
9e6b3a14fb9d33ce73a3,BHR,C1,addressee,covered,direct_textual,0,1
9e6b3a14fb9d33ce73a3,BHR,C1,modality,covered,direct_textual,0,1
9e6b3a14fb9d33ce73a3,BHR,C1,action,narrower,direct_textual,0,1
9e6b3a14fb9d33ce73a3,BHR,C1,scope,covered,direct_textual,0,1
9e6b3a14fb9d33ce73a3,BHR,C1,condition,narrower,direct_textual,0,1
9e6b3a14fb9d33ce73a3,BHR,C1,exception,broader,direct_textual,0,1
9e6b3a14fb9d33ce73a3,BHR,C1,temporal,covered,direct_textual,0,1
9e6b3a14fb9d33ce73a3,BHR,C1,consequence,broader,direct_textual,0,1
9ea13f42b4e7cd6b73aa,KSA,C5,addressee,uncovered,absent,0,0
9ea13f42b4e7cd6b73aa,KSA,C5,modality,uncovered,absent,0,0
9ea13f42b4e7cd6b73aa,KSA,C5,action,uncovered,absent,0,0
9ea13f42b4e7cd6b73aa,KSA,C5,scope,uncovered,absent,0,0
9ea13f42b4e7cd6b73aa,KSA,C5,condition,uncovered,absent,0,0
9ea13f42b4e7cd6b73aa,KSA,C5,exception,uncovered,absent,0,0
9ea13f42b4e7cd6b73aa,KSA,C5,temporal,covered,absent,0,0
9ea13f42b4e7cd6b73aa,KSA,C5,consequence,covered,absent,0,0
9ebe7405aa1463feee94,QAT,C2,addressee,covered,direct_textual,0,1
9ebe7405aa1463feee94,QAT,C2,modality,covered,direct_textual,0,1
9ebe7405aa1463feee94,QAT,C2,action,covered,distributed,0,1
9ebe7405aa1463feee94,QAT,C2,scope,partial,direct_textual,0,1
9ebe7405aa1463feee94,QAT,C2,condition,partial,distributed,0,1
9ebe7405aa1463feee94,QAT,C2,exception,narrower,direct_textual,0,1
9ebe7405aa1463feee94,QAT,C2,temporal,covered,absent,0,0
9ebe7405aa1463feee94,QAT,C2,consequence,covered,absent,0,0
9ee94ad733f93d3c4c7b,QAT,C2,addressee,covered,direct_textual,0,1
9ee94ad733f93d3c4c7b,QAT,C2,modality,uncovered,absent,0,0
9ee94ad733f93d3c4c7b,QAT,C2,action,uncovered,absent,0,0
9ee94ad733f93d3c4c7b,QAT,C2,scope,uncovered,absent,0,0
9ee94ad733f93d3c4c7b,QAT,C2,condition,covered,absent,0,0
9ee94ad733f93d3c4c7b,QAT,C2,exception,covered,absent,0,0
9ee94ad733f93d3c4c7b,QAT,C2,temporal,covered,absent,0,0
9ee94ad733f93d3c4c7b,QAT,C2,consequence,covered,absent,0,0
9ef94cfed2d003987b8b,UAE,C4,addressee,covered,direct_textual,1,1
9ef94cfed2d003987b8b,UAE,C4,modality,covered,direct_textual,1,1
9ef94cfed2d003987b8b,UAE,C4,action,covered,direct_textual,1,1
9ef94cfed2d003987b8b,UAE,C4,scope,narrower,direct_textual,1,1
9ef94cfed2d003987b8b,UAE,C4,condition,uncovered,absent,1,1
9ef94cfed2d003987b8b,UAE,C4,exception,narrower,direct_textual,1,1
9ef94cfed2d003987b8b,UAE,C4,temporal,uncovered,absent,1,1
9ef94cfed2d003987b8b,UAE,C4,consequence,broader,direct_textual,1,1
9efde8360d4f77ce7355,UAE,C1,addressee,covered,direct_textual,0,1
9efde8360d4f77ce7355,UAE,C1,modality,covered,direct_textual,0,1
9efde8360d4f77ce7355,UAE,C1,action,covered,direct_textual,0,1
9efde8360d4f77ce7355,UAE,C1,scope,covered,direct_textual,0,1
9efde8360d4f77ce7355,UAE,C1,condition,broader,direct_textual,0,1
9efde8360d4f77ce7355,UAE,C1,exception,narrower,direct_textual,0,1
9efde8360d4f77ce7355,UAE,C1,temporal,covered,absent,0,0
9efde8360d4f77ce7355,UAE,C1,consequence,broader,direct_textual,0,1
9f61fa0015f16dab81aa,OMN,C4,addressee,covered,direct_textual,0,1
9f61fa0015f16dab81aa,OMN,C4,modality,uncovered,direct_textual,0,1
9f61fa0015f16dab81aa,OMN,C4,action,covered,direct_textual,0,1
9f61fa0015f16dab81aa,OMN,C4,scope,narrower,direct_textual,0,1
9f61fa0015f16dab81aa,OMN,C4,condition,narrower,direct_textual,0,1
9f61fa0015f16dab81aa,OMN,C4,exception,uncovered,distributed,0,1
9f61fa0015f16dab81aa,OMN,C4,temporal,broader,direct_textual,0,1
9f61fa0015f16dab81aa,OMN,C4,consequence,broader,direct_textual,0,1
9f7d6b58ad6d8d856f34,OMN,C5,addressee,uncovered,absent,0,0
9f7d6b58ad6d8d856f34,OMN,C5,modality,uncovered,absent,0,0
9f7d6b58ad6d8d856f34,OMN,C5,action,uncovered,absent,0,0
9f7d6b58ad6d8d856f34,OMN,C5,scope,uncovered,absent,0,0
9f7d6b58ad6d8d856f34,OMN,C5,condition,uncovered,absent,0,0
9f7d6b58ad6d8d856f34,OMN,C5,exception,uncovered,absent,0,0
9f7d6b58ad6d8d856f34,OMN,C5,temporal,uncovered,absent,0,0
9f7d6b58ad6d8d856f34,OMN,C5,consequence,uncovered,absent,0,0
9ff084acd6bfaa4bac2b,OMN,C5,addressee,uncovered,absent,0,0
9ff084acd6bfaa4bac2b,OMN,C5,modality,uncovered,absent,0,0
9ff084acd6bfaa4bac2b,OMN,C5,action,uncovered,absent,0,0
9ff084acd6bfaa4bac2b,OMN,C5,scope,uncovered,absent,0,0
9ff084acd6bfaa4bac2b,OMN,C5,condition,covered,absent,0,0
9ff084acd6bfaa4bac2b,OMN,C5,exception,uncovered,absent,0,0
9ff084acd6bfaa4bac2b,OMN,C5,temporal,covered,absent,0,0
9ff084acd6bfaa4bac2b,OMN,C5,consequence,covered,absent,0,0
a013de63fc61a9ad5b34,KWT,C2,addressee,covered,conceptual,0,1
a013de63fc61a9ad5b34,KWT,C2,modality,covered,direct_textual,0,1
a013de63fc61a9ad5b34,KWT,C2,action,uncovered,absent,0,0
a013de63fc61a9ad5b34,KWT,C2,scope,partial,conceptual,0,1
a013de63fc61a9ad5b34,KWT,C2,condition,covered,absent,0,0
a013de63fc61a9ad5b34,KWT,C2,exception,uncovered,absent,0,0
a013de63fc61a9ad5b34,KWT,C2,temporal,covered,absent,0,0
a013de63fc61a9ad5b34,KWT,C2,consequence,covered,absent,0,0
a0200a6d93fb39429b04,KWT,C4,addressee,covered,conceptual,0,1
a0200a6d93fb39429b04,KWT,C4,modality,covered,direct_textual,0,1
a0200a6d93fb39429b04,KWT,C4,action,covered,distributed,0,1
a0200a6d93fb39429b04,KWT,C4,scope,narrower,direct_textual,0,1
a0200a6d93fb39429b04,KWT,C4,condition,broader,absent,0,1
a0200a6d93fb39429b04,KWT,C4,exception,covered,absent,0,0
a0200a6d93fb39429b04,KWT,C4,temporal,covered,absent,0,0
a0200a6d93fb39429b04,KWT,C4,consequence,covered,absent,0,0
a0286de7314b44d4de95,KSA,C2,addressee,uncovered,direct_textual,1,1
a0286de7314b44d4de95,KSA,C2,modality,uncovered,distributed,1,1
a0286de7314b44d4de95,KSA,C2,action,partial,distributed,1,1
a0286de7314b44d4de95,KSA,C2,scope,covered,direct_textual,1,1
a0286de7314b44d4de95,KSA,C2,condition,covered,direct_textual,1,1
a0286de7314b44d4de95,KSA,C2,exception,covered,direct_textual,1,1
a0286de7314b44d4de95,KSA,C2,temporal,covered,absent,0,0
a0286de7314b44d4de95,KSA,C2,consequence,covered,direct_textual,1,1
a03f9f8b18eeffeaa04c,UAE,C5,addressee,uncovered,direct_textual,0,1
a03f9f8b18eeffeaa04c,UAE,C5,modality,uncovered,absent,0,1
a03f9f8b18eeffeaa04c,UAE,C5,action,uncovered,absent,0,1
a03f9f8b18eeffeaa04c,UAE,C5,scope,uncovered,direct_textual,0,1
a03f9f8b18eeffeaa04c,UAE,C5,condition,uncovered,absent,0,1
a03f9f8b18eeffeaa04c,UAE,C5,exception,uncovered,absent,0,1
a03f9f8b18eeffeaa04c,UAE,C5,temporal,uncovered,absent,0,1
a03f9f8b18eeffeaa04c,UAE,C5,consequence,uncovered,absent,0,1
a0401af419bdef7e5a70,KWT,C5,addressee,covered,absent,0,0
a0401af419bdef7e5a70,KWT,C5,modality,uncovered,absent,0,0
a0401af419bdef7e5a70,KWT,C5,action,uncovered,absent,0,0
a0401af419bdef7e5a70,KWT,C5,scope,uncovered,absent,0,0
a0401af419bdef7e5a70,KWT,C5,condition,uncovered,absent,0,0
a0401af419bdef7e5a70,KWT,C5,exception,uncovered,absent,0,0
a0401af419bdef7e5a70,KWT,C5,temporal,covered,absent,0,0
a0401af419bdef7e5a70,KWT,C5,consequence,covered,absent,0,0
a0450c523d804b9ecc9f,UAE,C2,addressee,covered,direct_textual,0,1
a0450c523d804b9ecc9f,UAE,C2,modality,covered,direct_textual,0,1
a0450c523d804b9ecc9f,UAE,C2,action,partial,distributed,0,1
a0450c523d804b9ecc9f,UAE,C2,scope,covered,direct_textual,0,1
a0450c523d804b9ecc9f,UAE,C2,condition,covered,absent,0,0
a0450c523d804b9ecc9f,UAE,C2,exception,covered,absent,0,0
a0450c523d804b9ecc9f,UAE,C2,temporal,covered,absent,0,0
a0450c523d804b9ecc9f,UAE,C2,consequence,covered,absent,0,0
a04fd088ec0ac2aac50b,UAE,C5,addressee,uncovered,absent,0,0
a04fd088ec0ac2aac50b,UAE,C5,modality,uncovered,absent,0,0
a04fd088ec0ac2aac50b,UAE,C5,action,uncovered,absent,0,0
a04fd088ec0ac2aac50b,UAE,C5,scope,uncovered,absent,0,0
a04fd088ec0ac2aac50b,UAE,C5,condition,uncovered,absent,0,0
a04fd088ec0ac2aac50b,UAE,C5,exception,uncovered,absent,0,0
a04fd088ec0ac2aac50b,UAE,C5,temporal,uncovered,absent,0,0
a04fd088ec0ac2aac50b,UAE,C5,consequence,uncovered,absent,0,0
a167f0716af4fb011c17,QAT,C4,addressee,covered,conceptual,1,1
a167f0716af4fb011c17,QAT,C4,modality,covered,conceptual,1,1
a167f0716af4fb011c17,QAT,C4,action,covered,direct_textual,1,1
a167f0716af4fb011c17,QAT,C4,scope,narrower,direct_textual,1,1
a167f0716af4fb011c17,QAT,C4,condition,uncovered,absent,1,1
a167f0716af4fb011c17,QAT,C4,exception,covered,absent,0,0
a167f0716af4fb011c17,QAT,C4,temporal,covered,absent,0,0
a167f0716af4fb011c17,QAT,C4,consequence,broader,direct_textual,1,1
a17648d5add73278510c,QAT,C2,addressee,uncovered,absent,0,0
a17648d5add73278510c,QAT,C2,modality,uncovered,absent,0,0
a17648d5add73278510c,QAT,C2,action,uncovered,absent,0,0
a17648d5add73278510c,QAT,C2,scope,uncovered,absent,0,0
a17648d5add73278510c,QAT,C2,condition,uncovered,absent,0,0
a17648d5add73278510c,QAT,C2,exception,covered,absent,0,0
a17648d5add73278510c,QAT,C2,temporal,covered,absent,0,0
a17648d5add73278510c,QAT,C2,consequence,covered,absent,0,0
a186c3f509bebf869acc,KSA,C2,addressee,uncovered,direct_textual,1,1
a186c3f509bebf869acc,KSA,C2,modality,covered,direct_textual,1,1
a186c3f509bebf869acc,KSA,C2,action,covered,conceptual,1,1
a186c3f509bebf869acc,KSA,C2,scope,covered,absent,1,0
a186c3f509bebf869acc,KSA,C2,condition,partial,direct_textual,1,1
a186c3f509bebf869acc,KSA,C2,exception,uncovered,absent,1,1
a186c3f509bebf869acc,KSA,C2,temporal,covered,absent,1,0
a186c3f509bebf869acc,KSA,C2,consequence,covered,absent,1,0
a199f7e331698a7050ed,QAT,C4,addressee,covered,direct_textual,1,1
a199f7e331698a7050ed,QAT,C4,modality,covered,direct_textual,1,1
a199f7e331698a7050ed,QAT,C4,action,covered,distributed,1,1
a199f7e331698a7050ed,QAT,C4,scope,narrower,distributed,1,1
a199f7e331698a7050ed,QAT,C4,condition,narrower,direct_textual,1,1
a199f7e331698a7050ed,QAT,C4,exception,narrower,distributed,1,1
a199f7e331698a7050ed,QAT,C4,temporal,partial,direct_textual,1,1
a199f7e331698a7050ed,QAT,C4,consequence,covered,absent,1,0
a234929340c3f5bc4559,UAE,C1,addressee,covered,direct_textual,0,1
a234929340c3f5bc4559,UAE,C1,modality,covered,direct_textual,0,1
a234929340c3f5bc4559,UAE,C1,action,weaker_modality,direct_textual,0,1
a234929340c3f5bc4559,UAE,C1,scope,covered,absent,0,0
a234929340c3f5bc4559,UAE,C1,condition,covered,absent,0,0
a234929340c3f5bc4559,UAE,C1,exception,broader,distributed,0,1
a234929340c3f5bc4559,UAE,C1,temporal,covered,absent,0,0
a234929340c3f5bc4559,UAE,C1,consequence,covered,absent,0,0
a2640a12213ef505cdbb,UAE,C1,addressee,covered,direct_textual,0,1
a2640a12213ef505cdbb,UAE,C1,modality,covered,direct_textual,0,1
a2640a12213ef505cdbb,UAE,C1,action,covered,distributed,0,1
a2640a12213ef505cdbb,UAE,C1,scope,covered,direct_textual,0,1
a2640a12213ef505cdbb,UAE,C1,condition,narrower,distributed,0,1
a2640a12213ef505cdbb,UAE,C1,exception,covered,absent,0,0
a2640a12213ef505cdbb,UAE,C1,temporal,covered,absent,0,0
a2640a12213ef505cdbb,UAE,C1,consequence,covered,absent,0,0
a284b9beaa873044c3ae,UAE,C4,addressee,covered,direct_textual,0,1
a284b9beaa873044c3ae,UAE,C4,modality,covered,direct_textual,0,1
a284b9beaa873044c3ae,UAE,C4,action,covered,direct_textual,0,1
a284b9beaa873044c3ae,UAE,C4,scope,narrower,direct_textual,0,1
a284b9beaa873044c3ae,UAE,C4,condition,covered,direct_textual,0,1
a284b9beaa873044c3ae,UAE,C4,exception,covered,absent,0,0
a284b9beaa873044c3ae,UAE,C4,temporal,covered,absent,0,0
a284b9beaa873044c3ae,UAE,C4,consequence,broader,direct_textual,0,1
a2eb709d85bf0187a4eb,OMN,C2,addressee,uncovered,direct_textual,0,1
a2eb709d85bf0187a4eb,OMN,C2,modality,uncovered,direct_textual,0,1
a2eb709d85bf0187a4eb,OMN,C2,action,partial,direct_textual,0,1
a2eb709d85bf0187a4eb,OMN,C2,scope,covered,conceptual,0,1
a2eb709d85bf0187a4eb,OMN,C2,condition,covered,absent,0,0
a2eb709d85bf0187a4eb,OMN,C2,exception,uncovered,absent,0,0
a2eb709d85bf0187a4eb,OMN,C2,temporal,covered,absent,0,0
a2eb709d85bf0187a4eb,OMN,C2,consequence,covered,absent,0,0
a31ba9b79329133643e4,UAE,C4,addressee,covered,direct_textual,0,1
a31ba9b79329133643e4,UAE,C4,modality,covered,direct_textual,0,1
a31ba9b79329133643e4,UAE,C4,action,covered,distributed,0,1
a31ba9b79329133643e4,UAE,C4,scope,broader,direct_textual,0,1
a31ba9b79329133643e4,UAE,C4,condition,uncovered,absent,0,0
a31ba9b79329133643e4,UAE,C4,exception,covered,absent,0,0
a31ba9b79329133643e4,UAE,C4,temporal,covered,absent,0,0
a31ba9b79329133643e4,UAE,C4,consequence,covered,absent,0,0
a338c5e9460dd2fb646f,UAE,C4,addressee,uncovered,direct_textual,1,1
a338c5e9460dd2fb646f,UAE,C4,modality,covered,direct_textual,1,1
a338c5e9460dd2fb646f,UAE,C4,action,narrower,distributed,1,1
a338c5e9460dd2fb646f,UAE,C4,scope,narrower,distributed,1,1
a338c5e9460dd2fb646f,UAE,C4,condition,partial,distributed,1,1
a338c5e9460dd2fb646f,UAE,C4,exception,covered,absent,1,0
a338c5e9460dd2fb646f,UAE,C4,temporal,covered,absent,1,0
a338c5e9460dd2fb646f,UAE,C4,consequence,covered,absent,1,0
a38ca4878ae444f33995,KWT,C4,addressee,covered,conceptual,0,1
a38ca4878ae444f33995,KWT,C4,modality,covered,direct_textual,0,1
a38ca4878ae444f33995,KWT,C4,action,partial,distributed,0,1
a38ca4878ae444f33995,KWT,C4,scope,narrower,direct_textual,0,1
a38ca4878ae444f33995,KWT,C4,condition,covered,direct_textual,0,1
a38ca4878ae444f33995,KWT,C4,exception,covered,absent,0,0
a38ca4878ae444f33995,KWT,C4,temporal,uncovered,direct_textual,0,1
a38ca4878ae444f33995,KWT,C4,consequence,covered,absent,0,0
a403aa0b94403a46a012,UAE,C5,addressee,uncovered,absent,0,0
a403aa0b94403a46a012,UAE,C5,modality,uncovered,absent,0,0
a403aa0b94403a46a012,UAE,C5,action,uncovered,absent,0,0
a403aa0b94403a46a012,UAE,C5,scope,uncovered,absent,0,0
a403aa0b94403a46a012,UAE,C5,condition,uncovered,absent,0,0
a403aa0b94403a46a012,UAE,C5,exception,uncovered,absent,0,0
a403aa0b94403a46a012,UAE,C5,temporal,uncovered,absent,0,0
a403aa0b94403a46a012,UAE,C5,consequence,uncovered,absent,0,0
a40f24895fa875084c98,QAT,C2,addressee,covered,direct_textual,0,1
a40f24895fa875084c98,QAT,C2,modality,covered,direct_textual,0,1
a40f24895fa875084c98,QAT,C2,action,covered,direct_textual,0,1
a40f24895fa875084c98,QAT,C2,scope,covered,absent,0,0
a40f24895fa875084c98,QAT,C2,condition,broader,direct_textual,0,1
a40f24895fa875084c98,QAT,C2,exception,uncovered,absent,0,0
a40f24895fa875084c98,QAT,C2,temporal,covered,conceptual,0,1
a40f24895fa875084c98,QAT,C2,consequence,covered,absent,0,0
a431fb65a5ae82b93441,QAT,C2,addressee,covered,direct_textual,0,1
a431fb65a5ae82b93441,QAT,C2,modality,covered,direct_textual,0,1
a431fb65a5ae82b93441,QAT,C2,action,uncovered,absent,0,0
a431fb65a5ae82b93441,QAT,C2,scope,uncovered,absent,0,0
a431fb65a5ae82b93441,QAT,C2,condition,uncovered,absent,0,0
a431fb65a5ae82b93441,QAT,C2,exception,uncovered,absent,0,0
a431fb65a5ae82b93441,QAT,C2,temporal,uncovered,absent,0,0
a431fb65a5ae82b93441,QAT,C2,consequence,uncovered,absent,0,0
a4d21f60650cb2cee853,KSA,C4,addressee,covered,direct_textual,0,1
a4d21f60650cb2cee853,KSA,C4,modality,covered,direct_textual,0,1
a4d21f60650cb2cee853,KSA,C4,action,covered,distributed,0,1
a4d21f60650cb2cee853,KSA,C4,scope,broader,distributed,0,1
a4d21f60650cb2cee853,KSA,C4,condition,partial,direct_textual,0,1
a4d21f60650cb2cee853,KSA,C4,exception,covered,absent,0,0
a4d21f60650cb2cee853,KSA,C4,temporal,covered,absent,0,0
a4d21f60650cb2cee853,KSA,C4,consequence,covered,absent,0,0
a5393b1c6b7d4841335c,QAT,C5,addressee,uncovered,absent,0,0
a5393b1c6b7d4841335c,QAT,C5,modality,uncovered,absent,0,0
a5393b1c6b7d4841335c,QAT,C5,action,uncovered,absent,0,0
a5393b1c6b7d4841335c,QAT,C5,scope,covered,absent,0,0
a5393b1c6b7d4841335c,QAT,C5,condition,uncovered,absent,0,0
a5393b1c6b7d4841335c,QAT,C5,exception,covered,absent,0,0
a5393b1c6b7d4841335c,QAT,C5,temporal,covered,absent,0,0
a5393b1c6b7d4841335c,QAT,C5,consequence,covered,absent,0,0
a5fd74b2a161c4284c21,BHR,C2,addressee,covered,conceptual,0,1
a5fd74b2a161c4284c21,BHR,C2,modality,covered,direct_textual,0,1
a5fd74b2a161c4284c21,BHR,C2,action,uncovered,absent,0,0
a5fd74b2a161c4284c21,BHR,C2,scope,covered,distributed,0,1
a5fd74b2a161c4284c21,BHR,C2,condition,uncovered,absent,0,0
a5fd74b2a161c4284c21,BHR,C2,exception,uncovered,absent,0,0
a5fd74b2a161c4284c21,BHR,C2,temporal,uncovered,absent,0,0
a5fd74b2a161c4284c21,BHR,C2,consequence,uncovered,absent,0,0
a6152340ebab9b730815,QAT,C5,addressee,uncovered,absent,0,0
a6152340ebab9b730815,QAT,C5,modality,uncovered,absent,0,0
a6152340ebab9b730815,QAT,C5,action,uncovered,absent,0,0
a6152340ebab9b730815,QAT,C5,scope,uncovered,absent,0,0
a6152340ebab9b730815,QAT,C5,condition,uncovered,absent,0,0
a6152340ebab9b730815,QAT,C5,exception,uncovered,absent,0,0
a6152340ebab9b730815,QAT,C5,temporal,uncovered,absent,0,0
a6152340ebab9b730815,QAT,C5,consequence,uncovered,absent,0,0
a63e003213d755b73018,BHR,C5,addressee,uncovered,absent,0,0
a63e003213d755b73018,BHR,C5,modality,uncovered,absent,0,0
a63e003213d755b73018,BHR,C5,action,uncovered,absent,0,0
a63e003213d755b73018,BHR,C5,scope,uncovered,absent,0,0
a63e003213d755b73018,BHR,C5,condition,uncovered,absent,0,0
a63e003213d755b73018,BHR,C5,exception,covered,absent,0,0
a63e003213d755b73018,BHR,C5,temporal,covered,absent,0,0
a63e003213d755b73018,BHR,C5,consequence,covered,absent,0,0
a64e5ab1f0a39b2ab1f0,KWT,C2,addressee,covered,direct_textual,0,1
a64e5ab1f0a39b2ab1f0,KWT,C2,modality,covered,direct_textual,0,1
a64e5ab1f0a39b2ab1f0,KWT,C2,action,uncovered,absent,0,0
a64e5ab1f0a39b2ab1f0,KWT,C2,scope,covered,absent,0,0
a64e5ab1f0a39b2ab1f0,KWT,C2,condition,uncovered,absent,0,0
a64e5ab1f0a39b2ab1f0,KWT,C2,exception,covered,absent,0,0
a64e5ab1f0a39b2ab1f0,KWT,C2,temporal,covered,absent,0,0
a64e5ab1f0a39b2ab1f0,KWT,C2,consequence,covered,absent,0,0
a65e89919b1a4c294e96,OMN,C2,addressee,uncovered,absent,0,0
a65e89919b1a4c294e96,OMN,C2,modality,uncovered,absent,0,0
a65e89919b1a4c294e96,OMN,C2,action,uncovered,absent,0,0
a65e89919b1a4c294e96,OMN,C2,scope,covered,direct_textual,1,1
a65e89919b1a4c294e96,OMN,C2,condition,covered,absent,0,0
a65e89919b1a4c294e96,OMN,C2,exception,covered,absent,0,0
a65e89919b1a4c294e96,OMN,C2,temporal,uncovered,absent,0,0
a65e89919b1a4c294e96,OMN,C2,consequence,covered,absent,0,0
a6af13e05050f1e8259f,QAT,C4,addressee,broader,distributed,1,1
a6af13e05050f1e8259f,QAT,C4,modality,covered,direct_textual,1,1
a6af13e05050f1e8259f,QAT,C4,action,partial,distributed,1,1
a6af13e05050f1e8259f,QAT,C4,scope,covered,direct_textual,1,1
a6af13e05050f1e8259f,QAT,C4,condition,narrower,distributed,1,1
a6af13e05050f1e8259f,QAT,C4,exception,covered,absent,0,0
a6af13e05050f1e8259f,QAT,C4,temporal,covered,absent,0,0
a6af13e05050f1e8259f,QAT,C4,consequence,covered,absent,1,0
a6cc2654541119ad1580,QAT,C5,addressee,uncovered,absent,0,0
a6cc2654541119ad1580,QAT,C5,modality,uncovered,absent,0,0
a6cc2654541119ad1580,QAT,C5,action,uncovered,absent,0,0
a6cc2654541119ad1580,QAT,C5,scope,uncovered,absent,0,0
a6cc2654541119ad1580,QAT,C5,condition,uncovered,absent,0,0
a6cc2654541119ad1580,QAT,C5,exception,uncovered,absent,0,0
a6cc2654541119ad1580,QAT,C5,temporal,uncovered,absent,0,0
a6cc2654541119ad1580,QAT,C5,consequence,uncovered,absent,0,0
a6ee0fa1eb4e4078a5a2,OMN,C2,addressee,uncovered,absent,0,0
a6ee0fa1eb4e4078a5a2,OMN,C2,modality,uncovered,absent,0,0
a6ee0fa1eb4e4078a5a2,OMN,C2,action,uncovered,absent,0,0
a6ee0fa1eb4e4078a5a2,OMN,C2,scope,covered,conceptual,0,1
a6ee0fa1eb4e4078a5a2,OMN,C2,condition,covered,absent,0,0
a6ee0fa1eb4e4078a5a2,OMN,C2,exception,covered,absent,0,0
a6ee0fa1eb4e4078a5a2,OMN,C2,temporal,covered,absent,0,0
a6ee0fa1eb4e4078a5a2,OMN,C2,consequence,covered,absent,0,0
a713a8d8def82aa36d7f,OMN,C2,addressee,covered,direct_textual,0,1
a713a8d8def82aa36d7f,OMN,C2,modality,uncovered,absent,0,0
a713a8d8def82aa36d7f,OMN,C2,action,uncovered,absent,0,0
a713a8d8def82aa36d7f,OMN,C2,scope,uncovered,absent,0,0
a713a8d8def82aa36d7f,OMN,C2,condition,uncovered,absent,0,0
a713a8d8def82aa36d7f,OMN,C2,exception,uncovered,absent,0,0
a713a8d8def82aa36d7f,OMN,C2,temporal,uncovered,absent,0,0
a713a8d8def82aa36d7f,OMN,C2,consequence,uncovered,absent,0,0
a7230e31077085df7bf2,KWT,C2,addressee,covered,conceptual,0,1
a7230e31077085df7bf2,KWT,C2,modality,covered,direct_textual,0,1
a7230e31077085df7bf2,KWT,C2,action,uncovered,absent,0,0
a7230e31077085df7bf2,KWT,C2,scope,uncovered,absent,0,0
a7230e31077085df7bf2,KWT,C2,condition,uncovered,absent,0,0
a7230e31077085df7bf2,KWT,C2,exception,covered,absent,0,0
a7230e31077085df7bf2,KWT,C2,temporal,covered,absent,0,0
a7230e31077085df7bf2,KWT,C2,consequence,covered,absent,0,0
a73cf5224479bfc9b82e,UAE,C4,addressee,covered,direct_textual,0,1
a73cf5224479bfc9b82e,UAE,C4,modality,covered,direct_textual,0,1
a73cf5224479bfc9b82e,UAE,C4,action,narrower,direct_textual,0,1
a73cf5224479bfc9b82e,UAE,C4,scope,narrower,direct_textual,0,1
a73cf5224479bfc9b82e,UAE,C4,condition,covered,direct_textual,0,1
a73cf5224479bfc9b82e,UAE,C4,exception,covered,absent,0,0
a73cf5224479bfc9b82e,UAE,C4,temporal,broader,direct_textual,0,1
a73cf5224479bfc9b82e,UAE,C4,consequence,covered,absent,0,0
a773f0c6e094fe8a7478,QAT,C2,addressee,covered,direct_textual,1,1
a773f0c6e094fe8a7478,QAT,C2,modality,covered,direct_textual,1,1
a773f0c6e094fe8a7478,QAT,C2,action,uncovered,absent,0,0
a773f0c6e094fe8a7478,QAT,C2,scope,covered,absent,0,0
a773f0c6e094fe8a7478,QAT,C2,condition,uncovered,absent,0,0
a773f0c6e094fe8a7478,QAT,C2,exception,uncovered,absent,0,0
a773f0c6e094fe8a7478,QAT,C2,temporal,covered,absent,0,0
a773f0c6e094fe8a7478,QAT,C2,consequence,covered,absent,0,0
a78e7e8ef5a8f067065c,UAE,C4,addressee,broader,direct_textual,1,1
a78e7e8ef5a8f067065c,UAE,C4,modality,covered,direct_textual,1,1
a78e7e8ef5a8f067065c,UAE,C4,action,covered,direct_textual,1,1
a78e7e8ef5a8f067065c,UAE,C4,scope,narrower,direct_textual,1,1
a78e7e8ef5a8f067065c,UAE,C4,condition,partial,distributed,1,1
a78e7e8ef5a8f067065c,UAE,C4,exception,covered,absent,1,0
a78e7e8ef5a8f067065c,UAE,C4,temporal,partial,distributed,1,1
a78e7e8ef5a8f067065c,UAE,C4,consequence,covered,absent,1,0
a7f7d95b5d482620dc00,KWT,C5,addressee,uncovered,absent,0,0
a7f7d95b5d482620dc00,KWT,C5,modality,uncovered,absent,0,0
a7f7d95b5d482620dc00,KWT,C5,action,uncovered,absent,0,0
a7f7d95b5d482620dc00,KWT,C5,scope,uncovered,absent,0,0
a7f7d95b5d482620dc00,KWT,C5,condition,uncovered,absent,0,0
a7f7d95b5d482620dc00,KWT,C5,exception,uncovered,absent,0,0
a7f7d95b5d482620dc00,KWT,C5,temporal,uncovered,absent,0,0
a7f7d95b5d482620dc00,KWT,C5,consequence,uncovered,absent,0,0
a87b6bd8baa81f95f203,KSA,C2,addressee,covered,direct_textual,0,1
a87b6bd8baa81f95f203,KSA,C2,modality,partial,direct_textual,0,1
a87b6bd8baa81f95f203,KSA,C2,action,partial,conceptual,0,1
a87b6bd8baa81f95f203,KSA,C2,scope,partial,distributed,0,1
a87b6bd8baa81f95f203,KSA,C2,condition,partial,direct_textual,0,1
a87b6bd8baa81f95f203,KSA,C2,exception,covered,absent,0,0
a87b6bd8baa81f95f203,KSA,C2,temporal,covered,absent,0,0
a87b6bd8baa81f95f203,KSA,C2,consequence,covered,absent,0,0
a910399b90a936bc7713,QAT,C4,addressee,narrower,distributed,0,1
a910399b90a936bc7713,QAT,C4,modality,covered,direct_textual,0,1
a910399b90a936bc7713,QAT,C4,action,covered,distributed,0,1
a910399b90a936bc7713,QAT,C4,scope,narrower,direct_textual,0,1
a910399b90a936bc7713,QAT,C4,condition,partial,direct_textual,0,1
a910399b90a936bc7713,QAT,C4,exception,covered,absent,0,0
a910399b90a936bc7713,QAT,C4,temporal,covered,absent,0,0
a910399b90a936bc7713,QAT,C4,consequence,broader,direct_textual,0,1
a9504ad66abe88149f28,UAE,C2,addressee,covered,conceptual,1,1
a9504ad66abe88149f28,UAE,C2,modality,covered,direct_textual,1,1
a9504ad66abe88149f28,UAE,C2,action,partial,distributed,1,1
a9504ad66abe88149f28,UAE,C2,scope,partial,distributed,1,1
a9504ad66abe88149f28,UAE,C2,condition,uncovered,direct_textual,1,1
a9504ad66abe88149f28,UAE,C2,exception,covered,absent,1,0
a9504ad66abe88149f28,UAE,C2,temporal,covered,absent,1,0
a9504ad66abe88149f28,UAE,C2,consequence,covered,absent,1,0
a9bbc3bc6bfcca6389f9,KSA,C2,addressee,covered,distributed,0,1
a9bbc3bc6bfcca6389f9,KSA,C2,modality,covered,direct_textual,0,1
a9bbc3bc6bfcca6389f9,KSA,C2,action,covered,direct_textual,0,1
a9bbc3bc6bfcca6389f9,KSA,C2,scope,partial,distributed,0,1
a9bbc3bc6bfcca6389f9,KSA,C2,condition,covered,direct_textual,0,1
a9bbc3bc6bfcca6389f9,KSA,C2,exception,covered,absent,0,1
a9bbc3bc6bfcca6389f9,KSA,C2,temporal,covered,absent,0,0
a9bbc3bc6bfcca6389f9,KSA,C2,consequence,covered,absent,0,0
aa1b24ea382117eae924,BHR,C4,addressee,narrower,direct_textual,0,1
aa1b24ea382117eae924,BHR,C4,modality,covered,direct_textual,0,1
aa1b24ea382117eae924,BHR,C4,action,covered,conceptual,0,1
aa1b24ea382117eae924,BHR,C4,scope,covered,conceptual,0,1
aa1b24ea382117eae924,BHR,C4,condition,broader,distributed,0,1
aa1b24ea382117eae924,BHR,C4,exception,broader,direct_textual,0,1
aa1b24ea382117eae924,BHR,C4,temporal,covered,absent,0,0
aa1b24ea382117eae924,BHR,C4,consequence,covered,absent,0,0
aa9056a8d7576cea7fa0,BHR,C4,addressee,covered,direct_textual,1,1
aa9056a8d7576cea7fa0,BHR,C4,modality,covered,direct_textual,1,1
aa9056a8d7576cea7fa0,BHR,C4,action,uncovered,direct_textual,1,1
aa9056a8d7576cea7fa0,BHR,C4,scope,narrower,direct_textual,1,1
aa9056a8d7576cea7fa0,BHR,C4,condition,narrower,direct_textual,1,1
aa9056a8d7576cea7fa0,BHR,C4,exception,narrower,direct_textual,1,1
aa9056a8d7576cea7fa0,BHR,C4,temporal,narrower,direct_textual,1,1
aa9056a8d7576cea7fa0,BHR,C4,consequence,broader,direct_textual,1,1
aa961d3b868b1d1651c7,QAT,C2,addressee,partial,conceptual,1,1
aa961d3b868b1d1651c7,QAT,C2,modality,covered,direct_textual,1,1
aa961d3b868b1d1651c7,QAT,C2,action,partial,direct_textual,1,1
aa961d3b868b1d1651c7,QAT,C2,scope,uncovered,absent,1,0
aa961d3b868b1d1651c7,QAT,C2,condition,partial,distributed,1,1
aa961d3b868b1d1651c7,QAT,C2,exception,broader,direct_textual,1,1
aa961d3b868b1d1651c7,QAT,C2,temporal,covered,absent,1,0
aa961d3b868b1d1651c7,QAT,C2,consequence,covered,absent,1,0
ab2f1e78561b68f38daa,KSA,C3,addressee,covered,direct_textual,0,1
ab2f1e78561b68f38daa,KSA,C3,modality,weaker_modality,direct_textual,0,1
ab2f1e78561b68f38daa,KSA,C3,action,narrower,direct_textual,0,1
ab2f1e78561b68f38daa,KSA,C3,scope,narrower,direct_textual,0,1
ab2f1e78561b68f38daa,KSA,C3,condition,partial,distributed,0,1
ab2f1e78561b68f38daa,KSA,C3,exception,partial,conceptual,0,1
ab2f1e78561b68f38daa,KSA,C3,temporal,covered,absent,0,0
ab2f1e78561b68f38daa,KSA,C3,consequence,covered,absent,0,0
ab59ceaecac17e925334,KSA,C4,addressee,covered,direct_textual,0,1
ab59ceaecac17e925334,KSA,C4,modality,covered,direct_textual,0,1
ab59ceaecac17e925334,KSA,C4,action,covered,direct_textual,0,1
ab59ceaecac17e925334,KSA,C4,scope,broader,direct_textual,0,1
ab59ceaecac17e925334,KSA,C4,condition,covered,absent,0,0
ab59ceaecac17e925334,KSA,C4,exception,uncovered,absent,0,0
ab59ceaecac17e925334,KSA,C4,temporal,covered,absent,0,0
ab59ceaecac17e925334,KSA,C4,consequence,covered,absent,0,0
ab71bfaa08aa94353ea2,KWT,C5,addressee,uncovered,absent,0,0
ab71bfaa08aa94353ea2,KWT,C5,modality,uncovered,absent,0,0
ab71bfaa08aa94353ea2,KWT,C5,action,uncovered,absent,0,0
ab71bfaa08aa94353ea2,KWT,C5,scope,uncovered,absent,0,0
ab71bfaa08aa94353ea2,KWT,C5,condition,uncovered,absent,0,0
ab71bfaa08aa94353ea2,KWT,C5,exception,uncovered,absent,0,0
ab71bfaa08aa94353ea2,KWT,C5,temporal,uncovered,absent,0,0
ab71bfaa08aa94353ea2,KWT,C5,consequence,uncovered,absent,0,0
abbcb947f39833dae00e,QAT,C2,addressee,covered,direct_textual,0,1
abbcb947f39833dae00e,QAT,C2,modality,covered,direct_textual,0,1
abbcb947f39833dae00e,QAT,C2,action,partial,distributed,0,1
abbcb947f39833dae00e,QAT,C2,scope,partial,conceptual,0,1
abbcb947f39833dae00e,QAT,C2,condition,partial,distributed,0,1
abbcb947f39833dae00e,QAT,C2,exception,covered,absent,0,0
abbcb947f39833dae00e,QAT,C2,temporal,covered,absent,0,0
abbcb947f39833dae00e,QAT,C2,consequence,covered,absent,0,0
acebf87aff8e490460e9,KSA,C2,addressee,uncovered,direct_textual,1,1
acebf87aff8e490460e9,KSA,C2,modality,uncovered,direct_textual,1,1
acebf87aff8e490460e9,KSA,C2,action,uncovered,conceptual,1,1
acebf87aff8e490460e9,KSA,C2,scope,uncovered,direct_textual,1,1
acebf87aff8e490460e9,KSA,C2,condition,uncovered,direct_textual,1,1
acebf87aff8e490460e9,KSA,C2,exception,uncovered,direct_textual,1,1
acebf87aff8e490460e9,KSA,C2,temporal,covered,absent,0,0
acebf87aff8e490460e9,KSA,C2,consequence,covered,absent,0,0
ad393f92b52cfeaa8fa7,KWT,C2,addressee,covered,conceptual,1,1
ad393f92b52cfeaa8fa7,KWT,C2,modality,covered,direct_textual,1,1
ad393f92b52cfeaa8fa7,KWT,C2,action,uncovered,absent,0,0
ad393f92b52cfeaa8fa7,KWT,C2,scope,uncovered,absent,0,0
ad393f92b52cfeaa8fa7,KWT,C2,condition,covered,absent,0,0
ad393f92b52cfeaa8fa7,KWT,C2,exception,covered,absent,0,0
ad393f92b52cfeaa8fa7,KWT,C2,temporal,covered,absent,0,0
ad393f92b52cfeaa8fa7,KWT,C2,consequence,covered,absent,0,0
ad91f5d0ba268d4d4f56,BHR,C2,addressee,covered,direct_textual,0,1
ad91f5d0ba268d4d4f56,BHR,C2,modality,covered,direct_textual,0,1
ad91f5d0ba268d4d4f56,BHR,C2,action,partial,direct_textual,0,1
ad91f5d0ba268d4d4f56,BHR,C2,scope,covered,direct_textual,0,1
ad91f5d0ba268d4d4f56,BHR,C2,condition,covered,direct_textual,0,1
ad91f5d0ba268d4d4f56,BHR,C2,exception,narrower,direct_textual,0,1
ad91f5d0ba268d4d4f56,BHR,C2,temporal,broader,direct_textual,0,1
ad91f5d0ba268d4d4f56,BHR,C2,consequence,covered,absent,0,0
ae7ee4a1bae9161a9601,KWT,C4,addressee,uncovered,direct_textual,0,1
ae7ee4a1bae9161a9601,KWT,C4,modality,covered,direct_textual,0,1
ae7ee4a1bae9161a9601,KWT,C4,action,covered,direct_textual,0,1
ae7ee4a1bae9161a9601,KWT,C4,scope,broader,direct_textual,0,1
ae7ee4a1bae9161a9601,KWT,C4,condition,covered,absent,0,1
ae7ee4a1bae9161a9601,KWT,C4,exception,partial,direct_textual,0,1
ae7ee4a1bae9161a9601,KWT,C4,temporal,covered,absent,0,0
ae7ee4a1bae9161a9601,KWT,C4,consequence,covered,absent,0,0
aeaea68052ad4ca5cc9b,KSA,C2,addressee,covered,direct_textual,1,1
aeaea68052ad4ca5cc9b,KSA,C2,modality,uncovered,absent,0,0
aeaea68052ad4ca5cc9b,KSA,C2,action,uncovered,absent,0,0
aeaea68052ad4ca5cc9b,KSA,C2,scope,uncovered,absent,0,0
aeaea68052ad4ca5cc9b,KSA,C2,condition,covered,absent,0,0
aeaea68052ad4ca5cc9b,KSA,C2,exception,covered,absent,0,0
aeaea68052ad4ca5cc9b,KSA,C2,temporal,covered,absent,0,0
aeaea68052ad4ca5cc9b,KSA,C2,consequence,covered,absent,0,0
aef3e98c52005c87f35b,UAE,C3,addressee,covered,direct_textual,1,1
aef3e98c52005c87f35b,UAE,C3,modality,weaker_modality,direct_textual,1,1
aef3e98c52005c87f35b,UAE,C3,action,partial,distributed,1,1
aef3e98c52005c87f35b,UAE,C3,scope,broader,direct_textual,1,1
aef3e98c52005c87f35b,UAE,C3,condition,narrower,direct_textual,1,1
aef3e98c52005c87f35b,UAE,C3,exception,covered,absent,0,0
aef3e98c52005c87f35b,UAE,C3,temporal,covered,direct_textual,1,1
aef3e98c52005c87f35b,UAE,C3,consequence,covered,absent,0,0
af062c987e744fce778c,OMN,C2,addressee,covered,direct_textual,0,1
af062c987e744fce778c,OMN,C2,modality,covered,direct_textual,0,1
af062c987e744fce778c,OMN,C2,action,partial,distributed,0,1
af062c987e744fce778c,OMN,C2,scope,covered,direct_textual,0,1
af062c987e744fce778c,OMN,C2,condition,narrower,direct_textual,0,1
af062c987e744fce778c,OMN,C2,exception,covered,absent,0,0
af062c987e744fce778c,OMN,C2,temporal,covered,absent,0,0
af062c987e744fce778c,OMN,C2,consequence,covered,absent,0,0
af69465792d7154352fc,BHR,C5,addressee,uncovered,absent,0,0
af69465792d7154352fc,BHR,C5,modality,uncovered,absent,0,0
af69465792d7154352fc,BHR,C5,action,uncovered,absent,0,0
af69465792d7154352fc,BHR,C5,scope,uncovered,absent,0,0
af69465792d7154352fc,BHR,C5,condition,uncovered,absent,0,0
af69465792d7154352fc,BHR,C5,exception,uncovered,absent,0,0
af69465792d7154352fc,BHR,C5,temporal,uncovered,absent,0,0
af69465792d7154352fc,BHR,C5,consequence,uncovered,absent,0,0
afc729cd16843c52352c,KWT,C2,addressee,covered,direct_textual,0,1
afc729cd16843c52352c,KWT,C2,modality,covered,distributed,0,1
afc729cd16843c52352c,KWT,C2,action,covered,direct_textual,0,1
afc729cd16843c52352c,KWT,C2,scope,covered,direct_textual,0,1
afc729cd16843c52352c,KWT,C2,condition,uncovered,absent,0,1
afc729cd16843c52352c,KWT,C2,exception,covered,absent,0,1
afc729cd16843c52352c,KWT,C2,temporal,uncovered,absent,0,1
afc729cd16843c52352c,KWT,C2,consequence,covered,absent,0,1
affd75d1419f95786590,BHR,C4,addressee,narrower,direct_textual,1,1
affd75d1419f95786590,BHR,C4,modality,covered,direct_textual,1,1
affd75d1419f95786590,BHR,C4,action,partial,distributed,1,1
affd75d1419f95786590,BHR,C4,scope,broader,direct_textual,1,1
affd75d1419f95786590,BHR,C4,condition,covered,absent,0,0
affd75d1419f95786590,BHR,C4,exception,covered,absent,0,0
affd75d1419f95786590,BHR,C4,temporal,covered,absent,0,0
affd75d1419f95786590,BHR,C4,consequence,covered,absent,0,0
b04321ccbc65475b75fc,KWT,C4,addressee,covered,conceptual,1,1
b04321ccbc65475b75fc,KWT,C4,modality,covered,direct_textual,1,1
b04321ccbc65475b75fc,KWT,C4,action,covered,distributed,1,1
b04321ccbc65475b75fc,KWT,C4,scope,broader,direct_textual,1,1
b04321ccbc65475b75fc,KWT,C4,condition,broader,absent,1,0
b04321ccbc65475b75fc,KWT,C4,exception,broader,absent,1,0
b04321ccbc65475b75fc,KWT,C4,temporal,narrower,direct_textual,1,1
b04321ccbc65475b75fc,KWT,C4,consequence,covered,absent,0,0
b11245f23883f8a8f512,UAE,C5,addressee,uncovered,absent,0,0
b11245f23883f8a8f512,UAE,C5,modality,uncovered,absent,0,0
b11245f23883f8a8f512,UAE,C5,action,uncovered,absent,0,0
b11245f23883f8a8f512,UAE,C5,scope,uncovered,absent,0,0
b11245f23883f8a8f512,UAE,C5,condition,uncovered,absent,0,0
b11245f23883f8a8f512,UAE,C5,exception,uncovered,absent,0,0
b11245f23883f8a8f512,UAE,C5,temporal,uncovered,absent,0,0
b11245f23883f8a8f512,UAE,C5,consequence,uncovered,absent,0,0
b12ea1a6baff62b7155a,BHR,C2,addressee,covered,direct_textual,1,1
b12ea1a6baff62b7155a,BHR,C2,modality,covered,conceptual,1,1
b12ea1a6baff62b7155a,BHR,C2,action,covered,conceptual,1,1
b12ea1a6baff62b7155a,BHR,C2,scope,covered,absent,0,0
b12ea1a6baff62b7155a,BHR,C2,condition,partial,direct_textual,1,1
b12ea1a6baff62b7155a,BHR,C2,exception,covered,absent,0,0
b12ea1a6baff62b7155a,BHR,C2,temporal,broader,direct_textual,1,1
b12ea1a6baff62b7155a,BHR,C2,consequence,covered,absent,0,0
b167d786d03507e7c915,BHR,C1,addressee,covered,direct_textual,1,1
b167d786d03507e7c915,BHR,C1,modality,covered,direct_textual,1,1
b167d786d03507e7c915,BHR,C1,action,narrower,distributed,1,1
b167d786d03507e7c915,BHR,C1,scope,covered,direct_textual,1,1
b167d786d03507e7c915,BHR,C1,condition,narrower,direct_textual,1,1
b167d786d03507e7c915,BHR,C1,exception,covered,absent,0,0
b167d786d03507e7c915,BHR,C1,temporal,covered,absent,0,0
b167d786d03507e7c915,BHR,C1,consequence,covered,absent,1,0
b1a918c4ab314ba94561,KSA,C1,addressee,covered,direct_textual,0,1
b1a918c4ab314ba94561,KSA,C1,modality,covered,direct_textual,0,1
b1a918c4ab314ba94561,KSA,C1,action,covered,direct_textual,0,1
b1a918c4ab314ba94561,KSA,C1,scope,covered,absent,0,0
b1a918c4ab314ba94561,KSA,C1,condition,covered,direct_textual,0,1
b1a918c4ab314ba94561,KSA,C1,exception,broader,direct_textual,0,1
b1a918c4ab314ba94561,KSA,C1,temporal,covered,direct_textual,0,1
b1a918c4ab314ba94561,KSA,C1,consequence,covered,absent,0,0
b1efc9edaadd085a2679,UAE,C2,addressee,uncovered,absent,0,0
b1efc9edaadd085a2679,UAE,C2,modality,uncovered,absent,0,0
b1efc9edaadd085a2679,UAE,C2,action,uncovered,absent,0,0
b1efc9edaadd085a2679,UAE,C2,scope,uncovered,absent,0,0
b1efc9edaadd085a2679,UAE,C2,condition,uncovered,absent,0,0
b1efc9edaadd085a2679,UAE,C2,exception,partial,direct_textual,0,1
b1efc9edaadd085a2679,UAE,C2,temporal,uncovered,absent,0,0
b1efc9edaadd085a2679,UAE,C2,consequence,covered,absent,0,0
b2022ebcea9664555261,KWT,C5,addressee,uncovered,absent,0,0
b2022ebcea9664555261,KWT,C5,modality,uncovered,absent,0,0
b2022ebcea9664555261,KWT,C5,action,uncovered,absent,0,0
b2022ebcea9664555261,KWT,C5,scope,uncovered,absent,0,0
b2022ebcea9664555261,KWT,C5,condition,uncovered,absent,0,0
b2022ebcea9664555261,KWT,C5,exception,uncovered,absent,0,0
b2022ebcea9664555261,KWT,C5,temporal,covered,conceptual,0,0
b2022ebcea9664555261,KWT,C5,consequence,covered,conceptual,0,0
b226da9f33d117194025,OMN,C5,addressee,uncovered,absent,0,0
b226da9f33d117194025,OMN,C5,modality,uncovered,absent,0,0
b226da9f33d117194025,OMN,C5,action,uncovered,absent,0,0
b226da9f33d117194025,OMN,C5,scope,uncovered,absent,0,0
b226da9f33d117194025,OMN,C5,condition,covered,absent,0,0
b226da9f33d117194025,OMN,C5,exception,covered,absent,0,0
b226da9f33d117194025,OMN,C5,temporal,covered,absent,0,0
b226da9f33d117194025,OMN,C5,consequence,covered,absent,0,0
b23dbd2dd1ac414f16df,OMN,C2,addressee,covered,direct_textual,0,1
b23dbd2dd1ac414f16df,OMN,C2,modality,covered,direct_textual,0,1
b23dbd2dd1ac414f16df,OMN,C2,action,covered,direct_textual,0,1
b23dbd2dd1ac414f16df,OMN,C2,scope,covered,direct_textual,0,1
b23dbd2dd1ac414f16df,OMN,C2,condition,broader,absent,0,1
b23dbd2dd1ac414f16df,OMN,C2,exception,partial,direct_textual,0,1
b23dbd2dd1ac414f16df,OMN,C2,temporal,broader,direct_textual,0,1
b23dbd2dd1ac414f16df,OMN,C2,consequence,covered,absent,0,0
b3448ad3ef1aa25549de,BHR,C2,addressee,covered,direct_textual,0,1
b3448ad3ef1aa25549de,BHR,C2,modality,covered,direct_textual,0,1
b3448ad3ef1aa25549de,BHR,C2,action,partial,distributed,0,1
b3448ad3ef1aa25549de,BHR,C2,scope,covered,distributed,0,1
b3448ad3ef1aa25549de,BHR,C2,condition,covered,conceptual,0,1
b3448ad3ef1aa25549de,BHR,C2,exception,broader,absent,0,0
b3448ad3ef1aa25549de,BHR,C2,temporal,covered,absent,0,0
b3448ad3ef1aa25549de,BHR,C2,consequence,covered,absent,0,0
b37272c7344256bdda0b,KWT,C2,addressee,covered,direct_textual,0,1
b37272c7344256bdda0b,KWT,C2,modality,covered,direct_textual,0,1
b37272c7344256bdda0b,KWT,C2,action,uncovered,absent,0,0
b37272c7344256bdda0b,KWT,C2,scope,uncovered,absent,0,0
b37272c7344256bdda0b,KWT,C2,condition,uncovered,absent,0,0
b37272c7344256bdda0b,KWT,C2,exception,uncovered,absent,0,0
b37272c7344256bdda0b,KWT,C2,temporal,uncovered,absent,0,0
b37272c7344256bdda0b,KWT,C2,consequence,uncovered,absent,0,0
b3a5c2a136e9d9452784,BHR,C4,addressee,covered,distributed,0,1
b3a5c2a136e9d9452784,BHR,C4,modality,covered,direct_textual,0,1
b3a5c2a136e9d9452784,BHR,C4,action,partial,distributed,0,1
b3a5c2a136e9d9452784,BHR,C4,scope,narrower,direct_textual,0,1
b3a5c2a136e9d9452784,BHR,C4,condition,covered,conceptual,0,1
b3a5c2a136e9d9452784,BHR,C4,exception,covered,absent,0,0
b3a5c2a136e9d9452784,BHR,C4,temporal,covered,absent,0,0
b3a5c2a136e9d9452784,BHR,C4,consequence,covered,absent,0,0
b456a9c3041368e849e8,KWT,C2,addressee,covered,conceptual,1,1
b456a9c3041368e849e8,KWT,C2,modality,covered,direct_textual,1,1
b456a9c3041368e849e8,KWT,C2,action,partial,direct_textual,1,1
b456a9c3041368e849e8,KWT,C2,scope,uncovered,absent,0,0
b456a9c3041368e849e8,KWT,C2,condition,uncovered,absent,0,0
b456a9c3041368e849e8,KWT,C2,exception,covered,absent,0,0
b456a9c3041368e849e8,KWT,C2,temporal,covered,absent,0,0
b456a9c3041368e849e8,KWT,C2,consequence,covered,absent,0,0
b49032aaa320524d8c57,KWT,C4,addressee,narrower,conceptual,0,1
b49032aaa320524d8c57,KWT,C4,modality,covered,direct_textual,0,1
b49032aaa320524d8c57,KWT,C4,action,covered,direct_textual,0,1
b49032aaa320524d8c57,KWT,C4,scope,covered,conceptual,0,1
b49032aaa320524d8c57,KWT,C4,condition,partial,direct_textual,0,1
b49032aaa320524d8c57,KWT,C4,exception,uncovered,absent,0,1
b49032aaa320524d8c57,KWT,C4,temporal,narrower,direct_textual,0,1
b49032aaa320524d8c57,KWT,C4,consequence,covered,absent,0,1
b54936e40f630f60e908,KWT,C5,addressee,uncovered,absent,0,0
b54936e40f630f60e908,KWT,C5,modality,uncovered,absent,0,0
b54936e40f630f60e908,KWT,C5,action,uncovered,absent,0,0
b54936e40f630f60e908,KWT,C5,scope,uncovered,absent,0,0
b54936e40f630f60e908,KWT,C5,condition,uncovered,absent,0,0
b54936e40f630f60e908,KWT,C5,exception,uncovered,absent,0,0
b54936e40f630f60e908,KWT,C5,temporal,uncovered,absent,0,0
b54936e40f630f60e908,KWT,C5,consequence,uncovered,absent,0,0
b5ecfc1031520aadd9e2,KSA,C5,addressee,uncovered,absent,0,0
b5ecfc1031520aadd9e2,KSA,C5,modality,uncovered,absent,0,0
b5ecfc1031520aadd9e2,KSA,C5,action,uncovered,absent,0,0
b5ecfc1031520aadd9e2,KSA,C5,scope,uncovered,absent,0,0
b5ecfc1031520aadd9e2,KSA,C5,condition,uncovered,absent,0,0
b5ecfc1031520aadd9e2,KSA,C5,exception,uncovered,absent,0,0
b5ecfc1031520aadd9e2,KSA,C5,temporal,covered,absent,0,0
b5ecfc1031520aadd9e2,KSA,C5,consequence,covered,absent,0,0
b7178d07f7b16abf9c51,QAT,C2,addressee,uncovered,absent,0,0
b7178d07f7b16abf9c51,QAT,C2,modality,uncovered,absent,0,0
b7178d07f7b16abf9c51,QAT,C2,action,uncovered,absent,0,0
b7178d07f7b16abf9c51,QAT,C2,scope,uncovered,absent,0,0
b7178d07f7b16abf9c51,QAT,C2,condition,uncovered,absent,0,0
b7178d07f7b16abf9c51,QAT,C2,exception,uncovered,absent,0,0
b7178d07f7b16abf9c51,QAT,C2,temporal,covered,absent,0,0
b7178d07f7b16abf9c51,QAT,C2,consequence,covered,absent,0,0
b74a7c1efdc170679adc,QAT,C2,addressee,covered,direct_textual,0,1
b74a7c1efdc170679adc,QAT,C2,modality,uncovered,absent,0,0
b74a7c1efdc170679adc,QAT,C2,action,uncovered,absent,0,0
b74a7c1efdc170679adc,QAT,C2,scope,uncovered,absent,0,0
b74a7c1efdc170679adc,QAT,C2,condition,uncovered,absent,0,0
b74a7c1efdc170679adc,QAT,C2,exception,covered,absent,0,0
b74a7c1efdc170679adc,QAT,C2,temporal,covered,absent,0,0
b74a7c1efdc170679adc,QAT,C2,consequence,covered,absent,0,0
b7666e7bf4b654260217,BHR,C2,addressee,uncovered,absent,0,0
b7666e7bf4b654260217,BHR,C2,modality,covered,direct_textual,0,1
b7666e7bf4b654260217,BHR,C2,action,partial,direct_textual,0,1
b7666e7bf4b654260217,BHR,C2,scope,uncovered,absent,0,0
b7666e7bf4b654260217,BHR,C2,condition,uncovered,direct_textual,0,1
b7666e7bf4b654260217,BHR,C2,exception,covered,absent,0,0
b7666e7bf4b654260217,BHR,C2,temporal,covered,absent,0,0
b7666e7bf4b654260217,BHR,C2,consequence,covered,absent,0,0
b7cdcb1b0355c561458e,OMN,C2,addressee,covered,direct_textual,1,1
b7cdcb1b0355c561458e,OMN,C2,modality,covered,direct_textual,1,1
b7cdcb1b0355c561458e,OMN,C2,action,partial,conceptual,0,1
b7cdcb1b0355c561458e,OMN,C2,scope,uncovered,absent,0,0
b7cdcb1b0355c561458e,OMN,C2,condition,covered,conceptual,1,1
b7cdcb1b0355c561458e,OMN,C2,exception,covered,absent,0,0
b7cdcb1b0355c561458e,OMN,C2,temporal,covered,absent,0,0
b7cdcb1b0355c561458e,OMN,C2,consequence,covered,absent,0,0
b7f4372c488ae402f6df,BHR,C1,addressee,covered,direct_textual,0,1
b7f4372c488ae402f6df,BHR,C1,modality,covered,direct_textual,0,1
b7f4372c488ae402f6df,BHR,C1,action,covered,direct_textual,0,1
b7f4372c488ae402f6df,BHR,C1,scope,covered,conceptual,0,1
b7f4372c488ae402f6df,BHR,C1,condition,covered,direct_textual,0,1
b7f4372c488ae402f6df,BHR,C1,exception,covered,direct_textual,0,1
b7f4372c488ae402f6df,BHR,C1,temporal,weaker_modality,direct_textual,0,1
b7f4372c488ae402f6df,BHR,C1,consequence,broader,direct_textual,0,1
b80c9db727519753e95b,UAE,C2,addressee,covered,direct_textual,1,1
b80c9db727519753e95b,UAE,C2,modality,covered,direct_textual,1,1
b80c9db727519753e95b,UAE,C2,action,uncovered,direct_textual,1,1
b80c9db727519753e95b,UAE,C2,scope,covered,absent,0,0
b80c9db727519753e95b,UAE,C2,condition,broader,direct_textual,1,1
b80c9db727519753e95b,UAE,C2,exception,uncovered,direct_textual,1,1
b80c9db727519753e95b,UAE,C2,temporal,partial,direct_textual,1,1
b80c9db727519753e95b,UAE,C2,consequence,covered,absent,0,0
b83237ea1bfdb1b37a70,KSA,C4,addressee,narrower,direct_textual,1,1
b83237ea1bfdb1b37a70,KSA,C4,modality,covered,direct_textual,1,1
b83237ea1bfdb1b37a70,KSA,C4,action,covered,direct_textual,1,1
b83237ea1bfdb1b37a70,KSA,C4,scope,covered,direct_textual,1,1
b83237ea1bfdb1b37a70,KSA,C4,condition,uncovered,direct_textual,1,1
b83237ea1bfdb1b37a70,KSA,C4,exception,uncovered,absent,1,1
b83237ea1bfdb1b37a70,KSA,C4,temporal,covered,absent,1,1
b83237ea1bfdb1b37a70,KSA,C4,consequence,covered,absent,1,1
b877975a0f84747902eb,UAE,C5,addressee,uncovered,absent,0,0
b877975a0f84747902eb,UAE,C5,modality,uncovered,absent,0,0
b877975a0f84747902eb,UAE,C5,action,uncovered,absent,0,0
b877975a0f84747902eb,UAE,C5,scope,uncovered,absent,0,0
b877975a0f84747902eb,UAE,C5,condition,uncovered,absent,0,0
b877975a0f84747902eb,UAE,C5,exception,uncovered,absent,0,0
b877975a0f84747902eb,UAE,C5,temporal,uncovered,absent,0,0
b877975a0f84747902eb,UAE,C5,consequence,uncovered,absent,0,0
b8c42e6728372a3df09b,KSA,C3,addressee,covered,direct_textual,0,1
b8c42e6728372a3df09b,KSA,C3,modality,weaker_modality,direct_textual,0,1
b8c42e6728372a3df09b,KSA,C3,action,covered,direct_textual,0,1
b8c42e6728372a3df09b,KSA,C3,scope,covered,direct_textual,0,1
b8c42e6728372a3df09b,KSA,C3,condition,covered,absent,0,0
b8c42e6728372a3df09b,KSA,C3,exception,partial,distributed,0,1
b8c42e6728372a3df09b,KSA,C3,temporal,covered,absent,0,0
b8c42e6728372a3df09b,KSA,C3,consequence,broader,direct_textual,0,1
b93fda3e7b4bdbd4c00b,KSA,C2,addressee,uncovered,direct_textual,0,1
b93fda3e7b4bdbd4c00b,KSA,C2,modality,covered,direct_textual,0,1
b93fda3e7b4bdbd4c00b,KSA,C2,action,covered,direct_textual,0,1
b93fda3e7b4bdbd4c00b,KSA,C2,scope,covered,direct_textual,0,1
b93fda3e7b4bdbd4c00b,KSA,C2,condition,broader,direct_textual,0,1
b93fda3e7b4bdbd4c00b,KSA,C2,exception,covered,absent,0,0
b93fda3e7b4bdbd4c00b,KSA,C2,temporal,covered,absent,0,0
b93fda3e7b4bdbd4c00b,KSA,C2,consequence,covered,absent,0,0
b95f29c8956bbd2c02f1,KWT,C3,addressee,covered,conceptual,1,1
b95f29c8956bbd2c02f1,KWT,C3,modality,weaker_modality,direct_textual,1,1
b95f29c8956bbd2c02f1,KWT,C3,action,uncovered,absent,0,0
b95f29c8956bbd2c02f1,KWT,C3,scope,uncovered,absent,0,0
b95f29c8956bbd2c02f1,KWT,C3,condition,uncovered,absent,0,0
b95f29c8956bbd2c02f1,KWT,C3,exception,covered,absent,0,0
b95f29c8956bbd2c02f1,KWT,C3,temporal,covered,absent,0,0
b95f29c8956bbd2c02f1,KWT,C3,consequence,covered,absent,0,0
b97e2259e11db20c841f,BHR,C3,addressee,uncovered,direct_textual,0,1
b97e2259e11db20c841f,BHR,C3,modality,weaker_modality,direct_textual,0,1
b97e2259e11db20c841f,BHR,C3,action,covered,direct_textual,0,1
b97e2259e11db20c841f,BHR,C3,scope,covered,absent,0,0
b97e2259e11db20c841f,BHR,C3,condition,uncovered,direct_textual,0,1
b97e2259e11db20c841f,BHR,C3,exception,uncovered,absent,0,0
b97e2259e11db20c841f,BHR,C3,temporal,broader,direct_textual,0,1
b97e2259e11db20c841f,BHR,C3,consequence,covered,absent,0,0
b9d6ae48ad6c3b06acc9,KWT,C4,addressee,broader,conceptual,0,1
b9d6ae48ad6c3b06acc9,KWT,C4,modality,covered,direct_textual,0,1
b9d6ae48ad6c3b06acc9,KWT,C4,action,partial,direct_textual,0,1
b9d6ae48ad6c3b06acc9,KWT,C4,scope,uncovered,absent,0,1
b9d6ae48ad6c3b06acc9,KWT,C4,condition,covered,absent,0,0
b9d6ae48ad6c3b06acc9,KWT,C4,exception,covered,absent,0,0
b9d6ae48ad6c3b06acc9,KWT,C4,temporal,covered,absent,0,0
b9d6ae48ad6c3b06acc9,KWT,C4,consequence,covered,absent,0,0
b9e7b86b64629bdf5a2e,KWT,C2,addressee,covered,conceptual,0,1
b9e7b86b64629bdf5a2e,KWT,C2,modality,covered,direct_textual,0,1
b9e7b86b64629bdf5a2e,KWT,C2,action,partial,distributed,0,1
b9e7b86b64629bdf5a2e,KWT,C2,scope,uncovered,absent,0,0
b9e7b86b64629bdf5a2e,KWT,C2,condition,covered,absent,0,0
b9e7b86b64629bdf5a2e,KWT,C2,exception,covered,absent,0,0
b9e7b86b64629bdf5a2e,KWT,C2,temporal,covered,absent,0,0
b9e7b86b64629bdf5a2e,KWT,C2,consequence,covered,absent,0,0
ba327b60acb960ceba5c,UAE,C2,addressee,covered,direct_textual,1,1
ba327b60acb960ceba5c,UAE,C2,modality,uncovered,direct_textual,1,1
ba327b60acb960ceba5c,UAE,C2,action,partial,conceptual,1,1
ba327b60acb960ceba5c,UAE,C2,scope,partial,conceptual,1,1
ba327b60acb960ceba5c,UAE,C2,condition,narrower,direct_textual,1,1
ba327b60acb960ceba5c,UAE,C2,exception,uncovered,absent,1,1
ba327b60acb960ceba5c,UAE,C2,temporal,uncovered,absent,1,1
ba327b60acb960ceba5c,UAE,C2,consequence,broader,direct_textual,1,1
baead9245ce174322f2e,BHR,C4,addressee,uncovered,absent,0,0
baead9245ce174322f2e,BHR,C4,modality,uncovered,absent,0,0
baead9245ce174322f2e,BHR,C4,action,covered,distributed,1,1
baead9245ce174322f2e,BHR,C4,scope,narrower,distributed,1,1
baead9245ce174322f2e,BHR,C4,condition,covered,absent,0,0
baead9245ce174322f2e,BHR,C4,exception,covered,absent,0,0
baead9245ce174322f2e,BHR,C4,temporal,covered,absent,0,0
baead9245ce174322f2e,BHR,C4,consequence,covered,absent,0,0
bb199b3f33e9dd450a1d,KWT,C5,addressee,uncovered,absent,0,0
bb199b3f33e9dd450a1d,KWT,C5,modality,uncovered,absent,0,0
bb199b3f33e9dd450a1d,KWT,C5,action,uncovered,absent,0,0
bb199b3f33e9dd450a1d,KWT,C5,scope,uncovered,absent,0,0
bb199b3f33e9dd450a1d,KWT,C5,condition,uncovered,absent,0,0
bb199b3f33e9dd450a1d,KWT,C5,exception,uncovered,absent,0,0
bb199b3f33e9dd450a1d,KWT,C5,temporal,uncovered,absent,0,0
bb199b3f33e9dd450a1d,KWT,C5,consequence,uncovered,absent,0,0
bb322b8a6e269010b773,QAT,C2,addressee,covered,conceptual,0,1
bb322b8a6e269010b773,QAT,C2,modality,uncovered,absent,0,0
bb322b8a6e269010b773,QAT,C2,action,uncovered,absent,0,0
bb322b8a6e269010b773,QAT,C2,scope,covered,absent,0,0
bb322b8a6e269010b773,QAT,C2,condition,covered,direct_textual,0,1
bb322b8a6e269010b773,QAT,C2,exception,covered,absent,0,0
bb322b8a6e269010b773,QAT,C2,temporal,covered,absent,0,0
bb322b8a6e269010b773,QAT,C2,consequence,covered,absent,0,0
bb631e7031f7e3b9d27c,BHR,C5,addressee,uncovered,absent,0,0
bb631e7031f7e3b9d27c,BHR,C5,modality,uncovered,absent,0,0
bb631e7031f7e3b9d27c,BHR,C5,action,uncovered,absent,0,0
bb631e7031f7e3b9d27c,BHR,C5,scope,uncovered,absent,0,0
bb631e7031f7e3b9d27c,BHR,C5,condition,uncovered,absent,0,0
bb631e7031f7e3b9d27c,BHR,C5,exception,uncovered,absent,0,0
bb631e7031f7e3b9d27c,BHR,C5,temporal,uncovered,absent,0,0
bb631e7031f7e3b9d27c,BHR,C5,consequence,uncovered,absent,0,0
bbaa2f77105dbdb3fc91,KWT,C2,addressee,covered,direct_textual,0,1
bbaa2f77105dbdb3fc91,KWT,C2,modality,covered,direct_textual,0,1
bbaa2f77105dbdb3fc91,KWT,C2,action,narrower,distributed,0,1
bbaa2f77105dbdb3fc91,KWT,C2,scope,uncovered,absent,0,1
bbaa2f77105dbdb3fc91,KWT,C2,condition,narrower,direct_textual,0,1
bbaa2f77105dbdb3fc91,KWT,C2,exception,covered,absent,0,0
bbaa2f77105dbdb3fc91,KWT,C2,temporal,covered,absent,0,0
bbaa2f77105dbdb3fc91,KWT,C2,consequence,covered,absent,0,0
bc6306c58c8b189c83b2,UAE,C4,addressee,broader,direct_textual,0,1
bc6306c58c8b189c83b2,UAE,C4,modality,covered,conceptual,0,1
bc6306c58c8b189c83b2,UAE,C4,action,narrower,direct_textual,0,1
bc6306c58c8b189c83b2,UAE,C4,scope,partial,direct_textual,0,1
bc6306c58c8b189c83b2,UAE,C4,condition,uncovered,absent,0,0
bc6306c58c8b189c83b2,UAE,C4,exception,covered,distributed,0,1
bc6306c58c8b189c83b2,UAE,C4,temporal,covered,absent,0,0
bc6306c58c8b189c83b2,UAE,C4,consequence,covered,absent,0,0
bca911559a5096cbaf0c,KSA,C5,addressee,uncovered,absent,0,0
bca911559a5096cbaf0c,KSA,C5,modality,uncovered,absent,0,0
bca911559a5096cbaf0c,KSA,C5,action,uncovered,absent,0,0
bca911559a5096cbaf0c,KSA,C5,scope,uncovered,absent,0,0
bca911559a5096cbaf0c,KSA,C5,condition,covered,absent,0,0
bca911559a5096cbaf0c,KSA,C5,exception,covered,absent,0,0
bca911559a5096cbaf0c,KSA,C5,temporal,covered,absent,0,0
bca911559a5096cbaf0c,KSA,C5,consequence,covered,absent,0,0
bccf79c7ac0aeab67f3a,KSA,C3,addressee,covered,direct_textual,0,1
bccf79c7ac0aeab67f3a,KSA,C3,modality,weaker_modality,distributed,0,1
bccf79c7ac0aeab67f3a,KSA,C3,action,covered,direct_textual,0,1
bccf79c7ac0aeab67f3a,KSA,C3,scope,covered,direct_textual,0,1
bccf79c7ac0aeab67f3a,KSA,C3,condition,uncovered,absent,0,0
bccf79c7ac0aeab67f3a,KSA,C3,exception,uncovered,absent,0,0
bccf79c7ac0aeab67f3a,KSA,C3,temporal,covered,absent,0,0
bccf79c7ac0aeab67f3a,KSA,C3,consequence,covered,absent,0,0
bd1d79f01a43d049187e,KWT,C5,addressee,uncovered,absent,0,0
bd1d79f01a43d049187e,KWT,C5,modality,uncovered,absent,0,0
bd1d79f01a43d049187e,KWT,C5,action,uncovered,absent,0,0
bd1d79f01a43d049187e,KWT,C5,scope,uncovered,absent,0,0
bd1d79f01a43d049187e,KWT,C5,condition,uncovered,absent,0,0
bd1d79f01a43d049187e,KWT,C5,exception,uncovered,absent,0,0
bd1d79f01a43d049187e,KWT,C5,temporal,uncovered,absent,0,0
bd1d79f01a43d049187e,KWT,C5,consequence,uncovered,absent,0,0
bd1e2f65678c1d25df82,QAT,C2,addressee,covered,direct_textual,0,1
bd1e2f65678c1d25df82,QAT,C2,modality,uncovered,absent,0,0
bd1e2f65678c1d25df82,QAT,C2,action,uncovered,absent,0,0
bd1e2f65678c1d25df82,QAT,C2,scope,uncovered,absent,0,0
bd1e2f65678c1d25df82,QAT,C2,condition,uncovered,absent,0,0
bd1e2f65678c1d25df82,QAT,C2,exception,uncovered,absent,0,0
bd1e2f65678c1d25df82,QAT,C2,temporal,uncovered,absent,0,0
bd1e2f65678c1d25df82,QAT,C2,consequence,uncovered,absent,0,0
bd62a8ffcd1362644e45,OMN,C2,addressee,covered,direct_textual,0,1
bd62a8ffcd1362644e45,OMN,C2,modality,covered,direct_textual,0,1
bd62a8ffcd1362644e45,OMN,C2,action,uncovered,absent,0,0
bd62a8ffcd1362644e45,OMN,C2,scope,partial,conceptual,0,1
bd62a8ffcd1362644e45,OMN,C2,condition,covered,absent,0,0
bd62a8ffcd1362644e45,OMN,C2,exception,covered,absent,0,0
bd62a8ffcd1362644e45,OMN,C2,temporal,covered,absent,0,0
bd62a8ffcd1362644e45,OMN,C2,consequence,covered,absent,0,0
bd918257f63c92e4b02a,KSA,C2,addressee,uncovered,absent,0,0
bd918257f63c92e4b02a,KSA,C2,modality,uncovered,absent,0,0
bd918257f63c92e4b02a,KSA,C2,action,uncovered,absent,0,0
bd918257f63c92e4b02a,KSA,C2,scope,uncovered,absent,0,0
bd918257f63c92e4b02a,KSA,C2,condition,uncovered,absent,0,0
bd918257f63c92e4b02a,KSA,C2,exception,covered,absent,0,0
bd918257f63c92e4b02a,KSA,C2,temporal,covered,absent,0,0
bd918257f63c92e4b02a,KSA,C2,consequence,covered,absent,0,0
be01fff8f049837f7d8e,QAT,C2,addressee,uncovered,absent,1,0
be01fff8f049837f7d8e,QAT,C2,modality,covered,distributed,1,1
be01fff8f049837f7d8e,QAT,C2,action,partial,direct_textual,1,1
be01fff8f049837f7d8e,QAT,C2,scope,partial,direct_textual,1,1
be01fff8f049837f7d8e,QAT,C2,condition,uncovered,absent,1,0
be01fff8f049837f7d8e,QAT,C2,exception,narrower,direct_textual,1,1
be01fff8f049837f7d8e,QAT,C2,temporal,covered,absent,0,0
be01fff8f049837f7d8e,QAT,C2,consequence,covered,absent,0,0
be05352839b64e0a3c69,QAT,C2,addressee,uncovered,absent,0,0
be05352839b64e0a3c69,QAT,C2,modality,uncovered,absent,0,0
be05352839b64e0a3c69,QAT,C2,action,uncovered,absent,0,0
be05352839b64e0a3c69,QAT,C2,scope,covered,absent,0,0
be05352839b64e0a3c69,QAT,C2,condition,uncovered,absent,0,0
be05352839b64e0a3c69,QAT,C2,exception,covered,absent,0,0
be05352839b64e0a3c69,QAT,C2,temporal,covered,absent,0,0
be05352839b64e0a3c69,QAT,C2,consequence,covered,absent,0,0
be770622b3eab81192e3,OMN,C2,addressee,covered,direct_textual,0,1
be770622b3eab81192e3,OMN,C2,modality,covered,direct_textual,0,1
be770622b3eab81192e3,OMN,C2,action,covered,direct_textual,0,1
be770622b3eab81192e3,OMN,C2,scope,covered,absent,0,0
be770622b3eab81192e3,OMN,C2,condition,broader,direct_textual,0,1
be770622b3eab81192e3,OMN,C2,exception,uncovered,absent,0,0
be770622b3eab81192e3,OMN,C2,temporal,partial,direct_textual,0,1
be770622b3eab81192e3,OMN,C2,consequence,covered,absent,0,0
bf8ba17dbdb5d5571ffe,OMN,C3,addressee,covered,direct_textual,1,1
bf8ba17dbdb5d5571ffe,OMN,C3,modality,weaker_modality,direct_textual,1,1
bf8ba17dbdb5d5571ffe,OMN,C3,action,covered,direct_textual,1,1
bf8ba17dbdb5d5571ffe,OMN,C3,scope,covered,direct_textual,1,1
bf8ba17dbdb5d5571ffe,OMN,C3,condition,covered,absent,0,0
bf8ba17dbdb5d5571ffe,OMN,C3,exception,covered,absent,0,0
bf8ba17dbdb5d5571ffe,OMN,C3,temporal,broader,direct_textual,1,1
bf8ba17dbdb5d5571ffe,OMN,C3,consequence,covered,absent,1,0
c033c425d0d4942099ed,OMN,C4,addressee,broader,direct_textual,0,1
c033c425d0d4942099ed,OMN,C4,modality,covered,direct_textual,0,1
c033c425d0d4942099ed,OMN,C4,action,uncovered,absent,0,1
c033c425d0d4942099ed,OMN,C4,scope,covered,direct_textual,0,1
c033c425d0d4942099ed,OMN,C4,condition,uncovered,absent,0,0
c033c425d0d4942099ed,OMN,C4,exception,covered,absent,0,0
c033c425d0d4942099ed,OMN,C4,temporal,covered,absent,0,0
c033c425d0d4942099ed,OMN,C4,consequence,covered,absent,0,0
c072ca725ce9376a3e92,UAE,C2,addressee,covered,direct_textual,1,1
c072ca725ce9376a3e92,UAE,C2,modality,covered,direct_textual,1,1
c072ca725ce9376a3e92,UAE,C2,action,partial,conceptual,1,1
c072ca725ce9376a3e92,UAE,C2,scope,uncovered,absent,0,0
c072ca725ce9376a3e92,UAE,C2,condition,broader,absent,0,0
c072ca725ce9376a3e92,UAE,C2,exception,broader,absent,0,0
c072ca725ce9376a3e92,UAE,C2,temporal,covered,absent,0,0
c072ca725ce9376a3e92,UAE,C2,consequence,covered,absent,0,0
c082e372317b23d89f26,QAT,C2,addressee,covered,direct_textual,0,1
c082e372317b23d89f26,QAT,C2,modality,uncovered,absent,0,0
c082e372317b23d89f26,QAT,C2,action,uncovered,absent,0,0
c082e372317b23d89f26,QAT,C2,scope,partial,direct_textual,0,1
c082e372317b23d89f26,QAT,C2,condition,uncovered,absent,0,0
c082e372317b23d89f26,QAT,C2,exception,covered,absent,0,0
c082e372317b23d89f26,QAT,C2,temporal,uncovered,absent,0,0
c082e372317b23d89f26,QAT,C2,consequence,covered,absent,0,0
c111c29f8a2b762a58e4,KWT,C3,addressee,covered,direct_textual,0,1
c111c29f8a2b762a58e4,KWT,C3,modality,weaker_modality,direct_textual,0,1
c111c29f8a2b762a58e4,KWT,C3,action,partial,conceptual,0,1
c111c29f8a2b762a58e4,KWT,C3,scope,uncovered,absent,0,1
c111c29f8a2b762a58e4,KWT,C3,condition,narrower,direct_textual,0,1
c111c29f8a2b762a58e4,KWT,C3,exception,covered,absent,0,0
c111c29f8a2b762a58e4,KWT,C3,temporal,covered,absent,0,0
c111c29f8a2b762a58e4,KWT,C3,consequence,covered,absent,0,0
c11c4440b4c15063cd05,KSA,C4,addressee,broader,direct_textual,0,1
c11c4440b4c15063cd05,KSA,C4,modality,covered,direct_textual,0,1
c11c4440b4c15063cd05,KSA,C4,action,partial,distributed,0,1
c11c4440b4c15063cd05,KSA,C4,scope,covered,absent,0,0
c11c4440b4c15063cd05,KSA,C4,condition,uncovered,absent,0,0
c11c4440b4c15063cd05,KSA,C4,exception,covered,absent,0,0
c11c4440b4c15063cd05,KSA,C4,temporal,covered,absent,0,0
c11c4440b4c15063cd05,KSA,C4,consequence,covered,absent,0,0
c12c032bec8d5e253659,QAT,C4,addressee,uncovered,direct_textual,0,1
c12c032bec8d5e253659,QAT,C4,modality,partial,direct_textual,0,1
c12c032bec8d5e253659,QAT,C4,action,uncovered,absent,0,0
c12c032bec8d5e253659,QAT,C4,scope,broader,direct_textual,0,1
c12c032bec8d5e253659,QAT,C4,condition,uncovered,absent,0,0
c12c032bec8d5e253659,QAT,C4,exception,partial,distributed,0,1
c12c032bec8d5e253659,QAT,C4,temporal,covered,absent,0,0
c12c032bec8d5e253659,QAT,C4,consequence,covered,absent,0,0
c153c9316934edc072c4,UAE,C4,addressee,uncovered,absent,0,0
c153c9316934edc072c4,UAE,C4,modality,covered,conceptual,0,1
c153c9316934edc072c4,UAE,C4,action,uncovered,absent,0,0
c153c9316934edc072c4,UAE,C4,scope,broader,direct_textual,0,1
c153c9316934edc072c4,UAE,C4,condition,covered,absent,0,0
c153c9316934edc072c4,UAE,C4,exception,covered,absent,0,0
c153c9316934edc072c4,UAE,C4,temporal,covered,absent,0,0
c153c9316934edc072c4,UAE,C4,consequence,covered,absent,0,0
c15b85fdee04ad220476,KWT,C4,addressee,narrower,direct_textual,0,1
c15b85fdee04ad220476,KWT,C4,modality,covered,direct_textual,0,1
c15b85fdee04ad220476,KWT,C4,action,partial,distributed,0,1
c15b85fdee04ad220476,KWT,C4,scope,broader,direct_textual,0,1
c15b85fdee04ad220476,KWT,C4,condition,uncovered,absent,0,0
c15b85fdee04ad220476,KWT,C4,exception,narrower,direct_textual,0,1
c15b85fdee04ad220476,KWT,C4,temporal,covered,absent,0,0
c15b85fdee04ad220476,KWT,C4,consequence,broader,direct_textual,0,1
c17c53cc74ad5ff4d5c7,KSA,C4,addressee,covered,direct_textual,0,1
c17c53cc74ad5ff4d5c7,KSA,C4,modality,covered,direct_textual,0,1
c17c53cc74ad5ff4d5c7,KSA,C4,action,partial,direct_textual,0,1
c17c53cc74ad5ff4d5c7,KSA,C4,scope,broader,direct_textual,0,1
c17c53cc74ad5ff4d5c7,KSA,C4,condition,broader,absent,0,0
c17c53cc74ad5ff4d5c7,KSA,C4,exception,covered,absent,0,0
c17c53cc74ad5ff4d5c7,KSA,C4,temporal,broader,direct_textual,0,1
c17c53cc74ad5ff4d5c7,KSA,C4,consequence,broader,direct_textual,0,1
c21dff06a56c29c44b52,UAE,C2,addressee,covered,direct_textual,1,1
c21dff06a56c29c44b52,UAE,C2,modality,uncovered,absent,0,0
c21dff06a56c29c44b52,UAE,C2,action,uncovered,absent,0,0
c21dff06a56c29c44b52,UAE,C2,scope,uncovered,absent,0,0
c21dff06a56c29c44b52,UAE,C2,condition,uncovered,absent,0,0
c21dff06a56c29c44b52,UAE,C2,exception,uncovered,absent,0,0
c21dff06a56c29c44b52,UAE,C2,temporal,covered,absent,0,0
c21dff06a56c29c44b52,UAE,C2,consequence,covered,absent,0,0
c24ef418698b01b64486,OMN,C5,addressee,uncovered,absent,0,0
c24ef418698b01b64486,OMN,C5,modality,uncovered,absent,0,0
c24ef418698b01b64486,OMN,C5,action,uncovered,absent,0,0
c24ef418698b01b64486,OMN,C5,scope,uncovered,absent,0,0
c24ef418698b01b64486,OMN,C5,condition,uncovered,absent,0,0
c24ef418698b01b64486,OMN,C5,exception,uncovered,absent,0,0
c24ef418698b01b64486,OMN,C5,temporal,uncovered,absent,0,0
c24ef418698b01b64486,OMN,C5,consequence,uncovered,absent,0,0
c25ffae7514a41526560,UAE,C5,addressee,uncovered,absent,0,0
c25ffae7514a41526560,UAE,C5,modality,uncovered,absent,0,0
c25ffae7514a41526560,UAE,C5,action,uncovered,absent,0,0
c25ffae7514a41526560,UAE,C5,scope,uncovered,absent,0,0
c25ffae7514a41526560,UAE,C5,condition,uncovered,absent,0,0
c25ffae7514a41526560,UAE,C5,exception,uncovered,absent,0,0
c25ffae7514a41526560,UAE,C5,temporal,uncovered,absent,0,0
c25ffae7514a41526560,UAE,C5,consequence,uncovered,absent,0,0
c312264f68ebaabda3d8,OMN,C3,addressee,covered,conceptual,1,1
c312264f68ebaabda3d8,OMN,C3,modality,weaker_modality,direct_textual,1,1
c312264f68ebaabda3d8,OMN,C3,action,partial,direct_textual,1,1
c312264f68ebaabda3d8,OMN,C3,scope,uncovered,absent,0,0
c312264f68ebaabda3d8,OMN,C3,condition,uncovered,direct_textual,1,1
c312264f68ebaabda3d8,OMN,C3,exception,covered,absent,0,0
c312264f68ebaabda3d8,OMN,C3,temporal,uncovered,absent,0,0
c312264f68ebaabda3d8,OMN,C3,consequence,covered,absent,0,0
c3602f79ce72c2c698fe,KWT,C2,addressee,covered,conceptual,0,1
c3602f79ce72c2c698fe,KWT,C2,modality,uncovered,absent,0,0
c3602f79ce72c2c698fe,KWT,C2,action,uncovered,absent,0,0
c3602f79ce72c2c698fe,KWT,C2,scope,covered,distributed,0,1
c3602f79ce72c2c698fe,KWT,C2,condition,uncovered,absent,0,0
c3602f79ce72c2c698fe,KWT,C2,exception,covered,absent,0,0
c3602f79ce72c2c698fe,KWT,C2,temporal,uncovered,absent,0,0
c3602f79ce72c2c698fe,KWT,C2,consequence,covered,absent,0,0
c3726ac1347e0853f744,UAE,C4,addressee,covered,direct_textual,1,1
c3726ac1347e0853f744,UAE,C4,modality,covered,direct_textual,1,1
c3726ac1347e0853f744,UAE,C4,action,covered,direct_textual,1,1
c3726ac1347e0853f744,UAE,C4,scope,narrower,direct_textual,1,1
c3726ac1347e0853f744,UAE,C4,condition,narrower,direct_textual,1,1
c3726ac1347e0853f744,UAE,C4,exception,covered,absent,0,0
c3726ac1347e0853f744,UAE,C4,temporal,uncovered,absent,0,0
c3726ac1347e0853f744,UAE,C4,consequence,covered,absent,0,0
c3cf8d91063f03dde530,KSA,C4,addressee,covered,distributed,0,1
c3cf8d91063f03dde530,KSA,C4,modality,covered,direct_textual,0,1
c3cf8d91063f03dde530,KSA,C4,action,covered,direct_textual,0,1
c3cf8d91063f03dde530,KSA,C4,scope,narrower,direct_textual,0,1
c3cf8d91063f03dde530,KSA,C4,condition,covered,absent,0,0
c3cf8d91063f03dde530,KSA,C4,exception,partial,distributed,0,1
c3cf8d91063f03dde530,KSA,C4,temporal,covered,distributed,0,1
c3cf8d91063f03dde530,KSA,C4,consequence,covered,absent,0,0
c3e8266d012fe423a38e,KSA,C4,addressee,covered,direct_textual,1,1
c3e8266d012fe423a38e,KSA,C4,modality,covered,direct_textual,1,1
c3e8266d012fe423a38e,KSA,C4,action,covered,distributed,1,1
c3e8266d012fe423a38e,KSA,C4,scope,broader,direct_textual,1,1
c3e8266d012fe423a38e,KSA,C4,condition,narrower,direct_textual,1,1
c3e8266d012fe423a38e,KSA,C4,exception,narrower,direct_textual,1,1
c3e8266d012fe423a38e,KSA,C4,temporal,covered,distributed,1,1
c3e8266d012fe423a38e,KSA,C4,consequence,covered,absent,1,0
c43491f312d69d6c9117,KWT,C2,addressee,covered,direct_textual,0,1
c43491f312d69d6c9117,KWT,C2,modality,covered,direct_textual,0,1
c43491f312d69d6c9117,KWT,C2,action,partial,distributed,0,1
c43491f312d69d6c9117,KWT,C2,scope,uncovered,absent,0,0
c43491f312d69d6c9117,KWT,C2,condition,covered,direct_textual,0,1
c43491f312d69d6c9117,KWT,C2,exception,broader,direct_textual,0,1
c43491f312d69d6c9117,KWT,C2,temporal,covered,absent,0,0
c43491f312d69d6c9117,KWT,C2,consequence,covered,absent,0,0
c469f776cd5eaa82cf60,OMN,C5,addressee,uncovered,absent,0,0
c469f776cd5eaa82cf60,OMN,C5,modality,uncovered,absent,0,0
c469f776cd5eaa82cf60,OMN,C5,action,uncovered,absent,0,0
c469f776cd5eaa82cf60,OMN,C5,scope,uncovered,absent,0,0
c469f776cd5eaa82cf60,OMN,C5,condition,covered,absent,0,0
c469f776cd5eaa82cf60,OMN,C5,exception,uncovered,absent,0,0
c469f776cd5eaa82cf60,OMN,C5,temporal,covered,absent,0,0
c469f776cd5eaa82cf60,OMN,C5,consequence,covered,absent,0,0
c4a3a3e8e59869fe707f,QAT,C5,addressee,uncovered,absent,0,0
c4a3a3e8e59869fe707f,QAT,C5,modality,uncovered,absent,0,0
c4a3a3e8e59869fe707f,QAT,C5,action,uncovered,absent,0,0
c4a3a3e8e59869fe707f,QAT,C5,scope,uncovered,absent,0,0
c4a3a3e8e59869fe707f,QAT,C5,condition,uncovered,absent,0,0
c4a3a3e8e59869fe707f,QAT,C5,exception,uncovered,absent,0,0
c4a3a3e8e59869fe707f,QAT,C5,temporal,uncovered,absent,0,0
c4a3a3e8e59869fe707f,QAT,C5,consequence,uncovered,absent,0,0
c4ca5cf68b3110c8e8fd,KWT,C2,addressee,covered,conceptual,1,1
c4ca5cf68b3110c8e8fd,KWT,C2,modality,covered,direct_textual,1,1
c4ca5cf68b3110c8e8fd,KWT,C2,action,uncovered,absent,0,0
c4ca5cf68b3110c8e8fd,KWT,C2,scope,covered,absent,0,0
c4ca5cf68b3110c8e8fd,KWT,C2,condition,uncovered,absent,0,0
c4ca5cf68b3110c8e8fd,KWT,C2,exception,uncovered,absent,0,0
c4ca5cf68b3110c8e8fd,KWT,C2,temporal,uncovered,absent,0,0
c4ca5cf68b3110c8e8fd,KWT,C2,consequence,covered,absent,0,0
c512ded13f61150674b9,BHR,C2,addressee,uncovered,absent,0,0
c512ded13f61150674b9,BHR,C2,modality,covered,direct_textual,0,1
c512ded13f61150674b9,BHR,C2,action,partial,conceptual,0,1
c512ded13f61150674b9,BHR,C2,scope,covered,direct_textual,0,1
c512ded13f61150674b9,BHR,C2,condition,covered,direct_textual,0,1
c512ded13f61150674b9,BHR,C2,exception,covered,absent,0,0
c512ded13f61150674b9,BHR,C2,temporal,covered,absent,0,0
c512ded13f61150674b9,BHR,C2,consequence,covered,absent,0,0
c53c4267824708c4b6ba,OMN,C2,addressee,covered,conceptual,0,1
c53c4267824708c4b6ba,OMN,C2,modality,covered,direct_textual,0,1
c53c4267824708c4b6ba,OMN,C2,action,uncovered,direct_textual,0,1
c53c4267824708c4b6ba,OMN,C2,scope,uncovered,direct_textual,0,1
c53c4267824708c4b6ba,OMN,C2,condition,covered,absent,0,0
c53c4267824708c4b6ba,OMN,C2,exception,covered,absent,0,0
c53c4267824708c4b6ba,OMN,C2,temporal,covered,absent,0,0
c53c4267824708c4b6ba,OMN,C2,consequence,covered,absent,0,0
c5a8ba33659c081a894d,BHR,C5,addressee,uncovered,absent,0,0
c5a8ba33659c081a894d,BHR,C5,modality,uncovered,absent,0,0
c5a8ba33659c081a894d,BHR,C5,action,uncovered,absent,0,0
c5a8ba33659c081a894d,BHR,C5,scope,uncovered,absent,0,0
c5a8ba33659c081a894d,BHR,C5,condition,uncovered,absent,0,0
c5a8ba33659c081a894d,BHR,C5,exception,uncovered,absent,0,0
c5a8ba33659c081a894d,BHR,C5,temporal,uncovered,absent,0,0
c5a8ba33659c081a894d,BHR,C5,consequence,uncovered,absent,0,0
c60fefd549fad6d361db,BHR,C4,addressee,narrower,direct_textual,0,1
c60fefd549fad6d361db,BHR,C4,modality,covered,direct_textual,0,1
c60fefd549fad6d361db,BHR,C4,action,partial,direct_textual,0,1
c60fefd549fad6d361db,BHR,C4,scope,uncovered,absent,0,0
c60fefd549fad6d361db,BHR,C4,condition,narrower,direct_textual,0,1
c60fefd549fad6d361db,BHR,C4,exception,covered,absent,0,0
c60fefd549fad6d361db,BHR,C4,temporal,covered,absent,0,0
c60fefd549fad6d361db,BHR,C4,consequence,covered,absent,0,0
c65573ffcfd4dd45ce58,KWT,C5,addressee,uncovered,absent,0,0
c65573ffcfd4dd45ce58,KWT,C5,modality,uncovered,absent,0,0
c65573ffcfd4dd45ce58,KWT,C5,action,uncovered,absent,0,0
c65573ffcfd4dd45ce58,KWT,C5,scope,uncovered,absent,0,0
c65573ffcfd4dd45ce58,KWT,C5,condition,uncovered,absent,0,0
c65573ffcfd4dd45ce58,KWT,C5,exception,uncovered,absent,0,0
c65573ffcfd4dd45ce58,KWT,C5,temporal,uncovered,absent,0,0
c65573ffcfd4dd45ce58,KWT,C5,consequence,uncovered,absent,0,0
c67e3661b19b130e8aa0,UAE,C5,addressee,uncovered,absent,0,0
c67e3661b19b130e8aa0,UAE,C5,modality,uncovered,absent,0,0
c67e3661b19b130e8aa0,UAE,C5,action,uncovered,absent,0,1
c67e3661b19b130e8aa0,UAE,C5,scope,uncovered,absent,0,0
c67e3661b19b130e8aa0,UAE,C5,condition,uncovered,absent,0,1
c67e3661b19b130e8aa0,UAE,C5,exception,uncovered,absent,0,1
c67e3661b19b130e8aa0,UAE,C5,temporal,uncovered,absent,0,1
c67e3661b19b130e8aa0,UAE,C5,consequence,uncovered,absent,0,0
c729e113c7cf038431c0,UAE,C5,proposition,uncovered,absent,0,0
c729e113c7cf038431c0,UAE,C5,addressee,uncovered,absent,0,0
c729e113c7cf038431c0,UAE,C5,modality,uncovered,absent,0,0
c729e113c7cf038431c0,UAE,C5,action,uncovered,absent,0,0
c729e113c7cf038431c0,UAE,C5,scope,uncovered,absent,0,0
c729e113c7cf038431c0,UAE,C5,condition,uncovered,absent,0,0
c729e113c7cf038431c0,UAE,C5,exception,uncovered,absent,0,0
c729e113c7cf038431c0,UAE,C5,temporal,uncovered,absent,0,0
c729e113c7cf038431c0,UAE,C5,consequence,uncovered,absent,0,0
c7d82b5f419b5729e1c6,KSA,C2,addressee,covered,direct_textual,1,1
c7d82b5f419b5729e1c6,KSA,C2,modality,covered,direct_textual,1,1
c7d82b5f419b5729e1c6,KSA,C2,action,narrower,distributed,1,1
c7d82b5f419b5729e1c6,KSA,C2,scope,covered,direct_textual,1,1
c7d82b5f419b5729e1c6,KSA,C2,condition,uncovered,absent,0,0
c7d82b5f419b5729e1c6,KSA,C2,exception,covered,absent,0,0
c7d82b5f419b5729e1c6,KSA,C2,temporal,narrower,direct_textual,1,1
c7d82b5f419b5729e1c6,KSA,C2,consequence,covered,absent,0,0
c80900338c50644e0e93,OMN,C4,addressee,broader,direct_textual,1,1
c80900338c50644e0e93,OMN,C4,modality,covered,direct_textual,1,1
c80900338c50644e0e93,OMN,C4,action,narrower,direct_textual,1,1
c80900338c50644e0e93,OMN,C4,scope,narrower,distributed,1,1
c80900338c50644e0e93,OMN,C4,condition,covered,absent,0,0
c80900338c50644e0e93,OMN,C4,exception,covered,absent,0,0
c80900338c50644e0e93,OMN,C4,temporal,partial,direct_textual,1,1
c80900338c50644e0e93,OMN,C4,consequence,covered,absent,0,0
c96c5bd81853adc4c857,BHR,C3,addressee,uncovered,absent,0,1
c96c5bd81853adc4c857,BHR,C3,modality,weaker_modality,direct_textual,0,1
c96c5bd81853adc4c857,BHR,C3,action,partial,conceptual,0,1
c96c5bd81853adc4c857,BHR,C3,scope,partial,direct_textual,0,1
c96c5bd81853adc4c857,BHR,C3,condition,uncovered,direct_textual,0,1
c96c5bd81853adc4c857,BHR,C3,exception,covered,absent,0,0
c96c5bd81853adc4c857,BHR,C3,temporal,covered,absent,0,0
c96c5bd81853adc4c857,BHR,C3,consequence,covered,absent,0,0
ca9f8e4e0c58763bd8ec,KSA,C2,addressee,covered,direct_textual,0,1
ca9f8e4e0c58763bd8ec,KSA,C2,modality,uncovered,absent,0,0
ca9f8e4e0c58763bd8ec,KSA,C2,action,uncovered,absent,0,0
ca9f8e4e0c58763bd8ec,KSA,C2,scope,uncovered,absent,0,0
ca9f8e4e0c58763bd8ec,KSA,C2,condition,uncovered,absent,0,0
ca9f8e4e0c58763bd8ec,KSA,C2,exception,covered,absent,0,0
ca9f8e4e0c58763bd8ec,KSA,C2,temporal,covered,absent,0,0
ca9f8e4e0c58763bd8ec,KSA,C2,consequence,covered,absent,0,0
cb1bcd18b8be28896eea,QAT,C2,addressee,covered,direct_textual,1,1
cb1bcd18b8be28896eea,QAT,C2,modality,covered,direct_textual,1,1
cb1bcd18b8be28896eea,QAT,C2,action,uncovered,absent,1,0
cb1bcd18b8be28896eea,QAT,C2,scope,covered,absent,1,0
cb1bcd18b8be28896eea,QAT,C2,condition,partial,conceptual,1,1
cb1bcd18b8be28896eea,QAT,C2,exception,covered,absent,0,0
cb1bcd18b8be28896eea,QAT,C2,temporal,covered,absent,0,0
cb1bcd18b8be28896eea,QAT,C2,consequence,covered,absent,0,0
cb23fb40286ca294dca4,BHR,C5,addressee,uncovered,absent,0,0
cb23fb40286ca294dca4,BHR,C5,modality,uncovered,absent,0,0
cb23fb40286ca294dca4,BHR,C5,action,uncovered,absent,0,0
cb23fb40286ca294dca4,BHR,C5,scope,covered,absent,0,0
cb23fb40286ca294dca4,BHR,C5,condition,uncovered,absent,0,0
cb23fb40286ca294dca4,BHR,C5,exception,covered,absent,0,0
cb23fb40286ca294dca4,BHR,C5,temporal,covered,absent,0,0
cb23fb40286ca294dca4,BHR,C5,consequence,covered,absent,0,0
cb5619b464d4962459b9,UAE,C3,addressee,partial,conceptual,1,1
cb5619b464d4962459b9,UAE,C3,modality,weaker_modality,direct_textual,1,1
cb5619b464d4962459b9,UAE,C3,action,covered,direct_textual,1,1
cb5619b464d4962459b9,UAE,C3,scope,uncovered,direct_textual,1,1
cb5619b464d4962459b9,UAE,C3,condition,uncovered,absent,1,1
cb5619b464d4962459b9,UAE,C3,exception,covered,absent,0,0
cb5619b464d4962459b9,UAE,C3,temporal,covered,absent,0,0
cb5619b464d4962459b9,UAE,C3,consequence,covered,absent,0,0
cb74724993bee68dca95,KWT,C5,addressee,uncovered,absent,0,0
cb74724993bee68dca95,KWT,C5,modality,uncovered,absent,0,0
cb74724993bee68dca95,KWT,C5,action,uncovered,absent,0,0
cb74724993bee68dca95,KWT,C5,scope,uncovered,absent,0,0
cb74724993bee68dca95,KWT,C5,condition,uncovered,absent,0,0
cb74724993bee68dca95,KWT,C5,exception,uncovered,absent,0,0
cb74724993bee68dca95,KWT,C5,temporal,uncovered,absent,0,0
cb74724993bee68dca95,KWT,C5,consequence,uncovered,absent,0,0
cbdcd66e08e4a3545b06,QAT,C1,addressee,covered,direct_textual,1,1
cbdcd66e08e4a3545b06,QAT,C1,modality,covered,direct_textual,1,1
cbdcd66e08e4a3545b06,QAT,C1,action,narrower,direct_textual,1,1
cbdcd66e08e4a3545b06,QAT,C1,scope,covered,direct_textual,1,1
cbdcd66e08e4a3545b06,QAT,C1,condition,covered,absent,0,0
cbdcd66e08e4a3545b06,QAT,C1,exception,covered,absent,0,0
cbdcd66e08e4a3545b06,QAT,C1,temporal,covered,direct_textual,1,1
cbdcd66e08e4a3545b06,QAT,C1,consequence,covered,absent,0,0
cc327c3e84e4745cde1e,OMN,C1,addressee,covered,direct_textual,1,1
cc327c3e84e4745cde1e,OMN,C1,modality,covered,direct_textual,1,1
cc327c3e84e4745cde1e,OMN,C1,action,narrower,distributed,1,1
cc327c3e84e4745cde1e,OMN,C1,scope,covered,direct_textual,1,1
cc327c3e84e4745cde1e,OMN,C1,condition,narrower,direct_textual,1,1
cc327c3e84e4745cde1e,OMN,C1,exception,covered,absent,0,0
cc327c3e84e4745cde1e,OMN,C1,temporal,covered,absent,0,0
cc327c3e84e4745cde1e,OMN,C1,consequence,broader,direct_textual,1,1
cc968e2db2359437234f,QAT,C4,addressee,covered,direct_textual,0,1
cc968e2db2359437234f,QAT,C4,modality,covered,direct_textual,0,1
cc968e2db2359437234f,QAT,C4,action,uncovered,absent,0,0
cc968e2db2359437234f,QAT,C4,scope,narrower,direct_textual,0,1
cc968e2db2359437234f,QAT,C4,condition,uncovered,absent,0,0
cc968e2db2359437234f,QAT,C4,exception,covered,absent,0,0
cc968e2db2359437234f,QAT,C4,temporal,uncovered,absent,0,0
cc968e2db2359437234f,QAT,C4,consequence,covered,absent,0,0
cd010e27c62871c76de7,KSA,C2,addressee,covered,direct_textual,0,1
cd010e27c62871c76de7,KSA,C2,modality,covered,direct_textual,0,1
cd010e27c62871c76de7,KSA,C2,action,uncovered,absent,0,1
cd010e27c62871c76de7,KSA,C2,scope,uncovered,absent,0,1
cd010e27c62871c76de7,KSA,C2,condition,partial,conceptual,0,1
cd010e27c62871c76de7,KSA,C2,exception,covered,absent,0,0
cd010e27c62871c76de7,KSA,C2,temporal,covered,absent,0,0
cd010e27c62871c76de7,KSA,C2,consequence,covered,absent,0,0
cd1d41f2caf27195a5d1,UAE,C5,addressee,uncovered,absent,0,0
cd1d41f2caf27195a5d1,UAE,C5,modality,uncovered,absent,0,0
cd1d41f2caf27195a5d1,UAE,C5,action,uncovered,absent,0,0
cd1d41f2caf27195a5d1,UAE,C5,scope,covered,absent,0,0
cd1d41f2caf27195a5d1,UAE,C5,condition,uncovered,absent,0,0
cd1d41f2caf27195a5d1,UAE,C5,exception,covered,absent,0,0
cd1d41f2caf27195a5d1,UAE,C5,temporal,covered,absent,0,0
cd1d41f2caf27195a5d1,UAE,C5,consequence,covered,absent,0,0
cd4f33e024e31d4414b7,KWT,C5,addressee,uncovered,absent,0,0
cd4f33e024e31d4414b7,KWT,C5,modality,uncovered,absent,0,0
cd4f33e024e31d4414b7,KWT,C5,action,uncovered,absent,0,0
cd4f33e024e31d4414b7,KWT,C5,scope,uncovered,absent,0,0
cd4f33e024e31d4414b7,KWT,C5,condition,uncovered,absent,0,0
cd4f33e024e31d4414b7,KWT,C5,exception,uncovered,absent,0,0
cd4f33e024e31d4414b7,KWT,C5,temporal,uncovered,absent,0,0
cd4f33e024e31d4414b7,KWT,C5,consequence,uncovered,absent,0,0
cd6d0a7474a2df1711cf,QAT,C1,addressee,covered,direct_textual,1,1
cd6d0a7474a2df1711cf,QAT,C1,modality,covered,direct_textual,1,1
cd6d0a7474a2df1711cf,QAT,C1,action,covered,conceptual,1,1
cd6d0a7474a2df1711cf,QAT,C1,scope,covered,conceptual,1,1
cd6d0a7474a2df1711cf,QAT,C1,condition,narrower,direct_textual,1,1
cd6d0a7474a2df1711cf,QAT,C1,exception,covered,absent,0,0
cd6d0a7474a2df1711cf,QAT,C1,temporal,covered,absent,0,0
cd6d0a7474a2df1711cf,QAT,C1,consequence,covered,absent,0,0
ce7433a9566cbe72396a,OMN,C3,addressee,uncovered,direct_textual,1,1
ce7433a9566cbe72396a,OMN,C3,modality,weaker_modality,distributed,1,1
ce7433a9566cbe72396a,OMN,C3,action,narrower,direct_textual,1,1
ce7433a9566cbe72396a,OMN,C3,scope,partial,direct_textual,1,1
ce7433a9566cbe72396a,OMN,C3,condition,partial,distributed,1,1
ce7433a9566cbe72396a,OMN,C3,exception,partial,direct_textual,1,1
ce7433a9566cbe72396a,OMN,C3,temporal,covered,absent,0,0
ce7433a9566cbe72396a,OMN,C3,consequence,covered,absent,1,0
ce7e122ab38c858a4414,OMN,C4,addressee,covered,conceptual,0,1
ce7e122ab38c858a4414,OMN,C4,modality,covered,direct_textual,0,1
ce7e122ab38c858a4414,OMN,C4,action,covered,direct_textual,0,1
ce7e122ab38c858a4414,OMN,C4,scope,narrower,direct_textual,0,1
ce7e122ab38c858a4414,OMN,C4,condition,uncovered,absent,0,1
ce7e122ab38c858a4414,OMN,C4,exception,covered,absent,0,0
ce7e122ab38c858a4414,OMN,C4,temporal,covered,absent,0,0
ce7e122ab38c858a4414,OMN,C4,consequence,covered,direct_textual,0,1
ce8d7a146c8da47feaf0,BHR,C2,addressee,covered,direct_textual,0,1
ce8d7a146c8da47feaf0,BHR,C2,modality,covered,direct_textual,0,1
ce8d7a146c8da47feaf0,BHR,C2,action,covered,direct_textual,0,1
ce8d7a146c8da47feaf0,BHR,C2,scope,partial,distributed,0,1
ce8d7a146c8da47feaf0,BHR,C2,condition,covered,direct_textual,0,1
ce8d7a146c8da47feaf0,BHR,C2,exception,covered,absent,0,0
ce8d7a146c8da47feaf0,BHR,C2,temporal,covered,absent,0,0
ce8d7a146c8da47feaf0,BHR,C2,consequence,covered,absent,0,0
cebe2c1c64097a1a3052,QAT,C2,addressee,covered,direct_textual,0,1
cebe2c1c64097a1a3052,QAT,C2,modality,covered,conceptual,0,1
cebe2c1c64097a1a3052,QAT,C2,action,partial,distributed,0,1
cebe2c1c64097a1a3052,QAT,C2,scope,partial,distributed,0,1
cebe2c1c64097a1a3052,QAT,C2,condition,uncovered,absent,0,1
cebe2c1c64097a1a3052,QAT,C2,exception,covered,absent,0,0
cebe2c1c64097a1a3052,QAT,C2,temporal,covered,absent,0,0
cebe2c1c64097a1a3052,QAT,C2,consequence,covered,absent,0,0
cfc9de6c2a6e7283aad7,BHR,C5,addressee,uncovered,absent,0,0
cfc9de6c2a6e7283aad7,BHR,C5,modality,uncovered,absent,0,0
cfc9de6c2a6e7283aad7,BHR,C5,action,uncovered,absent,0,0
cfc9de6c2a6e7283aad7,BHR,C5,scope,uncovered,absent,0,0
cfc9de6c2a6e7283aad7,BHR,C5,condition,uncovered,absent,0,0
cfc9de6c2a6e7283aad7,BHR,C5,exception,uncovered,absent,0,0
cfc9de6c2a6e7283aad7,BHR,C5,temporal,uncovered,absent,0,0
cfc9de6c2a6e7283aad7,BHR,C5,consequence,uncovered,absent,0,0
d0303b8b986dd156b6c7,UAE,C1,addressee,covered,direct_textual,0,1
d0303b8b986dd156b6c7,UAE,C1,modality,covered,direct_textual,0,1
d0303b8b986dd156b6c7,UAE,C1,action,covered,direct_textual,0,1
d0303b8b986dd156b6c7,UAE,C1,scope,covered,direct_textual,0,1
d0303b8b986dd156b6c7,UAE,C1,condition,broader,conceptual,0,1
d0303b8b986dd156b6c7,UAE,C1,exception,narrower,direct_textual,0,1
d0303b8b986dd156b6c7,UAE,C1,temporal,broader,direct_textual,0,1
d0303b8b986dd156b6c7,UAE,C1,consequence,covered,absent,0,0
d07e7ee5964486ee3bee,UAE,C2,addressee,covered,direct_textual,0,1
d07e7ee5964486ee3bee,UAE,C2,modality,uncovered,absent,0,0
d07e7ee5964486ee3bee,UAE,C2,action,partial,direct_textual,0,1
d07e7ee5964486ee3bee,UAE,C2,scope,uncovered,absent,0,0
d07e7ee5964486ee3bee,UAE,C2,condition,broader,direct_textual,0,1
d07e7ee5964486ee3bee,UAE,C2,exception,covered,absent,0,0
d07e7ee5964486ee3bee,UAE,C2,temporal,covered,absent,0,0
d07e7ee5964486ee3bee,UAE,C2,consequence,covered,absent,0,0
d0a7a9b40d24ec3cc885,KWT,C4,addressee,narrower,direct_textual,0,1
d0a7a9b40d24ec3cc885,KWT,C4,modality,covered,direct_textual,0,1
d0a7a9b40d24ec3cc885,KWT,C4,action,partial,direct_textual,0,1
d0a7a9b40d24ec3cc885,KWT,C4,scope,uncovered,absent,0,0
d0a7a9b40d24ec3cc885,KWT,C4,condition,covered,absent,0,0
d0a7a9b40d24ec3cc885,KWT,C4,exception,covered,absent,0,0
d0a7a9b40d24ec3cc885,KWT,C4,temporal,covered,absent,0,0
d0a7a9b40d24ec3cc885,KWT,C4,consequence,covered,absent,0,0
d0ea69210c1dc476ebf9,KSA,C4,addressee,covered,direct_textual,1,1
d0ea69210c1dc476ebf9,KSA,C4,modality,covered,direct_textual,1,1
d0ea69210c1dc476ebf9,KSA,C4,action,partial,distributed,1,1
d0ea69210c1dc476ebf9,KSA,C4,scope,narrower,direct_textual,1,1
d0ea69210c1dc476ebf9,KSA,C4,condition,narrower,direct_textual,1,1
d0ea69210c1dc476ebf9,KSA,C4,exception,covered,absent,0,0
d0ea69210c1dc476ebf9,KSA,C4,temporal,covered,absent,0,0
d0ea69210c1dc476ebf9,KSA,C4,consequence,covered,absent,0,0
d1616579bd2c1bef27b2,QAT,C2,addressee,covered,direct_textual,0,1
d1616579bd2c1bef27b2,QAT,C2,modality,covered,direct_textual,0,1
d1616579bd2c1bef27b2,QAT,C2,action,partial,conceptual,0,1
d1616579bd2c1bef27b2,QAT,C2,scope,covered,direct_textual,0,1
d1616579bd2c1bef27b2,QAT,C2,condition,partial,conceptual,0,1
d1616579bd2c1bef27b2,QAT,C2,exception,covered,absent,0,1
d1616579bd2c1bef27b2,QAT,C2,temporal,covered,absent,0,1
d1616579bd2c1bef27b2,QAT,C2,consequence,covered,absent,0,1
d1696044c3b7f6e5eff0,KSA,C2,addressee,covered,direct_textual,1,1
d1696044c3b7f6e5eff0,KSA,C2,modality,covered,direct_textual,1,1
d1696044c3b7f6e5eff0,KSA,C2,action,partial,distributed,1,1
d1696044c3b7f6e5eff0,KSA,C2,scope,covered,distributed,1,1
d1696044c3b7f6e5eff0,KSA,C2,condition,uncovered,absent,1,0
d1696044c3b7f6e5eff0,KSA,C2,exception,covered,absent,0,0
d1696044c3b7f6e5eff0,KSA,C2,temporal,covered,absent,0,0
d1696044c3b7f6e5eff0,KSA,C2,consequence,covered,absent,0,0
d1e77d617de2a6bf356a,KSA,C2,addressee,covered,direct_textual,0,1
d1e77d617de2a6bf356a,KSA,C2,modality,covered,direct_textual,0,1
d1e77d617de2a6bf356a,KSA,C2,action,partial,distributed,0,1
d1e77d617de2a6bf356a,KSA,C2,scope,covered,distributed,0,1
d1e77d617de2a6bf356a,KSA,C2,condition,partial,distributed,0,1
d1e77d617de2a6bf356a,KSA,C2,exception,covered,absent,0,0
d1e77d617de2a6bf356a,KSA,C2,temporal,covered,absent,0,0
d1e77d617de2a6bf356a,KSA,C2,consequence,covered,absent,0,0
d2a69adf1b149fd5affb,KSA,C3,addressee,covered,direct_textual,1,1
d2a69adf1b149fd5affb,KSA,C3,modality,weaker_modality,distributed,1,1
d2a69adf1b149fd5affb,KSA,C3,action,covered,direct_textual,1,1
d2a69adf1b149fd5affb,KSA,C3,scope,covered,direct_textual,1,1
d2a69adf1b149fd5affb,KSA,C3,condition,covered,direct_textual,1,1
d2a69adf1b149fd5affb,KSA,C3,exception,uncovered,absent,1,1
d2a69adf1b149fd5affb,KSA,C3,temporal,broader,direct_textual,1,1
d2a69adf1b149fd5affb,KSA,C3,consequence,broader,direct_textual,1,1
d2b2fffb9f9a20ea8b9c,OMN,C5,addressee,uncovered,absent,0,0
d2b2fffb9f9a20ea8b9c,OMN,C5,modality,uncovered,absent,0,0
d2b2fffb9f9a20ea8b9c,OMN,C5,action,uncovered,absent,0,0
d2b2fffb9f9a20ea8b9c,OMN,C5,scope,uncovered,absent,0,0
d2b2fffb9f9a20ea8b9c,OMN,C5,condition,uncovered,absent,0,0
d2b2fffb9f9a20ea8b9c,OMN,C5,exception,uncovered,absent,0,0
d2b2fffb9f9a20ea8b9c,OMN,C5,temporal,uncovered,absent,0,0
d2b2fffb9f9a20ea8b9c,OMN,C5,consequence,uncovered,absent,0,0
d3051e5749d8c48fc040,QAT,C2,addressee,uncovered,direct_textual,0,1
d3051e5749d8c48fc040,QAT,C2,modality,uncovered,direct_textual,0,1
d3051e5749d8c48fc040,QAT,C2,action,uncovered,direct_textual,0,1
d3051e5749d8c48fc040,QAT,C2,scope,uncovered,direct_textual,0,1
d3051e5749d8c48fc040,QAT,C2,condition,uncovered,absent,0,0
d3051e5749d8c48fc040,QAT,C2,exception,partial,conceptual,0,1
d3051e5749d8c48fc040,QAT,C2,temporal,covered,absent,0,0
d3051e5749d8c48fc040,QAT,C2,consequence,covered,absent,0,0
d309e244f65b2609acd2,KSA,C3,addressee,narrower,direct_textual,0,1
d309e244f65b2609acd2,KSA,C3,modality,weaker_modality,direct_textual,0,1
d309e244f65b2609acd2,KSA,C3,action,partial,direct_textual,0,1
d309e244f65b2609acd2,KSA,C3,scope,narrower,distributed,0,1
d309e244f65b2609acd2,KSA,C3,condition,narrower,direct_textual,0,1
d309e244f65b2609acd2,KSA,C3,exception,covered,absent,0,0
d309e244f65b2609acd2,KSA,C3,temporal,covered,absent,0,0
d309e244f65b2609acd2,KSA,C3,consequence,covered,absent,0,0
d31a6049007c79b421d1,QAT,C2,addressee,covered,direct_textual,1,1
d31a6049007c79b421d1,QAT,C2,modality,covered,direct_textual,1,1
d31a6049007c79b421d1,QAT,C2,action,uncovered,absent,1,1
d31a6049007c79b421d1,QAT,C2,scope,uncovered,absent,1,1
d31a6049007c79b421d1,QAT,C2,condition,partial,conceptual,1,1
d31a6049007c79b421d1,QAT,C2,exception,covered,absent,1,1
d31a6049007c79b421d1,QAT,C2,temporal,covered,absent,1,1
d31a6049007c79b421d1,QAT,C2,consequence,covered,absent,1,1
d3331ec5ae435170ae84,KSA,C4,proposition,partial,distributed,0,1
d3331ec5ae435170ae84,KSA,C4,addressee,covered,direct_textual,0,1
d3331ec5ae435170ae84,KSA,C4,modality,covered,direct_textual,0,1
d3331ec5ae435170ae84,KSA,C4,action,partial,distributed,0,1
d3331ec5ae435170ae84,KSA,C4,scope,narrower,distributed,0,1
d3331ec5ae435170ae84,KSA,C4,condition,narrower,direct_textual,0,1
d3331ec5ae435170ae84,KSA,C4,exception,covered,absent,0,0
d3331ec5ae435170ae84,KSA,C4,temporal,narrower,direct_textual,0,1
d3331ec5ae435170ae84,KSA,C4,consequence,covered,absent,0,0
d3a18ef44dc7b287f4ca,OMN,C4,addressee,broader,direct_textual,1,1
d3a18ef44dc7b287f4ca,OMN,C4,modality,covered,direct_textual,1,1
d3a18ef44dc7b287f4ca,OMN,C4,action,covered,direct_textual,1,1
d3a18ef44dc7b287f4ca,OMN,C4,scope,covered,direct_textual,1,1
d3a18ef44dc7b287f4ca,OMN,C4,condition,covered,distributed,1,1
d3a18ef44dc7b287f4ca,OMN,C4,exception,covered,absent,0,0
d3a18ef44dc7b287f4ca,OMN,C4,temporal,narrower,direct_textual,1,1
d3a18ef44dc7b287f4ca,OMN,C4,consequence,covered,absent,0,0
d4012134cacf9d8674da,OMN,C2,addressee,covered,direct_textual,0,1
d4012134cacf9d8674da,OMN,C2,modality,covered,direct_textual,0,1
d4012134cacf9d8674da,OMN,C2,action,partial,distributed,0,1
d4012134cacf9d8674da,OMN,C2,scope,partial,direct_textual,0,1
d4012134cacf9d8674da,OMN,C2,condition,uncovered,absent,0,0
d4012134cacf9d8674da,OMN,C2,exception,covered,absent,0,0
d4012134cacf9d8674da,OMN,C2,temporal,covered,absent,0,0
d4012134cacf9d8674da,OMN,C2,consequence,covered,absent,0,0
d439cf03fc4c16f5053e,BHR,C1,addressee,covered,direct_textual,0,1
d439cf03fc4c16f5053e,BHR,C1,modality,covered,direct_textual,0,1
d439cf03fc4c16f5053e,BHR,C1,action,covered,direct_textual,0,1
d439cf03fc4c16f5053e,BHR,C1,scope,covered,distributed,0,1
d439cf03fc4c16f5053e,BHR,C1,condition,covered,direct_textual,0,1
d439cf03fc4c16f5053e,BHR,C1,exception,covered,absent,0,0
d439cf03fc4c16f5053e,BHR,C1,temporal,covered,absent,0,0
d439cf03fc4c16f5053e,BHR,C1,consequence,covered,absent,0,0
d4541cab5bdb87f9f97c,BHR,C5,addressee,uncovered,absent,0,0
d4541cab5bdb87f9f97c,BHR,C5,modality,uncovered,absent,0,0
d4541cab5bdb87f9f97c,BHR,C5,action,uncovered,absent,0,0
d4541cab5bdb87f9f97c,BHR,C5,scope,uncovered,absent,0,0
d4541cab5bdb87f9f97c,BHR,C5,condition,uncovered,absent,0,0
d4541cab5bdb87f9f97c,BHR,C5,exception,uncovered,absent,0,0
d4541cab5bdb87f9f97c,BHR,C5,temporal,uncovered,absent,0,0
d4541cab5bdb87f9f97c,BHR,C5,consequence,uncovered,absent,0,0
d591975eccecc925c280,QAT,C2,addressee,uncovered,direct_textual,0,1
d591975eccecc925c280,QAT,C2,modality,covered,direct_textual,0,1
d591975eccecc925c280,QAT,C2,action,partial,distributed,0,1
d591975eccecc925c280,QAT,C2,scope,partial,distributed,0,1
d591975eccecc925c280,QAT,C2,condition,uncovered,absent,0,0
d591975eccecc925c280,QAT,C2,exception,covered,absent,0,0
d591975eccecc925c280,QAT,C2,temporal,covered,absent,0,0
d591975eccecc925c280,QAT,C2,consequence,covered,absent,0,0
d5c251bc8d9e516d1c21,UAE,C2,addressee,covered,direct_textual,1,1
d5c251bc8d9e516d1c21,UAE,C2,modality,covered,direct_textual,1,1
d5c251bc8d9e516d1c21,UAE,C2,action,covered,direct_textual,1,1
d5c251bc8d9e516d1c21,UAE,C2,scope,covered,direct_textual,1,1
d5c251bc8d9e516d1c21,UAE,C2,condition,uncovered,absent,0,1
d5c251bc8d9e516d1c21,UAE,C2,exception,covered,absent,0,0
d5c251bc8d9e516d1c21,UAE,C2,temporal,covered,absent,0,0
d5c251bc8d9e516d1c21,UAE,C2,consequence,covered,absent,0,0
d6301680869e3de95178,QAT,C2,addressee,covered,direct_textual,1,1
d6301680869e3de95178,QAT,C2,modality,covered,direct_textual,1,1
d6301680869e3de95178,QAT,C2,action,partial,distributed,1,1
d6301680869e3de95178,QAT,C2,scope,covered,direct_textual,1,1
d6301680869e3de95178,QAT,C2,condition,uncovered,absent,1,0
d6301680869e3de95178,QAT,C2,exception,covered,absent,1,0
d6301680869e3de95178,QAT,C2,temporal,covered,distributed,1,1
d6301680869e3de95178,QAT,C2,consequence,covered,absent,1,0
d68722ca6b660261128b,QAT,C2,addressee,covered,direct_textual,0,1
d68722ca6b660261128b,QAT,C2,modality,covered,direct_textual,0,1
d68722ca6b660261128b,QAT,C2,action,uncovered,absent,0,0
d68722ca6b660261128b,QAT,C2,scope,covered,direct_textual,0,1
d68722ca6b660261128b,QAT,C2,condition,uncovered,absent,0,0
d68722ca6b660261128b,QAT,C2,exception,uncovered,absent,0,0
d68722ca6b660261128b,QAT,C2,temporal,uncovered,absent,0,0
d68722ca6b660261128b,QAT,C2,consequence,covered,absent,0,0
d69e2877bf8412b78a7b,KWT,C3,addressee,covered,direct_textual,0,1
d69e2877bf8412b78a7b,KWT,C3,modality,weaker_modality,distributed,0,1
d69e2877bf8412b78a7b,KWT,C3,action,covered,direct_textual,0,1
d69e2877bf8412b78a7b,KWT,C3,scope,partial,distributed,0,1
d69e2877bf8412b78a7b,KWT,C3,condition,uncovered,absent,0,1
d69e2877bf8412b78a7b,KWT,C3,exception,covered,absent,0,1
d69e2877bf8412b78a7b,KWT,C3,temporal,uncovered,absent,0,1
d69e2877bf8412b78a7b,KWT,C3,consequence,covered,absent,0,1
d6bc7590a5d07ec8bdb7,OMN,C1,addressee,covered,conceptual,0,1
d6bc7590a5d07ec8bdb7,OMN,C1,modality,covered,direct_textual,0,1
d6bc7590a5d07ec8bdb7,OMN,C1,action,broader,direct_textual,0,1
d6bc7590a5d07ec8bdb7,OMN,C1,scope,covered,conceptual,0,1
d6bc7590a5d07ec8bdb7,OMN,C1,condition,broader,conceptual,0,1
d6bc7590a5d07ec8bdb7,OMN,C1,exception,covered,absent,0,0
d6bc7590a5d07ec8bdb7,OMN,C1,temporal,covered,absent,0,0
d6bc7590a5d07ec8bdb7,OMN,C1,consequence,covered,absent,0,0
d6fcc1dbab0479678533,KWT,C5,addressee,uncovered,absent,0,0
d6fcc1dbab0479678533,KWT,C5,modality,uncovered,absent,0,0
d6fcc1dbab0479678533,KWT,C5,action,uncovered,absent,0,0
d6fcc1dbab0479678533,KWT,C5,scope,uncovered,absent,0,0
d6fcc1dbab0479678533,KWT,C5,condition,uncovered,absent,0,0
d6fcc1dbab0479678533,KWT,C5,exception,uncovered,absent,0,0
d6fcc1dbab0479678533,KWT,C5,temporal,uncovered,absent,0,0
d6fcc1dbab0479678533,KWT,C5,consequence,uncovered,absent,0,0
d767bea045f2ee5061a5,QAT,C5,addressee,uncovered,absent,0,0
d767bea045f2ee5061a5,QAT,C5,modality,uncovered,absent,0,0
d767bea045f2ee5061a5,QAT,C5,action,uncovered,absent,0,0
d767bea045f2ee5061a5,QAT,C5,scope,uncovered,absent,0,0
d767bea045f2ee5061a5,QAT,C5,condition,uncovered,absent,0,0
d767bea045f2ee5061a5,QAT,C5,exception,covered,absent,0,0
d767bea045f2ee5061a5,QAT,C5,temporal,uncovered,absent,0,0
d767bea045f2ee5061a5,QAT,C5,consequence,covered,absent,0,0
d79239bbb7b61046876a,KWT,C2,addressee,covered,conceptual,1,1
d79239bbb7b61046876a,KWT,C2,modality,covered,direct_textual,1,1
d79239bbb7b61046876a,KWT,C2,action,covered,distributed,1,1
d79239bbb7b61046876a,KWT,C2,scope,covered,absent,0,0
d79239bbb7b61046876a,KWT,C2,condition,broader,direct_textual,1,1
d79239bbb7b61046876a,KWT,C2,exception,broader,absent,0,0
d79239bbb7b61046876a,KWT,C2,temporal,uncovered,absent,0,0
d79239bbb7b61046876a,KWT,C2,consequence,covered,absent,0,0
d7c1eefe585fbf492aab,KWT,C4,addressee,narrower,direct_textual,1,1
d7c1eefe585fbf492aab,KWT,C4,modality,covered,direct_textual,1,1
d7c1eefe585fbf492aab,KWT,C4,action,partial,distributed,1,1
d7c1eefe585fbf492aab,KWT,C4,scope,covered,direct_textual,1,1
d7c1eefe585fbf492aab,KWT,C4,condition,partial,distributed,1,1
d7c1eefe585fbf492aab,KWT,C4,exception,covered,absent,1,1
d7c1eefe585fbf492aab,KWT,C4,temporal,covered,absent,1,1
d7c1eefe585fbf492aab,KWT,C4,consequence,covered,absent,1,1
d7cbaa7515481668a887,KSA,C5,addressee,uncovered,absent,0,0
d7cbaa7515481668a887,KSA,C5,modality,uncovered,absent,0,0
d7cbaa7515481668a887,KSA,C5,action,uncovered,absent,0,0
d7cbaa7515481668a887,KSA,C5,scope,uncovered,absent,0,0
d7cbaa7515481668a887,KSA,C5,condition,uncovered,absent,0,0
d7cbaa7515481668a887,KSA,C5,exception,uncovered,absent,0,0
d7cbaa7515481668a887,KSA,C5,temporal,uncovered,absent,0,0
d7cbaa7515481668a887,KSA,C5,consequence,uncovered,absent,0,0
d8222b4b297dc9ed334b,QAT,C2,addressee,covered,direct_textual,0,1
d8222b4b297dc9ed334b,QAT,C2,modality,covered,direct_textual,0,1
d8222b4b297dc9ed334b,QAT,C2,action,covered,distributed,0,1
d8222b4b297dc9ed334b,QAT,C2,scope,partial,distributed,0,1
d8222b4b297dc9ed334b,QAT,C2,condition,narrower,direct_textual,0,1
d8222b4b297dc9ed334b,QAT,C2,exception,covered,absent,0,0
d8222b4b297dc9ed334b,QAT,C2,temporal,covered,distributed,0,1
d8222b4b297dc9ed334b,QAT,C2,consequence,covered,absent,0,0
d8bed630adc7e5a9c92c,OMN,C2,addressee,uncovered,direct_textual,1,1
d8bed630adc7e5a9c92c,OMN,C2,modality,uncovered,direct_textual,1,1
d8bed630adc7e5a9c92c,OMN,C2,action,covered,direct_textual,1,1
d8bed630adc7e5a9c92c,OMN,C2,scope,covered,absent,0,0
d8bed630adc7e5a9c92c,OMN,C2,condition,uncovered,direct_textual,1,1
d8bed630adc7e5a9c92c,OMN,C2,exception,uncovered,absent,1,0
d8bed630adc7e5a9c92c,OMN,C2,temporal,covered,absent,1,0
d8bed630adc7e5a9c92c,OMN,C2,consequence,covered,absent,1,0
d8fbb5d1892944769d46,UAE,C2,addressee,covered,direct_textual,0,1
d8fbb5d1892944769d46,UAE,C2,modality,uncovered,absent,0,0
d8fbb5d1892944769d46,UAE,C2,action,uncovered,absent,0,0
d8fbb5d1892944769d46,UAE,C2,scope,uncovered,absent,0,0
d8fbb5d1892944769d46,UAE,C2,condition,uncovered,absent,0,0
d8fbb5d1892944769d46,UAE,C2,exception,covered,absent,0,0
d8fbb5d1892944769d46,UAE,C2,temporal,uncovered,absent,0,0
d8fbb5d1892944769d46,UAE,C2,consequence,covered,absent,0,0
d95ad225624b27c9d64a,KWT,C5,addressee,uncovered,absent,0,0
d95ad225624b27c9d64a,KWT,C5,modality,uncovered,absent,0,0
d95ad225624b27c9d64a,KWT,C5,action,uncovered,absent,0,0
d95ad225624b27c9d64a,KWT,C5,scope,uncovered,absent,0,0
d95ad225624b27c9d64a,KWT,C5,condition,uncovered,absent,0,0
d95ad225624b27c9d64a,KWT,C5,exception,uncovered,absent,0,0
d95ad225624b27c9d64a,KWT,C5,temporal,uncovered,absent,0,0
d95ad225624b27c9d64a,KWT,C5,consequence,uncovered,absent,0,0
d984bf4e67d4fb3cb8fb,BHR,C2,addressee,covered,direct_textual,1,1
d984bf4e67d4fb3cb8fb,BHR,C2,modality,uncovered,absent,0,0
d984bf4e67d4fb3cb8fb,BHR,C2,action,uncovered,absent,0,0
d984bf4e67d4fb3cb8fb,BHR,C2,scope,uncovered,absent,0,0
d984bf4e67d4fb3cb8fb,BHR,C2,condition,covered,absent,0,0
d984bf4e67d4fb3cb8fb,BHR,C2,exception,covered,absent,0,0
d984bf4e67d4fb3cb8fb,BHR,C2,temporal,uncovered,absent,0,0
d984bf4e67d4fb3cb8fb,BHR,C2,consequence,covered,absent,0,0
d9cd85f11d0c2a8a68bf,KWT,C2,addressee,uncovered,absent,0,0
d9cd85f11d0c2a8a68bf,KWT,C2,modality,uncovered,absent,0,0
d9cd85f11d0c2a8a68bf,KWT,C2,action,uncovered,absent,0,0
d9cd85f11d0c2a8a68bf,KWT,C2,scope,partial,distributed,0,1
d9cd85f11d0c2a8a68bf,KWT,C2,condition,uncovered,absent,0,0
d9cd85f11d0c2a8a68bf,KWT,C2,exception,covered,absent,0,0
d9cd85f11d0c2a8a68bf,KWT,C2,temporal,covered,absent,0,0
d9cd85f11d0c2a8a68bf,KWT,C2,consequence,covered,absent,0,0
d9eb77bbe5ea906ff6ec,BHR,C2,addressee,covered,direct_textual,1,1
d9eb77bbe5ea906ff6ec,BHR,C2,modality,covered,direct_textual,1,1
d9eb77bbe5ea906ff6ec,BHR,C2,action,covered,distributed,1,1
d9eb77bbe5ea906ff6ec,BHR,C2,scope,covered,direct_textual,1,1
d9eb77bbe5ea906ff6ec,BHR,C2,condition,uncovered,absent,0,0
d9eb77bbe5ea906ff6ec,BHR,C2,exception,uncovered,absent,0,0
d9eb77bbe5ea906ff6ec,BHR,C2,temporal,covered,absent,0,0
d9eb77bbe5ea906ff6ec,BHR,C2,consequence,covered,absent,0,0
db6a501ce7a4c9ad4f8c,QAT,C3,addressee,narrower,direct_textual,1,1
db6a501ce7a4c9ad4f8c,QAT,C3,modality,weaker_modality,direct_textual,1,1
db6a501ce7a4c9ad4f8c,QAT,C3,action,uncovered,absent,1,1
db6a501ce7a4c9ad4f8c,QAT,C3,scope,covered,direct_textual,1,1
db6a501ce7a4c9ad4f8c,QAT,C3,condition,covered,absent,0,0
db6a501ce7a4c9ad4f8c,QAT,C3,exception,uncovered,absent,0,0
db6a501ce7a4c9ad4f8c,QAT,C3,temporal,narrower,direct_textual,1,1
db6a501ce7a4c9ad4f8c,QAT,C3,consequence,narrower,direct_textual,1,1
dba78a127dc446ca4358,BHR,C2,addressee,covered,direct_textual,1,1
dba78a127dc446ca4358,BHR,C2,modality,covered,direct_textual,1,1
dba78a127dc446ca4358,BHR,C2,action,partial,distributed,1,1
dba78a127dc446ca4358,BHR,C2,scope,covered,conceptual,1,1
dba78a127dc446ca4358,BHR,C2,condition,uncovered,absent,0,0
dba78a127dc446ca4358,BHR,C2,exception,covered,absent,0,0
dba78a127dc446ca4358,BHR,C2,temporal,covered,absent,0,0
dba78a127dc446ca4358,BHR,C2,consequence,covered,absent,0,0
dc6098bfaf56adbf1b1f,UAE,C2,addressee,covered,direct_textual,0,1
dc6098bfaf56adbf1b1f,UAE,C2,modality,covered,direct_textual,0,1
dc6098bfaf56adbf1b1f,UAE,C2,action,covered,direct_textual,0,1
dc6098bfaf56adbf1b1f,UAE,C2,scope,covered,conceptual,0,1
dc6098bfaf56adbf1b1f,UAE,C2,condition,broader,direct_textual,0,1
dc6098bfaf56adbf1b1f,UAE,C2,exception,partial,conceptual,0,1
dc6098bfaf56adbf1b1f,UAE,C2,temporal,partial,direct_textual,0,1
dc6098bfaf56adbf1b1f,UAE,C2,consequence,broader,direct_textual,0,1
dcb0f2ece44d177c19e2,UAE,C5,addressee,uncovered,absent,0,0
dcb0f2ece44d177c19e2,UAE,C5,modality,uncovered,absent,0,0
dcb0f2ece44d177c19e2,UAE,C5,action,uncovered,absent,0,0
dcb0f2ece44d177c19e2,UAE,C5,scope,uncovered,absent,0,0
dcb0f2ece44d177c19e2,UAE,C5,condition,uncovered,absent,0,0
dcb0f2ece44d177c19e2,UAE,C5,exception,covered,absent,0,0
dcb0f2ece44d177c19e2,UAE,C5,temporal,covered,absent,0,0
dcb0f2ece44d177c19e2,UAE,C5,consequence,covered,absent,0,0
dcbf54590b664599a00f,KWT,C4,addressee,narrower,direct_textual,0,1
dcbf54590b664599a00f,KWT,C4,modality,covered,direct_textual,0,1
dcbf54590b664599a00f,KWT,C4,action,covered,direct_textual,0,1
dcbf54590b664599a00f,KWT,C4,scope,covered,direct_textual,0,1
dcbf54590b664599a00f,KWT,C4,condition,partial,distributed,0,1
dcbf54590b664599a00f,KWT,C4,exception,narrower,direct_textual,0,1
dcbf54590b664599a00f,KWT,C4,temporal,broader,direct_textual,0,1
dcbf54590b664599a00f,KWT,C4,consequence,broader,direct_textual,0,1
dcc90964061bafccff3e,QAT,C5,addressee,uncovered,absent,0,0
dcc90964061bafccff3e,QAT,C5,modality,uncovered,absent,0,0
dcc90964061bafccff3e,QAT,C5,action,uncovered,absent,0,0
dcc90964061bafccff3e,QAT,C5,scope,uncovered,absent,0,0
dcc90964061bafccff3e,QAT,C5,condition,uncovered,absent,0,0
dcc90964061bafccff3e,QAT,C5,exception,uncovered,absent,0,0
dcc90964061bafccff3e,QAT,C5,temporal,uncovered,absent,0,0
dcc90964061bafccff3e,QAT,C5,consequence,uncovered,absent,0,0
dceb5f544304b24dc43e,KWT,C4,addressee,narrower,direct_textual,0,1
dceb5f544304b24dc43e,KWT,C4,modality,covered,distributed,0,1
dceb5f544304b24dc43e,KWT,C4,action,narrower,direct_textual,0,1
dceb5f544304b24dc43e,KWT,C4,scope,narrower,direct_textual,0,1
dceb5f544304b24dc43e,KWT,C4,condition,partial,distributed,0,1
dceb5f544304b24dc43e,KWT,C4,exception,covered,absent,0,0
dceb5f544304b24dc43e,KWT,C4,temporal,covered,absent,0,0
dceb5f544304b24dc43e,KWT,C4,consequence,broader,direct_textual,0,1
dd5e5a374a061d6f0444,BHR,C1,addressee,covered,direct_textual,0,1
dd5e5a374a061d6f0444,BHR,C1,modality,covered,direct_textual,0,1
dd5e5a374a061d6f0444,BHR,C1,action,covered,direct_textual,0,1
dd5e5a374a061d6f0444,BHR,C1,scope,covered,direct_textual,0,1
dd5e5a374a061d6f0444,BHR,C1,condition,covered,absent,0,0
dd5e5a374a061d6f0444,BHR,C1,exception,covered,absent,0,0
dd5e5a374a061d6f0444,BHR,C1,temporal,covered,direct_textual,0,1
dd5e5a374a061d6f0444,BHR,C1,consequence,covered,absent,0,0
dd751880ea4063f6732b,OMN,C1,addressee,covered,direct_textual,0,1
dd751880ea4063f6732b,OMN,C1,modality,covered,direct_textual,0,1
dd751880ea4063f6732b,OMN,C1,action,narrower,direct_textual,0,1
dd751880ea4063f6732b,OMN,C1,scope,covered,direct_textual,0,1
dd751880ea4063f6732b,OMN,C1,condition,covered,absent,0,0
dd751880ea4063f6732b,OMN,C1,exception,covered,absent,0,0
dd751880ea4063f6732b,OMN,C1,temporal,covered,absent,0,0
dd751880ea4063f6732b,OMN,C1,consequence,covered,absent,0,0
dde94192dcddd827e921,OMN,C5,addressee,uncovered,absent,0,0
dde94192dcddd827e921,OMN,C5,modality,uncovered,absent,0,0
dde94192dcddd827e921,OMN,C5,action,uncovered,absent,0,0
dde94192dcddd827e921,OMN,C5,scope,covered,absent,0,0
dde94192dcddd827e921,OMN,C5,condition,covered,absent,0,0
dde94192dcddd827e921,OMN,C5,exception,uncovered,absent,0,0
dde94192dcddd827e921,OMN,C5,temporal,covered,absent,0,0
dde94192dcddd827e921,OMN,C5,consequence,covered,absent,0,0
dfe6f2e7e4a55b0071bb,BHR,C2,addressee,covered,direct_textual,0,1
dfe6f2e7e4a55b0071bb,BHR,C2,modality,covered,direct_textual,0,1
dfe6f2e7e4a55b0071bb,BHR,C2,action,uncovered,absent,0,0
dfe6f2e7e4a55b0071bb,BHR,C2,scope,uncovered,absent,0,0
dfe6f2e7e4a55b0071bb,BHR,C2,condition,uncovered,direct_textual,0,1
dfe6f2e7e4a55b0071bb,BHR,C2,exception,covered,absent,0,0
dfe6f2e7e4a55b0071bb,BHR,C2,temporal,covered,absent,0,0
dfe6f2e7e4a55b0071bb,BHR,C2,consequence,covered,absent,0,0
dfe709466603082a9b67,QAT,C2,addressee,covered,direct_textual,0,1
dfe709466603082a9b67,QAT,C2,modality,uncovered,absent,0,0
dfe709466603082a9b67,QAT,C2,action,uncovered,absent,0,0
dfe709466603082a9b67,QAT,C2,scope,uncovered,absent,0,0
dfe709466603082a9b67,QAT,C2,condition,uncovered,absent,0,0
dfe709466603082a9b67,QAT,C2,exception,covered,absent,0,0
dfe709466603082a9b67,QAT,C2,temporal,covered,absent,0,0
dfe709466603082a9b67,QAT,C2,consequence,covered,absent,0,0
dff19e849c8340024aa2,OMN,C3,addressee,covered,conceptual,0,1
dff19e849c8340024aa2,OMN,C3,modality,weaker_modality,direct_textual,0,1
dff19e849c8340024aa2,OMN,C3,action,partial,distributed,0,1
dff19e849c8340024aa2,OMN,C3,scope,covered,direct_textual,0,1
dff19e849c8340024aa2,OMN,C3,condition,covered,direct_textual,0,1
dff19e849c8340024aa2,OMN,C3,exception,covered,absent,0,0
dff19e849c8340024aa2,OMN,C3,temporal,covered,absent,0,0
dff19e849c8340024aa2,OMN,C3,consequence,covered,absent,0,0
e02907df69bbc47747ff,QAT,C2,addressee,uncovered,direct_textual,0,1
e02907df69bbc47747ff,QAT,C2,modality,covered,direct_textual,0,1
e02907df69bbc47747ff,QAT,C2,action,covered,direct_textual,0,1
e02907df69bbc47747ff,QAT,C2,scope,partial,distributed,0,1
e02907df69bbc47747ff,QAT,C2,condition,covered,absent,0,0
e02907df69bbc47747ff,QAT,C2,exception,covered,absent,0,0
e02907df69bbc47747ff,QAT,C2,temporal,covered,direct_textual,0,1
e02907df69bbc47747ff,QAT,C2,consequence,covered,absent,0,0
e0a6df4291b92b7ce608,UAE,C2,addressee,covered,direct_textual,1,1
e0a6df4291b92b7ce608,UAE,C2,modality,uncovered,direct_textual,1,1
e0a6df4291b92b7ce608,UAE,C2,action,covered,direct_textual,1,1
e0a6df4291b92b7ce608,UAE,C2,scope,partial,conceptual,1,1
e0a6df4291b92b7ce608,UAE,C2,condition,covered,direct_textual,1,1
e0a6df4291b92b7ce608,UAE,C2,exception,uncovered,absent,1,0
e0a6df4291b92b7ce608,UAE,C2,temporal,covered,absent,1,0
e0a6df4291b92b7ce608,UAE,C2,consequence,covered,absent,1,0
e0aac992421aee7ed252,QAT,C2,addressee,uncovered,direct_textual,0,1
e0aac992421aee7ed252,QAT,C2,modality,covered,conceptual,0,1
e0aac992421aee7ed252,QAT,C2,action,covered,distributed,0,1
e0aac992421aee7ed252,QAT,C2,scope,partial,absent,0,1
e0aac992421aee7ed252,QAT,C2,condition,covered,absent,0,0
e0aac992421aee7ed252,QAT,C2,exception,covered,absent,0,0
e0aac992421aee7ed252,QAT,C2,temporal,covered,absent,0,0
e0aac992421aee7ed252,QAT,C2,consequence,broader,direct_textual,0,1
e0cc337ca950172ce9cd,OMN,C5,addressee,uncovered,absent,0,0
e0cc337ca950172ce9cd,OMN,C5,modality,uncovered,absent,0,0
e0cc337ca950172ce9cd,OMN,C5,action,uncovered,absent,0,0
e0cc337ca950172ce9cd,OMN,C5,scope,covered,absent,0,0
e0cc337ca950172ce9cd,OMN,C5,condition,uncovered,absent,0,0
e0cc337ca950172ce9cd,OMN,C5,exception,covered,absent,0,0
e0cc337ca950172ce9cd,OMN,C5,temporal,covered,absent,0,0
e0cc337ca950172ce9cd,OMN,C5,consequence,covered,absent,0,0
e0ce54d916f8edd70e7a,QAT,C5,addressee,uncovered,absent,0,0
e0ce54d916f8edd70e7a,QAT,C5,modality,uncovered,absent,0,0
e0ce54d916f8edd70e7a,QAT,C5,action,uncovered,absent,0,0
e0ce54d916f8edd70e7a,QAT,C5,scope,uncovered,absent,0,0
e0ce54d916f8edd70e7a,QAT,C5,condition,uncovered,absent,0,0
e0ce54d916f8edd70e7a,QAT,C5,exception,covered,absent,0,0
e0ce54d916f8edd70e7a,QAT,C5,temporal,covered,absent,0,0
e0ce54d916f8edd70e7a,QAT,C5,consequence,covered,absent,0,0
e119d41f2ae5467585fb,KWT,C5,addressee,uncovered,absent,0,0
e119d41f2ae5467585fb,KWT,C5,modality,uncovered,absent,0,0
e119d41f2ae5467585fb,KWT,C5,action,uncovered,absent,0,0
e119d41f2ae5467585fb,KWT,C5,scope,uncovered,absent,0,0
e119d41f2ae5467585fb,KWT,C5,condition,uncovered,absent,0,0
e119d41f2ae5467585fb,KWT,C5,exception,uncovered,absent,0,0
e119d41f2ae5467585fb,KWT,C5,temporal,uncovered,absent,0,0
e119d41f2ae5467585fb,KWT,C5,consequence,uncovered,absent,0,0
e14563c87cc1ae7dc741,QAT,C3,addressee,covered,conceptual,1,1
e14563c87cc1ae7dc741,QAT,C3,modality,weaker_modality,direct_textual,1,1
e14563c87cc1ae7dc741,QAT,C3,action,partial,conceptual,1,1
e14563c87cc1ae7dc741,QAT,C3,scope,uncovered,absent,1,1
e14563c87cc1ae7dc741,QAT,C3,condition,narrower,direct_textual,1,1
e14563c87cc1ae7dc741,QAT,C3,exception,covered,absent,0,0
e14563c87cc1ae7dc741,QAT,C3,temporal,covered,absent,0,0
e14563c87cc1ae7dc741,QAT,C3,consequence,covered,absent,0,0
e223a3d9d9436aa2a7a9,QAT,C5,addressee,uncovered,absent,0,0
e223a3d9d9436aa2a7a9,QAT,C5,modality,uncovered,absent,0,0
e223a3d9d9436aa2a7a9,QAT,C5,action,uncovered,absent,0,0
e223a3d9d9436aa2a7a9,QAT,C5,scope,uncovered,absent,0,0
e223a3d9d9436aa2a7a9,QAT,C5,condition,uncovered,absent,0,0
e223a3d9d9436aa2a7a9,QAT,C5,exception,uncovered,absent,0,0
e223a3d9d9436aa2a7a9,QAT,C5,temporal,uncovered,absent,0,0
e223a3d9d9436aa2a7a9,QAT,C5,consequence,uncovered,absent,0,0
e23cf3965430ca46c495,OMN,C2,addressee,covered,direct_textual,0,1
e23cf3965430ca46c495,OMN,C2,modality,covered,direct_textual,0,1
e23cf3965430ca46c495,OMN,C2,action,uncovered,absent,0,0
e23cf3965430ca46c495,OMN,C2,scope,covered,conceptual,0,1
e23cf3965430ca46c495,OMN,C2,condition,partial,direct_textual,0,1
e23cf3965430ca46c495,OMN,C2,exception,covered,absent,0,0
e23cf3965430ca46c495,OMN,C2,temporal,covered,absent,0,0
e23cf3965430ca46c495,OMN,C2,consequence,covered,absent,0,0
e27271e2daf6c0ea17b9,KSA,C1,addressee,covered,direct_textual,0,1
e27271e2daf6c0ea17b9,KSA,C1,modality,covered,direct_textual,0,1
e27271e2daf6c0ea17b9,KSA,C1,action,covered,direct_textual,0,1
e27271e2daf6c0ea17b9,KSA,C1,scope,covered,direct_textual,0,1
e27271e2daf6c0ea17b9,KSA,C1,condition,covered,direct_textual,0,1
e27271e2daf6c0ea17b9,KSA,C1,exception,covered,absent,0,0
e27271e2daf6c0ea17b9,KSA,C1,temporal,broader,direct_textual,0,1
e27271e2daf6c0ea17b9,KSA,C1,consequence,covered,absent,0,0
e29215a16768b486dbc8,QAT,C2,addressee,covered,direct_textual,1,1
e29215a16768b486dbc8,QAT,C2,modality,covered,direct_textual,1,1
e29215a16768b486dbc8,QAT,C2,action,partial,distributed,1,1
e29215a16768b486dbc8,QAT,C2,scope,covered,conceptual,1,1
e29215a16768b486dbc8,QAT,C2,condition,narrower,distributed,1,1
e29215a16768b486dbc8,QAT,C2,exception,covered,absent,1,0
e29215a16768b486dbc8,QAT,C2,temporal,broader,direct_textual,1,1
e29215a16768b486dbc8,QAT,C2,consequence,covered,absent,1,0
e3a16b9b425b5322248b,BHR,C4,addressee,covered,direct_textual,1,1
e3a16b9b425b5322248b,BHR,C4,modality,covered,direct_textual,1,1
e3a16b9b425b5322248b,BHR,C4,action,covered,direct_textual,1,1
e3a16b9b425b5322248b,BHR,C4,scope,narrower,direct_textual,1,1
e3a16b9b425b5322248b,BHR,C4,condition,narrower,direct_textual,1,1
e3a16b9b425b5322248b,BHR,C4,exception,narrower,direct_textual,1,1
e3a16b9b425b5322248b,BHR,C4,temporal,broader,direct_textual,1,1
e3a16b9b425b5322248b,BHR,C4,consequence,broader,direct_textual,1,1
e44fd1228cea3d933cd6,KWT,C2,addressee,uncovered,direct_textual,0,1
e44fd1228cea3d933cd6,KWT,C2,modality,uncovered,direct_textual,0,1
e44fd1228cea3d933cd6,KWT,C2,action,uncovered,distributed,0,1
e44fd1228cea3d933cd6,KWT,C2,scope,uncovered,direct_textual,0,1
e44fd1228cea3d933cd6,KWT,C2,condition,uncovered,absent,0,1
e44fd1228cea3d933cd6,KWT,C2,exception,covered,absent,0,1
e44fd1228cea3d933cd6,KWT,C2,temporal,covered,absent,0,1
e44fd1228cea3d933cd6,KWT,C2,consequence,covered,absent,0,1
e4745d20159a60af1eb7,QAT,C5,addressee,uncovered,absent,0,0
e4745d20159a60af1eb7,QAT,C5,modality,uncovered,absent,0,0
e4745d20159a60af1eb7,QAT,C5,action,uncovered,absent,0,0
e4745d20159a60af1eb7,QAT,C5,scope,uncovered,absent,0,0
e4745d20159a60af1eb7,QAT,C5,condition,uncovered,absent,0,0
e4745d20159a60af1eb7,QAT,C5,exception,uncovered,absent,0,0
e4745d20159a60af1eb7,QAT,C5,temporal,uncovered,absent,0,0
e4745d20159a60af1eb7,QAT,C5,consequence,uncovered,absent,0,0
e49ea576255171d6caf5,QAT,C2,addressee,covered,direct_textual,1,1
e49ea576255171d6caf5,QAT,C2,modality,covered,direct_textual,1,1
e49ea576255171d6caf5,QAT,C2,action,partial,distributed,1,1
e49ea576255171d6caf5,QAT,C2,scope,uncovered,absent,0,0
e49ea576255171d6caf5,QAT,C2,condition,covered,absent,0,0
e49ea576255171d6caf5,QAT,C2,exception,uncovered,absent,0,0
e49ea576255171d6caf5,QAT,C2,temporal,covered,absent,0,0
e49ea576255171d6caf5,QAT,C2,consequence,covered,absent,0,0
e4bf8d52b48b5b329202,KWT,C5,addressee,uncovered,absent,0,0
e4bf8d52b48b5b329202,KWT,C5,modality,uncovered,absent,0,0
e4bf8d52b48b5b329202,KWT,C5,action,uncovered,absent,0,0
e4bf8d52b48b5b329202,KWT,C5,scope,uncovered,absent,0,0
e4bf8d52b48b5b329202,KWT,C5,condition,uncovered,absent,0,0
e4bf8d52b48b5b329202,KWT,C5,exception,uncovered,absent,0,0
e4bf8d52b48b5b329202,KWT,C5,temporal,uncovered,absent,0,0
e4bf8d52b48b5b329202,KWT,C5,consequence,uncovered,absent,0,0
e50a6a0b1f5828bbe816,UAE,C5,addressee,uncovered,absent,0,0
e50a6a0b1f5828bbe816,UAE,C5,modality,uncovered,absent,0,0
e50a6a0b1f5828bbe816,UAE,C5,action,uncovered,absent,0,0
e50a6a0b1f5828bbe816,UAE,C5,scope,uncovered,absent,0,0
e50a6a0b1f5828bbe816,UAE,C5,condition,uncovered,absent,0,0
e50a6a0b1f5828bbe816,UAE,C5,exception,uncovered,absent,0,0
e50a6a0b1f5828bbe816,UAE,C5,temporal,uncovered,absent,0,0
e50a6a0b1f5828bbe816,UAE,C5,consequence,uncovered,absent,0,0
e55b574a6e1629208315,BHR,C2,addressee,covered,direct_textual,1,1
e55b574a6e1629208315,BHR,C2,modality,covered,direct_textual,1,1
e55b574a6e1629208315,BHR,C2,action,partial,distributed,1,1
e55b574a6e1629208315,BHR,C2,scope,partial,distributed,1,1
e55b574a6e1629208315,BHR,C2,condition,narrower,distributed,1,1
e55b574a6e1629208315,BHR,C2,exception,covered,absent,0,0
e55b574a6e1629208315,BHR,C2,temporal,covered,absent,0,0
e55b574a6e1629208315,BHR,C2,consequence,covered,absent,0,0
e58c8b1bb5dba8629d21,KSA,C2,addressee,covered,direct_textual,0,1
e58c8b1bb5dba8629d21,KSA,C2,modality,covered,direct_textual,0,1
e58c8b1bb5dba8629d21,KSA,C2,action,partial,direct_textual,0,1
e58c8b1bb5dba8629d21,KSA,C2,scope,covered,direct_textual,0,1
e58c8b1bb5dba8629d21,KSA,C2,condition,covered,direct_textual,0,1
e58c8b1bb5dba8629d21,KSA,C2,exception,covered,absent,0,1
e58c8b1bb5dba8629d21,KSA,C2,temporal,covered,absent,0,1
e58c8b1bb5dba8629d21,KSA,C2,consequence,covered,absent,0,1
e5b7b56352896e63bcd8,KWT,C4,addressee,covered,conceptual,0,1
e5b7b56352896e63bcd8,KWT,C4,modality,covered,direct_textual,0,1
e5b7b56352896e63bcd8,KWT,C4,action,narrower,distributed,0,1
e5b7b56352896e63bcd8,KWT,C4,scope,narrower,direct_textual,0,1
e5b7b56352896e63bcd8,KWT,C4,condition,covered,conceptual,0,1
e5b7b56352896e63bcd8,KWT,C4,exception,covered,absent,0,0
e5b7b56352896e63bcd8,KWT,C4,temporal,covered,distributed,0,1
e5b7b56352896e63bcd8,KWT,C4,consequence,covered,absent,0,0
e5ddd5db99b1f60787d1,UAE,C4,addressee,broader,direct_textual,1,1
e5ddd5db99b1f60787d1,UAE,C4,modality,covered,direct_textual,1,1
e5ddd5db99b1f60787d1,UAE,C4,action,partial,distributed,1,1
e5ddd5db99b1f60787d1,UAE,C4,scope,uncovered,absent,1,0
e5ddd5db99b1f60787d1,UAE,C4,condition,covered,absent,1,0
e5ddd5db99b1f60787d1,UAE,C4,exception,covered,absent,0,0
e5ddd5db99b1f60787d1,UAE,C4,temporal,covered,absent,0,0
e5ddd5db99b1f60787d1,UAE,C4,consequence,covered,absent,1,0
e5dfafda83e9cdfb4654,QAT,C4,addressee,uncovered,direct_textual,1,1
e5dfafda83e9cdfb4654,QAT,C4,modality,covered,direct_textual,1,1
e5dfafda83e9cdfb4654,QAT,C4,action,uncovered,direct_textual,1,1
e5dfafda83e9cdfb4654,QAT,C4,scope,narrower,direct_textual,1,1
e5dfafda83e9cdfb4654,QAT,C4,condition,covered,direct_textual,1,1
e5dfafda83e9cdfb4654,QAT,C4,exception,uncovered,direct_textual,1,1
e5dfafda83e9cdfb4654,QAT,C4,temporal,covered,absent,0,0
e5dfafda83e9cdfb4654,QAT,C4,consequence,covered,absent,1,0
e63c4688a581c787463b,QAT,C5,addressee,uncovered,absent,0,0
e63c4688a581c787463b,QAT,C5,modality,uncovered,absent,0,0
e63c4688a581c787463b,QAT,C5,action,uncovered,absent,0,0
e63c4688a581c787463b,QAT,C5,scope,uncovered,absent,0,0
e63c4688a581c787463b,QAT,C5,condition,uncovered,absent,0,0
e63c4688a581c787463b,QAT,C5,exception,uncovered,absent,0,0
e63c4688a581c787463b,QAT,C5,temporal,uncovered,absent,0,0
e63c4688a581c787463b,QAT,C5,consequence,uncovered,absent,0,0
e6663090ee38d08df11a,OMN,C4,addressee,broader,direct_textual,0,1
e6663090ee38d08df11a,OMN,C4,modality,covered,direct_textual,0,1
e6663090ee38d08df11a,OMN,C4,action,covered,direct_textual,0,1
e6663090ee38d08df11a,OMN,C4,scope,covered,direct_textual,0,1
e6663090ee38d08df11a,OMN,C4,condition,uncovered,absent,0,0
e6663090ee38d08df11a,OMN,C4,exception,covered,absent,0,0
e6663090ee38d08df11a,OMN,C4,temporal,covered,absent,0,0
e6663090ee38d08df11a,OMN,C4,consequence,covered,absent,0,0
e6b9ff56ea82b2be238f,KSA,C2,addressee,covered,direct_textual,0,1
e6b9ff56ea82b2be238f,KSA,C2,modality,covered,direct_textual,0,1
e6b9ff56ea82b2be238f,KSA,C2,action,uncovered,absent,0,0
e6b9ff56ea82b2be238f,KSA,C2,scope,uncovered,absent,0,0
e6b9ff56ea82b2be238f,KSA,C2,condition,uncovered,absent,0,0
e6b9ff56ea82b2be238f,KSA,C2,exception,uncovered,absent,0,0
e6b9ff56ea82b2be238f,KSA,C2,temporal,uncovered,absent,0,0
e6b9ff56ea82b2be238f,KSA,C2,consequence,uncovered,absent,0,0
e6fffdcbca876739dc6c,KWT,C5,addressee,uncovered,absent,0,0
e6fffdcbca876739dc6c,KWT,C5,modality,uncovered,absent,0,0
e6fffdcbca876739dc6c,KWT,C5,action,uncovered,absent,0,0
e6fffdcbca876739dc6c,KWT,C5,scope,uncovered,absent,0,0
e6fffdcbca876739dc6c,KWT,C5,condition,uncovered,absent,0,0
e6fffdcbca876739dc6c,KWT,C5,exception,uncovered,absent,0,0
e6fffdcbca876739dc6c,KWT,C5,temporal,uncovered,absent,0,0
e6fffdcbca876739dc6c,KWT,C5,consequence,uncovered,absent,0,0
e71824338303798d60a6,KWT,C2,addressee,uncovered,direct_textual,0,1
e71824338303798d60a6,KWT,C2,modality,uncovered,absent,0,0
e71824338303798d60a6,KWT,C2,action,uncovered,absent,0,0
e71824338303798d60a6,KWT,C2,scope,covered,absent,0,0
e71824338303798d60a6,KWT,C2,condition,uncovered,absent,0,0
e71824338303798d60a6,KWT,C2,exception,covered,absent,0,0
e71824338303798d60a6,KWT,C2,temporal,covered,absent,0,0
e71824338303798d60a6,KWT,C2,consequence,covered,absent,0,0
e719aaf0084fd608640e,OMN,C2,addressee,covered,direct_textual,0,1
e719aaf0084fd608640e,OMN,C2,modality,covered,direct_textual,0,1
e719aaf0084fd608640e,OMN,C2,action,weaker_modality,direct_textual,0,1
e719aaf0084fd608640e,OMN,C2,scope,covered,direct_textual,0,1
e719aaf0084fd608640e,OMN,C2,condition,broader,absent,0,1
e719aaf0084fd608640e,OMN,C2,exception,covered,absent,0,0
e719aaf0084fd608640e,OMN,C2,temporal,uncovered,absent,0,0
e719aaf0084fd608640e,OMN,C2,consequence,covered,absent,0,0
e794010982cc7020ea91,QAT,C2,addressee,covered,direct_textual,0,1
e794010982cc7020ea91,QAT,C2,modality,covered,direct_textual,0,1
e794010982cc7020ea91,QAT,C2,action,uncovered,direct_textual,0,1
e794010982cc7020ea91,QAT,C2,scope,covered,absent,0,0
e794010982cc7020ea91,QAT,C2,condition,broader,direct_textual,0,1
e794010982cc7020ea91,QAT,C2,exception,narrower,absent,0,0
e794010982cc7020ea91,QAT,C2,temporal,covered,direct_textual,0,1
e794010982cc7020ea91,QAT,C2,consequence,covered,absent,0,0
e7cb7b3617408afa61de,OMN,C2,addressee,covered,direct_textual,1,1
e7cb7b3617408afa61de,OMN,C2,modality,covered,direct_textual,1,1
e7cb7b3617408afa61de,OMN,C2,action,covered,conceptual,1,1
e7cb7b3617408afa61de,OMN,C2,scope,covered,conceptual,1,1
e7cb7b3617408afa61de,OMN,C2,condition,uncovered,direct_textual,1,1
e7cb7b3617408afa61de,OMN,C2,exception,narrower,direct_textual,1,1
e7cb7b3617408afa61de,OMN,C2,temporal,covered,absent,0,0
e7cb7b3617408afa61de,OMN,C2,consequence,covered,absent,0,0
e7ecbbeb26bb845ab7c4,UAE,C3,addressee,covered,direct_textual,1,1
e7ecbbeb26bb845ab7c4,UAE,C3,modality,weaker_modality,direct_textual,1,1
e7ecbbeb26bb845ab7c4,UAE,C3,action,partial,conceptual,1,1
e7ecbbeb26bb845ab7c4,UAE,C3,scope,covered,direct_textual,1,1
e7ecbbeb26bb845ab7c4,UAE,C3,condition,narrower,direct_textual,1,1
e7ecbbeb26bb845ab7c4,UAE,C3,exception,covered,absent,1,0
e7ecbbeb26bb845ab7c4,UAE,C3,temporal,covered,absent,1,0
e7ecbbeb26bb845ab7c4,UAE,C3,consequence,broader,direct_textual,1,1
e85b10677d85a0b6f63a,QAT,C5,addressee,uncovered,absent,0,0
e85b10677d85a0b6f63a,QAT,C5,modality,uncovered,absent,0,0
e85b10677d85a0b6f63a,QAT,C5,action,uncovered,absent,0,0
e85b10677d85a0b6f63a,QAT,C5,scope,uncovered,absent,0,0
e85b10677d85a0b6f63a,QAT,C5,condition,uncovered,absent,0,0
e85b10677d85a0b6f63a,QAT,C5,exception,uncovered,absent,0,0
e85b10677d85a0b6f63a,QAT,C5,temporal,uncovered,absent,0,0
e85b10677d85a0b6f63a,QAT,C5,consequence,uncovered,absent,0,0
e8e2286d0c956423f4c1,QAT,C2,addressee,covered,direct_textual,1,1
e8e2286d0c956423f4c1,QAT,C2,modality,uncovered,absent,1,0
e8e2286d0c956423f4c1,QAT,C2,action,uncovered,absent,1,0
e8e2286d0c956423f4c1,QAT,C2,scope,partial,distributed,1,1
e8e2286d0c956423f4c1,QAT,C2,condition,uncovered,absent,1,0
e8e2286d0c956423f4c1,QAT,C2,exception,covered,absent,1,0
e8e2286d0c956423f4c1,QAT,C2,temporal,uncovered,absent,1,0
e8e2286d0c956423f4c1,QAT,C2,consequence,covered,absent,1,0
e8f6a06d779a685eba0c,KWT,C5,addressee,uncovered,direct_textual,0,1
e8f6a06d779a685eba0c,KWT,C5,modality,uncovered,direct_textual,0,1
e8f6a06d779a685eba0c,KWT,C5,action,uncovered,direct_textual,0,1
e8f6a06d779a685eba0c,KWT,C5,scope,uncovered,absent,0,0
e8f6a06d779a685eba0c,KWT,C5,condition,uncovered,absent,0,0
e8f6a06d779a685eba0c,KWT,C5,exception,uncovered,absent,0,0
e8f6a06d779a685eba0c,KWT,C5,temporal,uncovered,absent,0,0
e8f6a06d779a685eba0c,KWT,C5,consequence,uncovered,absent,0,0
e90d65c789408a8dd9a5,KSA,C2,addressee,covered,direct_textual,0,1
e90d65c789408a8dd9a5,KSA,C2,modality,covered,direct_textual,0,1
e90d65c789408a8dd9a5,KSA,C2,action,partial,distributed,0,1
e90d65c789408a8dd9a5,KSA,C2,scope,covered,direct_textual,0,1
e90d65c789408a8dd9a5,KSA,C2,condition,uncovered,absent,0,0
e90d65c789408a8dd9a5,KSA,C2,exception,covered,absent,0,0
e90d65c789408a8dd9a5,KSA,C2,temporal,narrower,direct_textual,0,1
e90d65c789408a8dd9a5,KSA,C2,consequence,covered,absent,0,0
e94381b6214e3bdbd236,BHR,C1,addressee,covered,direct_textual,0,1
e94381b6214e3bdbd236,BHR,C1,modality,covered,direct_textual,0,1
e94381b6214e3bdbd236,BHR,C1,action,covered,distributed,0,1
e94381b6214e3bdbd236,BHR,C1,scope,covered,direct_textual,0,1
e94381b6214e3bdbd236,BHR,C1,condition,narrower,direct_textual,0,1
e94381b6214e3bdbd236,BHR,C1,exception,covered,absent,0,0
e94381b6214e3bdbd236,BHR,C1,temporal,covered,absent,0,0
e94381b6214e3bdbd236,BHR,C1,consequence,covered,absent,0,0
e955a42fcc05ffb69fe3,OMN,C4,addressee,covered,direct_textual,1,1
e955a42fcc05ffb69fe3,OMN,C4,modality,covered,direct_textual,1,1
e955a42fcc05ffb69fe3,OMN,C4,action,partial,direct_textual,1,1
e955a42fcc05ffb69fe3,OMN,C4,scope,broader,direct_textual,1,1
e955a42fcc05ffb69fe3,OMN,C4,condition,broader,absent,1,0
e955a42fcc05ffb69fe3,OMN,C4,exception,covered,absent,1,0
e955a42fcc05ffb69fe3,OMN,C4,temporal,covered,absent,1,0
e955a42fcc05ffb69fe3,OMN,C4,consequence,covered,absent,1,0
e981ff992b657353af14,KWT,C5,addressee,uncovered,absent,0,0
e981ff992b657353af14,KWT,C5,modality,uncovered,absent,0,0
e981ff992b657353af14,KWT,C5,action,uncovered,absent,0,0
e981ff992b657353af14,KWT,C5,scope,uncovered,absent,0,0
e981ff992b657353af14,KWT,C5,condition,uncovered,absent,0,0
e981ff992b657353af14,KWT,C5,exception,uncovered,absent,0,0
e981ff992b657353af14,KWT,C5,temporal,uncovered,absent,0,0
e981ff992b657353af14,KWT,C5,consequence,uncovered,absent,0,0
e9872452a182fb50dd72,QAT,C4,proposition,uncovered,absent,0,0
e9872452a182fb50dd72,QAT,C4,addressee,covered,direct_textual,0,1
e9872452a182fb50dd72,QAT,C4,modality,covered,direct_textual,0,1
e9872452a182fb50dd72,QAT,C4,action,partial,distributed,0,1
e9872452a182fb50dd72,QAT,C4,scope,narrower,direct_textual,0,1
e9872452a182fb50dd72,QAT,C4,condition,covered,absent,0,0
e9872452a182fb50dd72,QAT,C4,exception,covered,absent,0,0
e9872452a182fb50dd72,QAT,C4,temporal,narrower,direct_textual,0,1
e9872452a182fb50dd72,QAT,C4,consequence,covered,absent,0,0
ea32fd5e716989ad9de9,KWT,C2,addressee,uncovered,direct_textual,0,1
ea32fd5e716989ad9de9,KWT,C2,modality,uncovered,absent,0,0
ea32fd5e716989ad9de9,KWT,C2,action,uncovered,absent,0,0
ea32fd5e716989ad9de9,KWT,C2,scope,uncovered,direct_textual,0,1
ea32fd5e716989ad9de9,KWT,C2,condition,uncovered,direct_textual,0,1
ea32fd5e716989ad9de9,KWT,C2,exception,covered,absent,0,0
ea32fd5e716989ad9de9,KWT,C2,temporal,covered,absent,0,0
ea32fd5e716989ad9de9,KWT,C2,consequence,covered,absent,0,0
ea5226fbe71e4c6ba2ec,UAE,C3,addressee,covered,direct_textual,0,1
ea5226fbe71e4c6ba2ec,UAE,C3,modality,weaker_modality,distributed,0,1
ea5226fbe71e4c6ba2ec,UAE,C3,action,covered,direct_textual,0,1
ea5226fbe71e4c6ba2ec,UAE,C3,scope,covered,direct_textual,0,1
ea5226fbe71e4c6ba2ec,UAE,C3,condition,narrower,direct_textual,0,1
ea5226fbe71e4c6ba2ec,UAE,C3,exception,broader,direct_textual,0,1
ea5226fbe71e4c6ba2ec,UAE,C3,temporal,partial,distributed,0,1
ea5226fbe71e4c6ba2ec,UAE,C3,consequence,covered,absent,0,0
ea692500058bb6182053,QAT,C2,addressee,covered,direct_textual,0,1
ea692500058bb6182053,QAT,C2,modality,uncovered,absent,0,0
ea692500058bb6182053,QAT,C2,action,uncovered,absent,0,0
ea692500058bb6182053,QAT,C2,scope,uncovered,absent,0,0
ea692500058bb6182053,QAT,C2,condition,uncovered,absent,0,0
ea692500058bb6182053,QAT,C2,exception,uncovered,absent,0,0
ea692500058bb6182053,QAT,C2,temporal,uncovered,absent,0,0
ea692500058bb6182053,QAT,C2,consequence,uncovered,absent,0,0
ea6ee1d72e48f08c6547,OMN,C2,addressee,covered,direct_textual,0,1
ea6ee1d72e48f08c6547,OMN,C2,modality,covered,direct_textual,0,1
ea6ee1d72e48f08c6547,OMN,C2,action,partial,distributed,0,1
ea6ee1d72e48f08c6547,OMN,C2,scope,uncovered,absent,0,0
ea6ee1d72e48f08c6547,OMN,C2,condition,covered,absent,0,0
ea6ee1d72e48f08c6547,OMN,C2,exception,covered,absent,0,0
ea6ee1d72e48f08c6547,OMN,C2,temporal,covered,absent,0,0
ea6ee1d72e48f08c6547,OMN,C2,consequence,covered,absent,0,0
ea7e13e650d6ddc1d191,OMN,C2,addressee,covered,direct_textual,0,1
ea7e13e650d6ddc1d191,OMN,C2,modality,covered,direct_textual,0,1
ea7e13e650d6ddc1d191,OMN,C2,action,narrower,distributed,0,1
ea7e13e650d6ddc1d191,OMN,C2,scope,uncovered,absent,0,0
ea7e13e650d6ddc1d191,OMN,C2,condition,uncovered,direct_textual,0,1
ea7e13e650d6ddc1d191,OMN,C2,exception,partial,direct_textual,0,1
ea7e13e650d6ddc1d191,OMN,C2,temporal,covered,absent,0,0
ea7e13e650d6ddc1d191,OMN,C2,consequence,covered,absent,0,0
eaa58cf8ab0b5ec18abe,UAE,C2,addressee,covered,direct_textual,0,1
eaa58cf8ab0b5ec18abe,UAE,C2,modality,covered,conceptual,0,1
eaa58cf8ab0b5ec18abe,UAE,C2,action,covered,direct_textual,0,1
eaa58cf8ab0b5ec18abe,UAE,C2,scope,covered,distributed,0,1
eaa58cf8ab0b5ec18abe,UAE,C2,condition,covered,absent,0,0
eaa58cf8ab0b5ec18abe,UAE,C2,exception,partial,distributed,0,1
eaa58cf8ab0b5ec18abe,UAE,C2,temporal,covered,absent,0,0
eaa58cf8ab0b5ec18abe,UAE,C2,consequence,covered,absent,0,0
eab1b4ed706607de437d,OMN,C2,addressee,covered,direct_textual,0,1
eab1b4ed706607de437d,OMN,C2,modality,covered,direct_textual,0,1
eab1b4ed706607de437d,OMN,C2,condition,uncovered,absent,0,1
eab1b4ed706607de437d,OMN,C2,action,partial,conceptual,0,1
eab1b4ed706607de437d,OMN,C2,scope,uncovered,absent,0,1
eab1b4ed706607de437d,OMN,C2,exception,covered,absent,0,0
eab1b4ed706607de437d,OMN,C2,temporal,covered,absent,0,0
eab1b4ed706607de437d,OMN,C2,consequence,covered,absent,0,0
ebcf63751e7a79936f13,BHR,C4,addressee,narrower,direct_textual,0,1
ebcf63751e7a79936f13,BHR,C4,modality,covered,direct_textual,0,1
ebcf63751e7a79936f13,BHR,C4,action,partial,direct_textual,0,1
ebcf63751e7a79936f13,BHR,C4,scope,broader,direct_textual,0,1
ebcf63751e7a79936f13,BHR,C4,condition,narrower,direct_textual,0,1
ebcf63751e7a79936f13,BHR,C4,exception,broader,direct_textual,0,1
ebcf63751e7a79936f13,BHR,C4,temporal,covered,absent,0,0
ebcf63751e7a79936f13,BHR,C4,consequence,covered,absent,0,0
ec1b2b915b7f0bba0409,BHR,C1,addressee,covered,direct_textual,0,1
ec1b2b915b7f0bba0409,BHR,C1,modality,covered,direct_textual,0,1
ec1b2b915b7f0bba0409,BHR,C1,action,covered,direct_textual,0,1
ec1b2b915b7f0bba0409,BHR,C1,scope,covered,direct_textual,0,1
ec1b2b915b7f0bba0409,BHR,C1,condition,narrower,direct_textual,0,1
ec1b2b915b7f0bba0409,BHR,C1,exception,narrower,direct_textual,0,1
ec1b2b915b7f0bba0409,BHR,C1,temporal,broader,direct_textual,0,1
ec1b2b915b7f0bba0409,BHR,C1,consequence,covered,absent,0,0
ec2a49c29ea6d8b851aa,UAE,C4,addressee,covered,direct_textual,1,1
ec2a49c29ea6d8b851aa,UAE,C4,modality,covered,direct_textual,1,1
ec2a49c29ea6d8b851aa,UAE,C4,action,narrower,direct_textual,1,1
ec2a49c29ea6d8b851aa,UAE,C4,scope,narrower,direct_textual,1,1
ec2a49c29ea6d8b851aa,UAE,C4,condition,narrower,direct_textual,1,1
ec2a49c29ea6d8b851aa,UAE,C4,exception,covered,absent,0,0
ec2a49c29ea6d8b851aa,UAE,C4,temporal,covered,absent,0,0
ec2a49c29ea6d8b851aa,UAE,C4,consequence,covered,absent,0,0
ec39bb29c755f5b856c1,UAE,C4,addressee,covered,direct_textual,0,1
ec39bb29c755f5b856c1,UAE,C4,modality,covered,direct_textual,0,1
ec39bb29c755f5b856c1,UAE,C4,action,covered,direct_textual,0,1
ec39bb29c755f5b856c1,UAE,C4,scope,narrower,direct_textual,0,1
ec39bb29c755f5b856c1,UAE,C4,condition,broader,direct_textual,0,1
ec39bb29c755f5b856c1,UAE,C4,exception,covered,absent,0,1
ec39bb29c755f5b856c1,UAE,C4,temporal,broader,direct_textual,0,1
ec39bb29c755f5b856c1,UAE,C4,consequence,covered,absent,0,1
ec786283e81f776c13ed,OMN,C2,addressee,covered,direct_textual,0,1
ec786283e81f776c13ed,OMN,C2,modality,covered,direct_textual,0,1
ec786283e81f776c13ed,OMN,C2,action,uncovered,absent,0,1
ec786283e81f776c13ed,OMN,C2,scope,covered,direct_textual,0,1
ec786283e81f776c13ed,OMN,C2,condition,uncovered,absent,0,1
ec786283e81f776c13ed,OMN,C2,exception,covered,absent,0,0
ec786283e81f776c13ed,OMN,C2,temporal,uncovered,absent,0,0
ec786283e81f776c13ed,OMN,C2,consequence,covered,absent,0,0
ed50c4a6a96d10675daf,KWT,C5,addressee,uncovered,absent,0,0
ed50c4a6a96d10675daf,KWT,C5,modality,uncovered,absent,0,0
ed50c4a6a96d10675daf,KWT,C5,action,uncovered,absent,0,0
ed50c4a6a96d10675daf,KWT,C5,scope,uncovered,absent,0,0
ed50c4a6a96d10675daf,KWT,C5,condition,uncovered,absent,0,0
ed50c4a6a96d10675daf,KWT,C5,exception,uncovered,absent,0,0
ed50c4a6a96d10675daf,KWT,C5,temporal,uncovered,absent,0,0
ed50c4a6a96d10675daf,KWT,C5,consequence,uncovered,absent,0,0
ed92ae980efbf2b68d6e,UAE,C5,addressee,uncovered,absent,0,0
ed92ae980efbf2b68d6e,UAE,C5,modality,uncovered,absent,0,0
ed92ae980efbf2b68d6e,UAE,C5,action,uncovered,absent,0,0
ed92ae980efbf2b68d6e,UAE,C5,scope,uncovered,absent,0,0
ed92ae980efbf2b68d6e,UAE,C5,condition,covered,absent,0,0
ed92ae980efbf2b68d6e,UAE,C5,exception,covered,absent,0,0
ed92ae980efbf2b68d6e,UAE,C5,temporal,covered,absent,0,0
ed92ae980efbf2b68d6e,UAE,C5,consequence,covered,absent,0,0
edeb4c14761f768fd7c0,KSA,C4,addressee,uncovered,absent,0,0
edeb4c14761f768fd7c0,KSA,C4,modality,partial,conceptual,0,1
edeb4c14761f768fd7c0,KSA,C4,action,partial,conceptual,0,1
edeb4c14761f768fd7c0,KSA,C4,scope,broader,conceptual,0,1
edeb4c14761f768fd7c0,KSA,C4,condition,covered,absent,0,0
edeb4c14761f768fd7c0,KSA,C4,exception,covered,absent,0,0
edeb4c14761f768fd7c0,KSA,C4,temporal,covered,absent,0,0
edeb4c14761f768fd7c0,KSA,C4,consequence,covered,absent,0,0
edef3c0750bfefaf1829,KSA,C2,addressee,covered,direct_textual,0,1
edef3c0750bfefaf1829,KSA,C2,modality,uncovered,absent,0,1
edef3c0750bfefaf1829,KSA,C2,action,uncovered,absent,0,1
edef3c0750bfefaf1829,KSA,C2,scope,uncovered,absent,0,0
edef3c0750bfefaf1829,KSA,C2,condition,covered,conceptual,0,0
edef3c0750bfefaf1829,KSA,C2,exception,covered,conceptual,0,0
edef3c0750bfefaf1829,KSA,C2,temporal,covered,conceptual,0,0
edef3c0750bfefaf1829,KSA,C2,consequence,covered,conceptual,0,0
edf9ee23c429343f7afc,KWT,C3,addressee,uncovered,direct_textual,1,1
edf9ee23c429343f7afc,KWT,C3,modality,weaker_modality,direct_textual,1,1
edf9ee23c429343f7afc,KWT,C3,action,narrower,direct_textual,1,1
edf9ee23c429343f7afc,KWT,C3,scope,narrower,direct_textual,1,1
edf9ee23c429343f7afc,KWT,C3,condition,uncovered,absent,1,0
edf9ee23c429343f7afc,KWT,C3,exception,uncovered,absent,1,0
edf9ee23c429343f7afc,KWT,C3,temporal,covered,absent,1,0
edf9ee23c429343f7afc,KWT,C3,consequence,covered,absent,1,0
edfa73ac83c0d7448144,KWT,C2,addressee,uncovered,direct_textual,0,1
edfa73ac83c0d7448144,KWT,C2,modality,covered,direct_textual,0,1
edfa73ac83c0d7448144,KWT,C2,action,partial,conceptual,0,1
edfa73ac83c0d7448144,KWT,C2,scope,covered,absent,0,0
edfa73ac83c0d7448144,KWT,C2,condition,uncovered,absent,0,0
edfa73ac83c0d7448144,KWT,C2,exception,uncovered,absent,0,0
edfa73ac83c0d7448144,KWT,C2,temporal,covered,absent,0,0
edfa73ac83c0d7448144,KWT,C2,consequence,covered,absent,0,0
ee26e6af70f3ea41244c,QAT,C2,addressee,covered,direct_textual,1,1
ee26e6af70f3ea41244c,QAT,C2,modality,covered,direct_textual,1,1
ee26e6af70f3ea41244c,QAT,C2,action,partial,distributed,1,1
ee26e6af70f3ea41244c,QAT,C2,scope,uncovered,absent,1,0
ee26e6af70f3ea41244c,QAT,C2,condition,covered,absent,0,0
ee26e6af70f3ea41244c,QAT,C2,exception,covered,absent,1,0
ee26e6af70f3ea41244c,QAT,C2,temporal,covered,absent,1,0
ee26e6af70f3ea41244c,QAT,C2,consequence,covered,absent,1,0
ee923f4d089461b5898b,KWT,C5,addressee,uncovered,absent,0,0
ee923f4d089461b5898b,KWT,C5,modality,uncovered,absent,0,0
ee923f4d089461b5898b,KWT,C5,action,uncovered,absent,0,0
ee923f4d089461b5898b,KWT,C5,scope,uncovered,absent,0,0
ee923f4d089461b5898b,KWT,C5,condition,uncovered,absent,0,0
ee923f4d089461b5898b,KWT,C5,exception,uncovered,absent,0,0
ee923f4d089461b5898b,KWT,C5,temporal,uncovered,absent,0,0
ee923f4d089461b5898b,KWT,C5,consequence,uncovered,absent,0,0
eea514e168106afb774f,OMN,C2,addressee,covered,direct_textual,0,1
eea514e168106afb774f,OMN,C2,modality,covered,direct_textual,0,1
eea514e168106afb774f,OMN,C2,action,covered,direct_textual,0,1
eea514e168106afb774f,OMN,C2,scope,covered,distributed,0,1
eea514e168106afb774f,OMN,C2,condition,covered,direct_textual,0,1
eea514e168106afb774f,OMN,C2,exception,uncovered,absent,0,1
eea514e168106afb774f,OMN,C2,temporal,weaker_modality,direct_textual,0,1
eea514e168106afb774f,OMN,C2,consequence,covered,absent,0,0
eee8af3596a932581264,UAE,C4,addressee,covered,direct_textual,1,1
eee8af3596a932581264,UAE,C4,modality,covered,direct_textual,1,1
eee8af3596a932581264,UAE,C4,action,partial,distributed,1,1
eee8af3596a932581264,UAE,C4,scope,narrower,direct_textual,1,1
eee8af3596a932581264,UAE,C4,condition,uncovered,absent,0,1
eee8af3596a932581264,UAE,C4,exception,covered,absent,0,1
eee8af3596a932581264,UAE,C4,temporal,covered,absent,0,1
eee8af3596a932581264,UAE,C4,consequence,covered,absent,0,1
ef125b2affdd7eba6356,KWT,C2,addressee,uncovered,direct_textual,0,1
ef125b2affdd7eba6356,KWT,C2,modality,broader,direct_textual,0,1
ef125b2affdd7eba6356,KWT,C2,action,partial,direct_textual,0,1
ef125b2affdd7eba6356,KWT,C2,scope,uncovered,absent,0,0
ef125b2affdd7eba6356,KWT,C2,condition,covered,absent,0,0
ef125b2affdd7eba6356,KWT,C2,exception,covered,absent,0,0
ef125b2affdd7eba6356,KWT,C2,temporal,narrower,direct_textual,0,1
ef125b2affdd7eba6356,KWT,C2,consequence,covered,absent,0,0
ef356f1700bb03211f67,KSA,C3,addressee,covered,direct_textual,0,1
ef356f1700bb03211f67,KSA,C3,modality,weaker_modality,direct_textual,0,1
ef356f1700bb03211f67,KSA,C3,action,uncovered,absent,0,0
ef356f1700bb03211f67,KSA,C3,scope,uncovered,absent,0,0
ef356f1700bb03211f67,KSA,C3,condition,partial,conceptual,0,1
ef356f1700bb03211f67,KSA,C3,exception,covered,absent,0,0
ef356f1700bb03211f67,KSA,C3,temporal,covered,absent,0,0
ef356f1700bb03211f67,KSA,C3,consequence,covered,absent,0,0
effc9b66399f3eec4b47,OMN,C5,addressee,uncovered,absent,0,0
effc9b66399f3eec4b47,OMN,C5,modality,uncovered,absent,0,0
effc9b66399f3eec4b47,OMN,C5,action,uncovered,absent,0,0
effc9b66399f3eec4b47,OMN,C5,scope,uncovered,absent,0,0
effc9b66399f3eec4b47,OMN,C5,condition,uncovered,absent,0,0
effc9b66399f3eec4b47,OMN,C5,exception,uncovered,absent,0,0
effc9b66399f3eec4b47,OMN,C5,temporal,uncovered,absent,0,0
effc9b66399f3eec4b47,OMN,C5,consequence,uncovered,absent,0,0
f025e92911b8c165437a,OMN,C4,addressee,covered,direct_textual,1,1
f025e92911b8c165437a,OMN,C4,modality,covered,distributed,1,1
f025e92911b8c165437a,OMN,C4,action,covered,distributed,1,1
f025e92911b8c165437a,OMN,C4,scope,broader,direct_textual,1,1
f025e92911b8c165437a,OMN,C4,condition,narrower,direct_textual,1,1
f025e92911b8c165437a,OMN,C4,exception,covered,absent,1,0
f025e92911b8c165437a,OMN,C4,temporal,broader,direct_textual,1,1
f025e92911b8c165437a,OMN,C4,consequence,covered,absent,1,0
f0903eec1d91923f2374,KWT,C2,addressee,partial,conceptual,0,1
f0903eec1d91923f2374,KWT,C2,modality,covered,direct_textual,0,1
f0903eec1d91923f2374,KWT,C2,action,uncovered,absent,0,0
f0903eec1d91923f2374,KWT,C2,scope,uncovered,absent,0,0
f0903eec1d91923f2374,KWT,C2,condition,covered,absent,0,0
f0903eec1d91923f2374,KWT,C2,exception,covered,absent,0,0
f0903eec1d91923f2374,KWT,C2,temporal,uncovered,absent,0,0
f0903eec1d91923f2374,KWT,C2,consequence,covered,absent,0,0
f10d2065c8ba0529d02a,QAT,C5,addressee,uncovered,absent,0,0
f10d2065c8ba0529d02a,QAT,C5,modality,uncovered,absent,0,0
f10d2065c8ba0529d02a,QAT,C5,action,uncovered,absent,0,0
f10d2065c8ba0529d02a,QAT,C5,scope,uncovered,absent,0,0
f10d2065c8ba0529d02a,QAT,C5,condition,uncovered,absent,0,0
f10d2065c8ba0529d02a,QAT,C5,exception,uncovered,absent,0,0
f10d2065c8ba0529d02a,QAT,C5,temporal,uncovered,absent,0,0
f10d2065c8ba0529d02a,QAT,C5,consequence,uncovered,absent,0,0
f1181a662fb9329e716f,KWT,C2,addressee,covered,conceptual,0,1
f1181a662fb9329e716f,KWT,C2,modality,covered,direct_textual,0,1
f1181a662fb9329e716f,KWT,C2,action,uncovered,absent,0,0
f1181a662fb9329e716f,KWT,C2,scope,covered,absent,0,0
f1181a662fb9329e716f,KWT,C2,condition,uncovered,absent,0,0
f1181a662fb9329e716f,KWT,C2,exception,uncovered,absent,0,0
f1181a662fb9329e716f,KWT,C2,temporal,uncovered,absent,0,0
f1181a662fb9329e716f,KWT,C2,consequence,covered,absent,0,0
f17c18335cf56bdbd729,QAT,C3,addressee,covered,direct_textual,0,1
f17c18335cf56bdbd729,QAT,C3,modality,weaker_modality,distributed,0,1
f17c18335cf56bdbd729,QAT,C3,action,covered,direct_textual,0,1
f17c18335cf56bdbd729,QAT,C3,scope,covered,direct_textual,0,1
f17c18335cf56bdbd729,QAT,C3,condition,narrower,distributed,0,1
f17c18335cf56bdbd729,QAT,C3,exception,covered,absent,0,0
f17c18335cf56bdbd729,QAT,C3,temporal,uncovered,absent,0,0
f17c18335cf56bdbd729,QAT,C3,consequence,covered,absent,0,0
f1e007dc22fcaa890485,UAE,C4,addressee,broader,conceptual,0,1
f1e007dc22fcaa890485,UAE,C4,modality,covered,distributed,0,1
f1e007dc22fcaa890485,UAE,C4,action,partial,distributed,0,1
f1e007dc22fcaa890485,UAE,C4,scope,covered,absent,0,0
f1e007dc22fcaa890485,UAE,C4,condition,broader,absent,0,1
f1e007dc22fcaa890485,UAE,C4,exception,narrower,direct_textual,0,1
f1e007dc22fcaa890485,UAE,C4,temporal,covered,absent,0,0
f1e007dc22fcaa890485,UAE,C4,consequence,broader,direct_textual,0,1
f27e010b67f0536c777c,KWT,C4,addressee,covered,direct_textual,0,1
f27e010b67f0536c777c,KWT,C4,modality,covered,direct_textual,0,1
f27e010b67f0536c777c,KWT,C4,action,partial,distributed,0,1
f27e010b67f0536c777c,KWT,C4,scope,broader,direct_textual,0,1
f27e010b67f0536c777c,KWT,C4,condition,broader,absent,0,0
f27e010b67f0536c777c,KWT,C4,exception,covered,absent,0,0
f27e010b67f0536c777c,KWT,C4,temporal,covered,absent,0,0
f27e010b67f0536c777c,KWT,C4,consequence,covered,absent,0,0
f295beae3a0788b2b630,KSA,C2,addressee,covered,direct_textual,0,1
f295beae3a0788b2b630,KSA,C2,modality,uncovered,absent,0,0
f295beae3a0788b2b630,KSA,C2,action,uncovered,absent,0,0
f295beae3a0788b2b630,KSA,C2,scope,uncovered,absent,0,0
f295beae3a0788b2b630,KSA,C2,condition,covered,direct_textual,0,1
f295beae3a0788b2b630,KSA,C2,exception,covered,absent,0,0
f295beae3a0788b2b630,KSA,C2,temporal,covered,absent,0,0
f295beae3a0788b2b630,KSA,C2,consequence,covered,absent,0,0
f2b410f340dd22334f97,QAT,C2,addressee,covered,direct_textual,0,1
f2b410f340dd22334f97,QAT,C2,modality,uncovered,absent,0,0
f2b410f340dd22334f97,QAT,C2,action,uncovered,absent,0,0
f2b410f340dd22334f97,QAT,C2,scope,uncovered,absent,0,0
f2b410f340dd22334f97,QAT,C2,condition,covered,absent,0,0
f2b410f340dd22334f97,QAT,C2,exception,covered,absent,0,0
f2b410f340dd22334f97,QAT,C2,temporal,covered,absent,0,0
f2b410f340dd22334f97,QAT,C2,consequence,covered,absent,0,0
f2d3d6f67dfc07f306a0,KWT,C5,addressee,uncovered,absent,0,0
f2d3d6f67dfc07f306a0,KWT,C5,modality,uncovered,absent,0,0
f2d3d6f67dfc07f306a0,KWT,C5,action,uncovered,absent,0,0
f2d3d6f67dfc07f306a0,KWT,C5,scope,uncovered,absent,0,0
f2d3d6f67dfc07f306a0,KWT,C5,condition,covered,absent,0,0
f2d3d6f67dfc07f306a0,KWT,C5,exception,covered,absent,0,0
f2d3d6f67dfc07f306a0,KWT,C5,temporal,covered,absent,0,0
f2d3d6f67dfc07f306a0,KWT,C5,consequence,covered,absent,0,0
f2ebc090be7af37ffc70,KSA,C2,addressee,covered,direct_textual,0,1
f2ebc090be7af37ffc70,KSA,C2,modality,covered,direct_textual,0,1
f2ebc090be7af37ffc70,KSA,C2,action,uncovered,absent,0,0
f2ebc090be7af37ffc70,KSA,C2,scope,uncovered,absent,0,0
f2ebc090be7af37ffc70,KSA,C2,condition,uncovered,absent,0,0
f2ebc090be7af37ffc70,KSA,C2,exception,covered,absent,0,0
f2ebc090be7af37ffc70,KSA,C2,temporal,covered,absent,0,0
f2ebc090be7af37ffc70,KSA,C2,consequence,covered,absent,0,0
f34f5f8a94d3dd98dbe7,BHR,C5,addressee,uncovered,absent,0,0
f34f5f8a94d3dd98dbe7,BHR,C5,modality,uncovered,absent,0,0
f34f5f8a94d3dd98dbe7,BHR,C5,action,uncovered,absent,0,0
f34f5f8a94d3dd98dbe7,BHR,C5,scope,uncovered,absent,0,0
f34f5f8a94d3dd98dbe7,BHR,C5,condition,uncovered,absent,0,0
f34f5f8a94d3dd98dbe7,BHR,C5,exception,uncovered,absent,0,0
f34f5f8a94d3dd98dbe7,BHR,C5,temporal,uncovered,absent,0,0
f34f5f8a94d3dd98dbe7,BHR,C5,consequence,uncovered,absent,0,0
f3968f5a35b1c9548423,KWT,C5,addressee,uncovered,absent,0,0
f3968f5a35b1c9548423,KWT,C5,modality,uncovered,absent,0,0
f3968f5a35b1c9548423,KWT,C5,action,uncovered,absent,0,0
f3968f5a35b1c9548423,KWT,C5,scope,uncovered,absent,0,0
f3968f5a35b1c9548423,KWT,C5,condition,uncovered,absent,0,0
f3968f5a35b1c9548423,KWT,C5,exception,uncovered,absent,0,0
f3968f5a35b1c9548423,KWT,C5,temporal,uncovered,absent,0,0
f3968f5a35b1c9548423,KWT,C5,consequence,uncovered,absent,0,0
f3dcd31782a2e1571487,QAT,C2,addressee,covered,direct_textual,0,1
f3dcd31782a2e1571487,QAT,C2,modality,uncovered,direct_textual,0,1
f3dcd31782a2e1571487,QAT,C2,action,partial,distributed,0,1
f3dcd31782a2e1571487,QAT,C2,scope,partial,direct_textual,0,1
f3dcd31782a2e1571487,QAT,C2,condition,covered,direct_textual,0,1
f3dcd31782a2e1571487,QAT,C2,exception,uncovered,direct_textual,0,1
f3dcd31782a2e1571487,QAT,C2,temporal,covered,direct_textual,0,1
f3dcd31782a2e1571487,QAT,C2,consequence,covered,absent,0,0
f43697251c9597055188,BHR,C5,addressee,uncovered,absent,0,0
f43697251c9597055188,BHR,C5,modality,uncovered,absent,0,0
f43697251c9597055188,BHR,C5,action,uncovered,absent,0,0
f43697251c9597055188,BHR,C5,scope,uncovered,absent,0,0
f43697251c9597055188,BHR,C5,condition,uncovered,absent,0,0
f43697251c9597055188,BHR,C5,exception,uncovered,absent,0,0
f43697251c9597055188,BHR,C5,temporal,uncovered,absent,0,0
f43697251c9597055188,BHR,C5,consequence,uncovered,absent,0,0
f43939a579fa1cfe7648,KWT,C5,addressee,uncovered,absent,0,0
f43939a579fa1cfe7648,KWT,C5,modality,uncovered,absent,0,0
f43939a579fa1cfe7648,KWT,C5,action,uncovered,absent,0,0
f43939a579fa1cfe7648,KWT,C5,scope,uncovered,absent,0,0
f43939a579fa1cfe7648,KWT,C5,condition,uncovered,absent,0,0
f43939a579fa1cfe7648,KWT,C5,exception,uncovered,absent,0,0
f43939a579fa1cfe7648,KWT,C5,temporal,uncovered,absent,0,0
f43939a579fa1cfe7648,KWT,C5,consequence,uncovered,absent,0,0
f44dd054b93a0f22d8d8,KWT,C5,addressee,uncovered,absent,0,0
f44dd054b93a0f22d8d8,KWT,C5,modality,uncovered,absent,0,0
f44dd054b93a0f22d8d8,KWT,C5,action,uncovered,absent,0,0
f44dd054b93a0f22d8d8,KWT,C5,scope,uncovered,absent,0,0
f44dd054b93a0f22d8d8,KWT,C5,condition,uncovered,absent,0,0
f44dd054b93a0f22d8d8,KWT,C5,exception,uncovered,absent,0,0
f44dd054b93a0f22d8d8,KWT,C5,temporal,uncovered,absent,0,0
f44dd054b93a0f22d8d8,KWT,C5,consequence,uncovered,absent,0,0
f4af319ca44b886fb53b,UAE,C5,addressee,uncovered,absent,0,0
f4af319ca44b886fb53b,UAE,C5,modality,uncovered,absent,0,0
f4af319ca44b886fb53b,UAE,C5,action,uncovered,absent,0,0
f4af319ca44b886fb53b,UAE,C5,scope,uncovered,absent,0,0
f4af319ca44b886fb53b,UAE,C5,condition,uncovered,absent,0,0
f4af319ca44b886fb53b,UAE,C5,exception,uncovered,absent,0,0
f4af319ca44b886fb53b,UAE,C5,temporal,uncovered,absent,0,0
f4af319ca44b886fb53b,UAE,C5,consequence,uncovered,absent,0,0
f52f486f80ff83a8442d,KSA,C5,addressee,uncovered,absent,0,0
f52f486f80ff83a8442d,KSA,C5,modality,uncovered,absent,0,0
f52f486f80ff83a8442d,KSA,C5,action,uncovered,absent,0,0
f52f486f80ff83a8442d,KSA,C5,scope,uncovered,absent,0,0
f52f486f80ff83a8442d,KSA,C5,condition,uncovered,absent,0,0
f52f486f80ff83a8442d,KSA,C5,exception,uncovered,absent,0,0
f52f486f80ff83a8442d,KSA,C5,temporal,uncovered,absent,0,0
f52f486f80ff83a8442d,KSA,C5,consequence,uncovered,absent,0,0
f5c9e546188a0d9c6581,KWT,C4,addressee,narrower,direct_textual,1,1
f5c9e546188a0d9c6581,KWT,C4,modality,covered,direct_textual,1,1
f5c9e546188a0d9c6581,KWT,C4,action,covered,distributed,1,1
f5c9e546188a0d9c6581,KWT,C4,scope,covered,direct_textual,1,1
f5c9e546188a0d9c6581,KWT,C4,condition,partial,direct_textual,1,1
f5c9e546188a0d9c6581,KWT,C4,exception,covered,absent,0,0
f5c9e546188a0d9c6581,KWT,C4,temporal,covered,absent,0,0
f5c9e546188a0d9c6581,KWT,C4,consequence,covered,absent,0,0
f5d30cd7dfadcfdf2e3c,KWT,C3,addressee,covered,direct_textual,1,1
f5d30cd7dfadcfdf2e3c,KWT,C3,modality,weaker_modality,distributed,1,1
f5d30cd7dfadcfdf2e3c,KWT,C3,action,partial,distributed,1,1
f5d30cd7dfadcfdf2e3c,KWT,C3,scope,narrower,direct_textual,1,1
f5d30cd7dfadcfdf2e3c,KWT,C3,condition,covered,direct_textual,1,1
f5d30cd7dfadcfdf2e3c,KWT,C3,exception,covered,absent,1,0
f5d30cd7dfadcfdf2e3c,KWT,C3,temporal,covered,absent,1,0
f5d30cd7dfadcfdf2e3c,KWT,C3,consequence,covered,absent,1,0
f63f18f57ce76dfa244f,BHR,C5,addressee,uncovered,absent,0,0
f63f18f57ce76dfa244f,BHR,C5,modality,uncovered,absent,0,0
f63f18f57ce76dfa244f,BHR,C5,action,uncovered,absent,0,0
f63f18f57ce76dfa244f,BHR,C5,scope,uncovered,absent,0,0
f63f18f57ce76dfa244f,BHR,C5,condition,uncovered,absent,0,0
f63f18f57ce76dfa244f,BHR,C5,exception,uncovered,absent,0,0
f63f18f57ce76dfa244f,BHR,C5,temporal,uncovered,absent,0,0
f63f18f57ce76dfa244f,BHR,C5,consequence,uncovered,absent,0,0
f78d10b701b79d01317b,KSA,C4,addressee,covered,direct_textual,0,1
f78d10b701b79d01317b,KSA,C4,modality,covered,direct_textual,0,1
f78d10b701b79d01317b,KSA,C4,action,partial,distributed,0,1
f78d10b701b79d01317b,KSA,C4,scope,broader,direct_textual,0,1
f78d10b701b79d01317b,KSA,C4,condition,covered,conceptual,0,1
f78d10b701b79d01317b,KSA,C4,exception,broader,direct_textual,0,1
f78d10b701b79d01317b,KSA,C4,temporal,covered,absent,0,0
f78d10b701b79d01317b,KSA,C4,consequence,broader,direct_textual,0,1
f7dea2cb6bad06f005e6,QAT,C2,addressee,covered,direct_textual,1,1
f7dea2cb6bad06f005e6,QAT,C2,modality,uncovered,absent,0,0
f7dea2cb6bad06f005e6,QAT,C2,action,uncovered,absent,0,0
f7dea2cb6bad06f005e6,QAT,C2,scope,uncovered,absent,0,0
f7dea2cb6bad06f005e6,QAT,C2,condition,covered,absent,0,0
f7dea2cb6bad06f005e6,QAT,C2,exception,covered,absent,0,0
f7dea2cb6bad06f005e6,QAT,C2,temporal,covered,absent,0,0
f7dea2cb6bad06f005e6,QAT,C2,consequence,covered,absent,0,0
f8618aadccf698f11e83,UAE,C5,addressee,uncovered,absent,0,0
f8618aadccf698f11e83,UAE,C5,modality,uncovered,absent,0,0
f8618aadccf698f11e83,UAE,C5,action,uncovered,absent,0,0
f8618aadccf698f11e83,UAE,C5,scope,uncovered,absent,0,0
f8618aadccf698f11e83,UAE,C5,condition,uncovered,absent,0,0
f8618aadccf698f11e83,UAE,C5,exception,uncovered,absent,0,0
f8618aadccf698f11e83,UAE,C5,temporal,uncovered,absent,0,0
f8618aadccf698f11e83,UAE,C5,consequence,uncovered,absent,0,0
f894fd2da39c31ad9bc2,BHR,C2,addressee,covered,direct_textual,0,1
f894fd2da39c31ad9bc2,BHR,C2,modality,covered,direct_textual,0,1
f894fd2da39c31ad9bc2,BHR,C2,action,covered,direct_textual,0,1
f894fd2da39c31ad9bc2,BHR,C2,scope,covered,direct_textual,0,1
f894fd2da39c31ad9bc2,BHR,C2,condition,partial,distributed,0,1
f894fd2da39c31ad9bc2,BHR,C2,exception,broader,direct_textual,0,1
f894fd2da39c31ad9bc2,BHR,C2,temporal,broader,direct_textual,0,1
f894fd2da39c31ad9bc2,BHR,C2,consequence,broader,direct_textual,0,1
f8fc8c628669339e2ccc,BHR,C2,addressee,uncovered,absent,0,0
f8fc8c628669339e2ccc,BHR,C2,modality,uncovered,absent,0,0
f8fc8c628669339e2ccc,BHR,C2,action,uncovered,absent,0,0
f8fc8c628669339e2ccc,BHR,C2,scope,uncovered,absent,0,0
f8fc8c628669339e2ccc,BHR,C2,condition,uncovered,absent,0,0
f8fc8c628669339e2ccc,BHR,C2,exception,covered,absent,0,0
f8fc8c628669339e2ccc,BHR,C2,temporal,covered,absent,0,0
f8fc8c628669339e2ccc,BHR,C2,consequence,covered,absent,0,0
f9322cb797cb95132f2c,BHR,C2,addressee,covered,direct_textual,1,1
f9322cb797cb95132f2c,BHR,C2,modality,broader,direct_textual,1,1
f9322cb797cb95132f2c,BHR,C2,action,covered,direct_textual,1,1
f9322cb797cb95132f2c,BHR,C2,scope,partial,distributed,1,1
f9322cb797cb95132f2c,BHR,C2,condition,narrower,direct_textual,1,1
f9322cb797cb95132f2c,BHR,C2,exception,covered,absent,0,0
f9322cb797cb95132f2c,BHR,C2,temporal,covered,absent,0,0
f9322cb797cb95132f2c,BHR,C2,consequence,covered,absent,1,0
f9c55603122a9d0d7d11,KSA,C2,addressee,covered,absent,0,0
f9c55603122a9d0d7d11,KSA,C2,modality,uncovered,direct_textual,0,1
f9c55603122a9d0d7d11,KSA,C2,action,uncovered,direct_textual,0,1
f9c55603122a9d0d7d11,KSA,C2,scope,uncovered,direct_textual,0,1
f9c55603122a9d0d7d11,KSA,C2,condition,partial,direct_textual,0,1
f9c55603122a9d0d7d11,KSA,C2,exception,uncovered,direct_textual,0,1
f9c55603122a9d0d7d11,KSA,C2,temporal,covered,absent,0,0
f9c55603122a9d0d7d11,KSA,C2,consequence,covered,absent,0,0
fa7817a91629d0907a61,KSA,C2,addressee,covered,direct_textual,0,1
fa7817a91629d0907a61,KSA,C2,modality,uncovered,absent,0,0
fa7817a91629d0907a61,KSA,C2,action,uncovered,absent,0,0
fa7817a91629d0907a61,KSA,C2,scope,uncovered,absent,0,0
fa7817a91629d0907a61,KSA,C2,condition,covered,absent,0,0
fa7817a91629d0907a61,KSA,C2,exception,covered,absent,0,0
fa7817a91629d0907a61,KSA,C2,temporal,covered,absent,0,0
fa7817a91629d0907a61,KSA,C2,consequence,covered,absent,0,0
faba6e977a6db5f5189a,OMN,C2,addressee,covered,direct_textual,1,1
faba6e977a6db5f5189a,OMN,C2,modality,covered,direct_textual,1,1
faba6e977a6db5f5189a,OMN,C2,action,partial,distributed,1,1
faba6e977a6db5f5189a,OMN,C2,scope,covered,absent,0,0
faba6e977a6db5f5189a,OMN,C2,condition,uncovered,absent,0,0
faba6e977a6db5f5189a,OMN,C2,exception,uncovered,absent,0,0
faba6e977a6db5f5189a,OMN,C2,temporal,partial,direct_textual,1,1
faba6e977a6db5f5189a,OMN,C2,consequence,covered,absent,0,0
fae9d9f9bd141f94920d,OMN,C5,addressee,uncovered,absent,0,0
fae9d9f9bd141f94920d,OMN,C5,modality,uncovered,absent,0,0
fae9d9f9bd141f94920d,OMN,C5,action,uncovered,absent,0,0
fae9d9f9bd141f94920d,OMN,C5,scope,uncovered,absent,0,0
fae9d9f9bd141f94920d,OMN,C5,condition,uncovered,absent,0,0
fae9d9f9bd141f94920d,OMN,C5,exception,uncovered,absent,0,0
fae9d9f9bd141f94920d,OMN,C5,temporal,uncovered,absent,0,0
fae9d9f9bd141f94920d,OMN,C5,consequence,uncovered,absent,0,0
fb2be04fb6e80adb2f38,KSA,C5,addressee,uncovered,direct_textual,1,1
fb2be04fb6e80adb2f38,KSA,C5,modality,uncovered,direct_textual,1,1
fb2be04fb6e80adb2f38,KSA,C5,action,uncovered,direct_textual,1,1
fb2be04fb6e80adb2f38,KSA,C5,scope,uncovered,absent,1,1
fb2be04fb6e80adb2f38,KSA,C5,condition,uncovered,absent,0,0
fb2be04fb6e80adb2f38,KSA,C5,exception,uncovered,absent,0,0
fb2be04fb6e80adb2f38,KSA,C5,temporal,uncovered,direct_textual,1,1
fb2be04fb6e80adb2f38,KSA,C5,consequence,uncovered,absent,0,0
fbcc89184bb3e47e220c,KWT,C5,addressee,uncovered,absent,0,0
fbcc89184bb3e47e220c,KWT,C5,modality,uncovered,absent,0,0
fbcc89184bb3e47e220c,KWT,C5,action,uncovered,absent,0,0
fbcc89184bb3e47e220c,KWT,C5,scope,uncovered,absent,0,0
fbcc89184bb3e47e220c,KWT,C5,condition,uncovered,absent,0,0
fbcc89184bb3e47e220c,KWT,C5,exception,uncovered,absent,0,0
fbcc89184bb3e47e220c,KWT,C5,temporal,uncovered,absent,0,0
fbcc89184bb3e47e220c,KWT,C5,consequence,uncovered,absent,0,0
fc67c5338532446214a8,UAE,C2,addressee,covered,direct_textual,0,1
fc67c5338532446214a8,UAE,C2,modality,uncovered,absent,0,0
fc67c5338532446214a8,UAE,C2,action,uncovered,absent,0,0
fc67c5338532446214a8,UAE,C2,scope,covered,direct_textual,0,1
fc67c5338532446214a8,UAE,C2,condition,uncovered,absent,0,0
fc67c5338532446214a8,UAE,C2,exception,covered,absent,0,0
fc67c5338532446214a8,UAE,C2,temporal,covered,absent,0,0
fc67c5338532446214a8,UAE,C2,consequence,covered,absent,0,0
fc92919cb4e2a1d118b2,QAT,C2,addressee,covered,direct_textual,1,1
fc92919cb4e2a1d118b2,QAT,C2,modality,uncovered,absent,0,0
fc92919cb4e2a1d118b2,QAT,C2,action,uncovered,absent,0,0
fc92919cb4e2a1d118b2,QAT,C2,scope,uncovered,absent,0,0
fc92919cb4e2a1d118b2,QAT,C2,condition,uncovered,absent,0,0
fc92919cb4e2a1d118b2,QAT,C2,exception,covered,absent,0,0
fc92919cb4e2a1d118b2,QAT,C2,temporal,covered,absent,0,0
fc92919cb4e2a1d118b2,QAT,C2,consequence,covered,absent,0,0
fc9bc5a70cca4545b06d,BHR,C2,addressee,covered,direct_textual,1,1
fc9bc5a70cca4545b06d,BHR,C2,modality,covered,direct_textual,1,1
fc9bc5a70cca4545b06d,BHR,C2,action,uncovered,absent,0,0
fc9bc5a70cca4545b06d,BHR,C2,scope,uncovered,absent,0,0
fc9bc5a70cca4545b06d,BHR,C2,condition,uncovered,absent,0,0
fc9bc5a70cca4545b06d,BHR,C2,exception,covered,absent,0,0
fc9bc5a70cca4545b06d,BHR,C2,temporal,covered,absent,0,0
fc9bc5a70cca4545b06d,BHR,C2,consequence,covered,absent,0,0
fca2c1f6b63c80873ab7,OMN,C2,addressee,covered,conceptual,1,1
fca2c1f6b63c80873ab7,OMN,C2,modality,uncovered,absent,0,0
fca2c1f6b63c80873ab7,OMN,C2,action,uncovered,absent,0,0
fca2c1f6b63c80873ab7,OMN,C2,scope,covered,absent,0,0
fca2c1f6b63c80873ab7,OMN,C2,condition,covered,direct_textual,1,1
fca2c1f6b63c80873ab7,OMN,C2,exception,covered,absent,0,0
fca2c1f6b63c80873ab7,OMN,C2,temporal,covered,absent,0,0
fca2c1f6b63c80873ab7,OMN,C2,consequence,covered,absent,0,0
fcbfe65824b9b0f21e5e,BHR,C4,addressee,covered,direct_textual,1,1
fcbfe65824b9b0f21e5e,BHR,C4,modality,covered,direct_textual,1,1
fcbfe65824b9b0f21e5e,BHR,C4,action,partial,distributed,1,1
fcbfe65824b9b0f21e5e,BHR,C4,scope,narrower,direct_textual,1,1
fcbfe65824b9b0f21e5e,BHR,C4,condition,narrower,direct_textual,1,1
fcbfe65824b9b0f21e5e,BHR,C4,exception,narrower,direct_textual,1,1
fcbfe65824b9b0f21e5e,BHR,C4,temporal,covered,absent,0,0
fcbfe65824b9b0f21e5e,BHR,C4,consequence,covered,absent,0,0
fd00f75e5d22b296d25c,OMN,C1,addressee,covered,direct_textual,0,1
fd00f75e5d22b296d25c,OMN,C1,modality,covered,direct_textual,0,1
fd00f75e5d22b296d25c,OMN,C1,action,covered,direct_textual,0,1
fd00f75e5d22b296d25c,OMN,C1,scope,covered,direct_textual,0,1
fd00f75e5d22b296d25c,OMN,C1,condition,broader,direct_textual,0,1
fd00f75e5d22b296d25c,OMN,C1,exception,covered,absent,0,0
fd00f75e5d22b296d25c,OMN,C1,temporal,broader,direct_textual,0,1
fd00f75e5d22b296d25c,OMN,C1,consequence,covered,absent,0,0
fd1523ceb766ee49d652,KSA,C2,addressee,covered,direct_textual,0,1
fd1523ceb766ee49d652,KSA,C2,modality,covered,direct_textual,0,1
fd1523ceb766ee49d652,KSA,C2,action,covered,direct_textual,0,1
fd1523ceb766ee49d652,KSA,C2,scope,covered,absent,0,0
fd1523ceb766ee49d652,KSA,C2,condition,partial,distributed,0,1
fd1523ceb766ee49d652,KSA,C2,exception,broader,absent,0,0
fd1523ceb766ee49d652,KSA,C2,temporal,covered,absent,0,0
fd1523ceb766ee49d652,KSA,C2,consequence,covered,absent,0,0
fd96eaa96eb92d70fe4f,UAE,C1,addressee,covered,direct_textual,1,1
fd96eaa96eb92d70fe4f,UAE,C1,modality,covered,direct_textual,1,1
fd96eaa96eb92d70fe4f,UAE,C1,action,covered,direct_textual,1,1
fd96eaa96eb92d70fe4f,UAE,C1,scope,covered,distributed,1,1
fd96eaa96eb92d70fe4f,UAE,C1,condition,covered,conceptual,1,1
fd96eaa96eb92d70fe4f,UAE,C1,exception,covered,absent,1,0
fd96eaa96eb92d70fe4f,UAE,C1,temporal,covered,direct_textual,1,1
fd96eaa96eb92d70fe4f,UAE,C1,consequence,covered,absent,1,0
fd9dd738c2f61d1e12cd,OMN,C3,addressee,partial,conceptual,0,1
fd9dd738c2f61d1e12cd,OMN,C3,modality,weaker_modality,direct_textual,0,1
fd9dd738c2f61d1e12cd,OMN,C3,action,partial,direct_textual,0,1
fd9dd738c2f61d1e12cd,OMN,C3,scope,partial,distributed,0,1
fd9dd738c2f61d1e12cd,OMN,C3,condition,uncovered,absent,0,0
fd9dd738c2f61d1e12cd,OMN,C3,exception,covered,absent,0,0
fd9dd738c2f61d1e12cd,OMN,C3,temporal,covered,absent,0,0
fd9dd738c2f61d1e12cd,OMN,C3,consequence,covered,absent,0,0
fe50cbb613d7b3e22312,OMN,C1,addressee,covered,direct_textual,1,1
fe50cbb613d7b3e22312,OMN,C1,modality,covered,direct_textual,1,1
fe50cbb613d7b3e22312,OMN,C1,action,weaker_modality,conceptual,1,1
fe50cbb613d7b3e22312,OMN,C1,scope,covered,direct_textual,1,1
fe50cbb613d7b3e22312,OMN,C1,condition,broader,conceptual,1,1
fe50cbb613d7b3e22312,OMN,C1,exception,narrower,direct_textual,1,1
fe50cbb613d7b3e22312,OMN,C1,temporal,covered,absent,1,0
fe50cbb613d7b3e22312,OMN,C1,consequence,covered,absent,1,0
fe9496e8e37efef0245a,QAT,C2,addressee,uncovered,absent,0,0
fe9496e8e37efef0245a,QAT,C2,modality,uncovered,absent,0,0
fe9496e8e37efef0245a,QAT,C2,action,uncovered,absent,0,0
fe9496e8e37efef0245a,QAT,C2,scope,uncovered,absent,0,0
fe9496e8e37efef0245a,QAT,C2,condition,uncovered,absent,0,0
fe9496e8e37efef0245a,QAT,C2,exception,covered,absent,0,0
fe9496e8e37efef0245a,QAT,C2,temporal,covered,absent,0,0
fe9496e8e37efef0245a,QAT,C2,consequence,covered,absent,0,0
feb41954d5404edbfa2f,QAT,C2,addressee,covered,conceptual,0,1
feb41954d5404edbfa2f,QAT,C2,modality,uncovered,absent,0,0
feb41954d5404edbfa2f,QAT,C2,action,uncovered,absent,0,0
feb41954d5404edbfa2f,QAT,C2,scope,uncovered,absent,0,0
feb41954d5404edbfa2f,QAT,C2,condition,covered,absent,0,0
feb41954d5404edbfa2f,QAT,C2,exception,covered,absent,0,0
feb41954d5404edbfa2f,QAT,C2,temporal,covered,absent,0,0
feb41954d5404edbfa2f,QAT,C2,consequence,covered,absent,0,0
feb83afd8e6a68959f52,KWT,C5,addressee,uncovered,absent,0,0
feb83afd8e6a68959f52,KWT,C5,modality,uncovered,absent,0,0
feb83afd8e6a68959f52,KWT,C5,action,uncovered,absent,0,0
feb83afd8e6a68959f52,KWT,C5,scope,uncovered,absent,0,0
feb83afd8e6a68959f52,KWT,C5,condition,uncovered,absent,0,0
feb83afd8e6a68959f52,KWT,C5,exception,uncovered,absent,0,0
feb83afd8e6a68959f52,KWT,C5,temporal,uncovered,absent,0,0
feb83afd8e6a68959f52,KWT,C5,consequence,uncovered,absent,0,0
fed08d29c0fed207f922,QAT,C2,addressee,covered,conceptual,0,1
fed08d29c0fed207f922,QAT,C2,modality,covered,direct_textual,0,1
fed08d29c0fed207f922,QAT,C2,action,covered,direct_textual,0,1
fed08d29c0fed207f922,QAT,C2,scope,covered,conceptual,0,1
fed08d29c0fed207f922,QAT,C2,condition,broader,absent,0,0
fed08d29c0fed207f922,QAT,C2,exception,uncovered,absent,0,0
fed08d29c0fed207f922,QAT,C2,temporal,covered,absent,0,0
fed08d29c0fed207f922,QAT,C2,consequence,covered,absent,0,0
feda467203e03b371ab0,UAE,C2,addressee,covered,direct_textual,0,1
feda467203e03b371ab0,UAE,C2,modality,uncovered,absent,0,0
feda467203e03b371ab0,UAE,C2,action,uncovered,absent,0,0
feda467203e03b371ab0,UAE,C2,scope,uncovered,absent,0,0
feda467203e03b371ab0,UAE,C2,condition,covered,absent,0,0
feda467203e03b371ab0,UAE,C2,exception,covered,absent,0,0
feda467203e03b371ab0,UAE,C2,temporal,uncovered,absent,0,0
feda467203e03b371ab0,UAE,C2,consequence,covered,absent,0,0
ff02715a1a772b8032b8,KWT,C5,addressee,uncovered,absent,0,0
ff02715a1a772b8032b8,KWT,C5,modality,uncovered,absent,0,0
ff02715a1a772b8032b8,KWT,C5,action,uncovered,absent,0,0
ff02715a1a772b8032b8,KWT,C5,scope,uncovered,absent,0,0
ff02715a1a772b8032b8,KWT,C5,condition,uncovered,absent,0,0
ff02715a1a772b8032b8,KWT,C5,exception,uncovered,absent,0,0
ff02715a1a772b8032b8,KWT,C5,temporal,uncovered,absent,0,0
ff02715a1a772b8032b8,KWT,C5,consequence,uncovered,absent,0,0
ff94cfa4a6d7c46906bb,KSA,C5,addressee,uncovered,absent,0,0
ff94cfa4a6d7c46906bb,KSA,C5,modality,uncovered,absent,0,0
ff94cfa4a6d7c46906bb,KSA,C5,action,uncovered,absent,0,0
ff94cfa4a6d7c46906bb,KSA,C5,scope,uncovered,absent,0,0
ff94cfa4a6d7c46906bb,KSA,C5,condition,uncovered,absent,0,0
ff94cfa4a6d7c46906bb,KSA,C5,exception,uncovered,absent,0,0
ff94cfa4a6d7c46906bb,KSA,C5,temporal,uncovered,absent,0,0
ff94cfa4a6d7c46906bb,KSA,C5,consequence,uncovered,absent,0,0
ffe5d3b69ea0ba2fb134,KWT,C5,addressee,uncovered,absent,0,0
ffe5d3b69ea0ba2fb134,KWT,C5,modality,uncovered,absent,0,0
ffe5d3b69ea0ba2fb134,KWT,C5,action,uncovered,absent,0,0
ffe5d3b69ea0ba2fb134,KWT,C5,scope,uncovered,absent,0,0
ffe5d3b69ea0ba2fb134,KWT,C5,condition,uncovered,absent,0,0
ffe5d3b69ea0ba2fb134,KWT,C5,exception,uncovered,absent,0,0
ffe5d3b69ea0ba2fb134,KWT,C5,temporal,covered,absent,0,0
ffe5d3b69ea0ba2fb134,KWT,C5,consequence,covered,absent,0,0
